id,content,direction,timestamp,wa_message_id,tenant_id,contact_id,owner_id
92b40966-250d-44b6-b0a4-2cbed551039b,Hi,INCOMING,2026-05-19 22:14:06,wamid.HBgMOTE5OTA1OTQxNzI4FQIAEhggQUM0QjdDMjhFQ0I3ODdDNTQxODI1RTUyRTM0NUUzNTAA,9431bdc0-7a42-4f5e-a86a-fc2b174f08bf,705ebb7f-2697-4d69-9872-c863f714d164,f2743829-9058-4a1e-aaf0-1a536e6508b9
a6bd3b58-a53e-4fad-99cf-4aa6c9b6b5bb,Hi,INCOMING,2026-05-19 22:36:48,wamid.HBgMOTE5OTA1OTQxNzI4FQIAEhggQUM5ODFBMTlEQjI4ODExQjBDMTE1OENGODE4Q0JEMjEA,9431bdc0-7a42-4f5e-a86a-fc2b174f08bf,705ebb7f-2697-4d69-9872-c863f714d164,f2743829-9058-4a1e-aaf0-1a536e6508b9
476a4317-ea18-4a99-9489-666e93bcf918,hi,INCOMING,2026-05-19 23:03:07,wamid.HBgMOTE5OTA1OTQxNzI4FQIAEhgWM0VCMDlFRjczNzM1MEY3MTRBNUE5RgA=,9431bdc0-7a42-4f5e-a86a-fc2b174f08bf,705ebb7f-2697-4d69-9872-c863f714d164,f2743829-9058-4a1e-aaf0-1a536e6508b9
f260355c-bc8a-449f-ba3d-c3e28bc6835b,hi,INCOMING,2026-05-19 23:05:40,wamid.HBgMOTE5OTA1OTQxNzI4FQIAEhgWM0VCMDQxREE4RDhFNDM5N0RDRjlEOAA=,9431bdc0-7a42-4f5e-a86a-fc2b174f08bf,705ebb7f-2697-4d69-9872-c863f714d164,f2743829-9058-4a1e-aaf0-1a536e6508b9
4c508523-4021-4067-92d3-fa3be1711300,≡ƒÆ╗ Start Project,INCOMING,2026-05-19 23:05:50,wamid.HBgMOTE5OTA1OTQxNzI4FQIAEhgWM0VCMDdDNEY4OThDQzc4NjczMUJERAA=,9431bdc0-7a42-4f5e-a86a-fc2b174f08bf,705ebb7f-2697-4d69-9872-c863f714d164,f2743829-9058-4a1e-aaf0-1a536e6508b9
16cfe34d-54ee-4bd6-9beb-e1e2be97ae7e,hi,INCOMING,2026-05-20 07:51:15,wamid.HBgMOTE5OTA1OTQxNzI4FQIAEhgWM0VCMERBQ0JCMDc2NDI5QjQ5MTQ3NwA=,9431bdc0-7a42-4f5e-a86a-fc2b174f08bf,705ebb7f-2697-4d69-9872-c863f714d164,f2743829-9058-4a1e-aaf0-1a536e6508b9
18ace014-00a0-48fe-8153-0a0332e68d7a,hi,INCOMING,2026-05-20 07:51:51,wamid.HBgMOTE5OTA1OTQxNzI4FQIAEhgWM0VCMEI0M0M2N0ZCRDRCODBBMjA0QgA=,9431bdc0-7a42-4f5e-a86a-fc2b174f08bf,705ebb7f-2697-4d69-9872-c863f714d164,f2743829-9058-4a1e-aaf0-1a536e6508b9
85383b3c-701f-456a-87da-a175532d8e1c,≡ƒÆ╗ Start Project,INCOMING,2026-05-20 07:52:01,wamid.HBgMOTE5OTA1OTQxNzI4FQIAEhgWM0VCMDc1NzQ0MDdFMkU1NkYxRTdGOQA=,9431bdc0-7a42-4f5e-a86a-fc2b174f08bf,705ebb7f-2697-4d69-9872-c863f714d164,f2743829-9058-4a1e-aaf0-1a536e6508b9
0a080dde-b06a-4c17-9ef5-c6f59cc9235f,Branding / Logo,INCOMING,2026-05-20 07:52:12,wamid.HBgMOTE5OTA1OTQxNzI4FQIAEhgWM0VCMEIxOUYyMTMyQTcyNzNDQjZENAA=,9431bdc0-7a42-4f5e-a86a-fc2b174f08bf,705ebb7f-2697-4d69-9872-c863f714d164,f2743829-9058-4a1e-aaf0-1a536e6508b9
3a8384e5-731c-47de-8d26-48ec37835faa,≡ƒÆ╗ Start Project,INCOMING,2026-05-20 07:52:24,wamid.HBgMOTE5OTA1OTQxNzI4FQIAEhgWM0VCMDJFNThDQjdBNUZDMjUxQjYyQgA=,9431bdc0-7a42-4f5e-a86a-fc2b174f08bf,705ebb7f-2697-4d69-9872-c863f714d164,f2743829-9058-4a1e-aaf0-1a536e6508b9
c00559dd-77d7-4ffb-9275-834b92832ca0,Social Media,INCOMING,2026-05-20 07:52:33,wamid.HBgMOTE5OTA1OTQxNzI4FQIAEhgWM0VCMDZCNEYyMDI5QTMxNEI4NUU4MQA=,9431bdc0-7a42-4f5e-a86a-fc2b174f08bf,705ebb7f-2697-4d69-9872-c863f714d164,f2743829-9058-4a1e-aaf0-1a536e6508b9
e4623be5-9d6a-4f2c-a642-e475dd1bc0c7,hi,INCOMING,2026-05-20 07:59:39,wamid.HBgMOTE5OTA1OTQxNzI4FQIAEhgWM0VCMDQyNkNDMTM3RjFGMEE0REM1NQA=,9431bdc0-7a42-4f5e-a86a-fc2b174f08bf,705ebb7f-2697-4d69-9872-c863f714d164,f2743829-9058-4a1e-aaf0-1a536e6508b9
b6d9e402-d257-4717-8fb2-06d90cc55239,≡ƒÆ╗ Start Project,INCOMING,2026-05-20 07:59:49,wamid.HBgMOTE5OTA1OTQxNzI4FQIAEhgWM0VCMEMxMDM3NDRFNURCOEIxMTZFNQA=,9431bdc0-7a42-4f5e-a86a-fc2b174f08bf,705ebb7f-2697-4d69-9872-c863f714d164,f2743829-9058-4a1e-aaf0-1a536e6508b9
edd7ba44-f030-42b6-97a2-057146f300e9,xyz,INCOMING,2026-05-20 07:59:58,wamid.HBgMOTE5OTA1OTQxNzI4FQIAEhgWM0VCMEQxRDg0MkU0ODVDQjIxNzk0RgA=,9431bdc0-7a42-4f5e-a86a-fc2b174f08bf,705ebb7f-2697-4d69-9872-c863f714d164,f2743829-9058-4a1e-aaf0-1a536e6508b9
405d4e3e-ad74-4e75-804e-22e381a3256f,Hi,INCOMING,2026-05-20 22:28:08,wamid.HBgMOTE3MDUwMDQ3MTU5FQIAEhggQUNGMjJGNEJBMTk2QkRCRjc1NTUxOEFDMEIwODBCOTMA,9431bdc0-7a42-4f5e-a86a-fc2b174f08bf,6c77c2c8-de8c-477c-b5e3-cdab13a925c6,f2743829-9058-4a1e-aaf0-1a536e6508b9
fc04745c-a41a-4888-9eb1-8272161e4e9c,≡ƒÆ╗ Start Project,INCOMING,2026-05-20 22:28:18,wamid.HBgMOTE3MDUwMDQ3MTU5FQIAEhggQUM5ODNERUQyQURDRTdCMTZERTJCRTI1MjdFM0M4NUQA,9431bdc0-7a42-4f5e-a86a-fc2b174f08bf,6c77c2c8-de8c-477c-b5e3-cdab13a925c6,f2743829-9058-4a1e-aaf0-1a536e6508b9
1c320974-99c4-4e41-b049-7ad83075e6b5,xyz,INCOMING,2026-05-20 22:28:24,wamid.HBgMOTE3MDUwMDQ3MTU5FQIAEhggQUM2RTFGRkQ3NTdBQjI0QTJCMEExNTUyMkNBQzVFQUMA,9431bdc0-7a42-4f5e-a86a-fc2b174f08bf,6c77c2c8-de8c-477c-b5e3-cdab13a925c6,f2743829-9058-4a1e-aaf0-1a536e6508b9
53fa5124-214c-4c17-ad9f-4ab06793833b,Hi,INCOMING,2026-05-20 22:42:29,wamid.HBgMOTE3MDUwMDQ3MTU5FQIAEhggQUM4MDlGNDlCRDZERTkzNTEzQTcxM0ExMEVGQzE4Q0IA,9431bdc0-7a42-4f5e-a86a-fc2b174f08bf,6c77c2c8-de8c-477c-b5e3-cdab13a925c6,f2743829-9058-4a1e-aaf0-1a536e6508b9
1df3be04-0b13-44a5-ae05-e6c0f5a8ef78,≡ƒÆ╗ Start Project,INCOMING,2026-05-20 22:42:35,wamid.HBgMOTE3MDUwMDQ3MTU5FQIAEhggQUM3Qjg5RTFFNkU3MThGRjNEMkZENEFDRjZCMUJGQTQA,9431bdc0-7a42-4f5e-a86a-fc2b174f08bf,6c77c2c8-de8c-477c-b5e3-cdab13a925c6,f2743829-9058-4a1e-aaf0-1a536e6508b9
f5773301-528d-4239-a67c-0e03979a3516,xyz,INCOMING,2026-05-20 22:42:40,wamid.HBgMOTE3MDUwMDQ3MTU5FQIAEhggQUNEMEE4Nzc1NkQ3OTNEMjEyNTY1QkQxOUY3RTlCRDgA,9431bdc0-7a42-4f5e-a86a-fc2b174f08bf,6c77c2c8-de8c-477c-b5e3-cdab13a925c6,f2743829-9058-4a1e-aaf0-1a536e6508b9
9ace6753-d3e0-4eb8-bbd1-d91fbc692797,≡ƒÆ╗ Start Project,INCOMING,2026-05-20 22:50:59,wamid.HBgMOTE3MDUwMDQ3MTU5FQIAEhggQUM0OTFCNjhENzg4Qjk4N0Y3MTc5MEY3MTBGMUU0NkQA,9431bdc0-7a42-4f5e-a86a-fc2b174f08bf,6c77c2c8-de8c-477c-b5e3-cdab13a925c6,f2743829-9058-4a1e-aaf0-1a536e6508b9
67bdbcb5-a2dc-4c3d-9da5-f4035ecd6af6,xyz,INCOMING,2026-05-20 22:51:10,wamid.HBgMOTE3MDUwMDQ3MTU5FQIAEhggQUNBOEE2QUU3RTExQTk0MTQ5RkJENDAzREZEMDg0RUEA,9431bdc0-7a42-4f5e-a86a-fc2b174f08bf,6c77c2c8-de8c-477c-b5e3-cdab13a925c6,f2743829-9058-4a1e-aaf0-1a536e6508b9
da69609c-fa7d-4702-8cfc-e577d5e06149,Hi,INCOMING,2026-05-20 22:57:04,wamid.HBgMOTE3MDUwMDQ3MTU5FQIAEhggQUNDNkJEMTYyQjIyRDVDQ0ZDMjc2Mjg4ODBCQTI2NzAA,9431bdc0-7a42-4f5e-a86a-fc2b174f08bf,6c77c2c8-de8c-477c-b5e3-cdab13a925c6,f2743829-9058-4a1e-aaf0-1a536e6508b9
4171467e-491f-42fd-b991-4d170714dc55,≡ƒÆ╗ Start Project,INCOMING,2026-05-20 22:57:35,wamid.HBgMOTE3MDUwMDQ3MTU5FQIAEhggQUMxNjAxMTYxRTEwMjY0QkFGMTdEQjcwRjk4MjUyODkA,9431bdc0-7a42-4f5e-a86a-fc2b174f08bf,6c77c2c8-de8c-477c-b5e3-cdab13a925c6,f2743829-9058-4a1e-aaf0-1a536e6508b9
92038163-c2d6-4afe-af92-c9e3157ecd75,xyz,INCOMING,2026-05-20 22:57:42,wamid.HBgMOTE3MDUwMDQ3MTU5FQIAEhggQUMzNDc0NEExM0EwM0FGN0ZBOUMyQzhCM0FFQzlCNzAA,9431bdc0-7a42-4f5e-a86a-fc2b174f08bf,6c77c2c8-de8c-477c-b5e3-cdab13a925c6,f2743829-9058-4a1e-aaf0-1a536e6508b9
5eb40564-13e0-4aaf-9172-c6eccbe7d6e9,Yes,INCOMING,2026-05-20 22:59:41,wamid.HBgMOTE3MDUwMDQ3MTU5FQIAEhggQUM5RDJBQUIyNkZEODQ4RjkwRTI0NTYwMjc3RjJCNzMA,9431bdc0-7a42-4f5e-a86a-fc2b174f08bf,6c77c2c8-de8c-477c-b5e3-cdab13a925c6,f2743829-9058-4a1e-aaf0-1a536e6508b9
c1aebee5-ec36-41ff-960d-7ea4bb9193df,Γé╣10K ΓÇô Γé╣50K,INCOMING,2026-05-20 22:59:49,wamid.HBgMOTE3MDUwMDQ3MTU5FQIAEhggQUMyRDc3MDlEQzBDNDMyOUFGOTgyRERFMTc0RDI3MDQA,9431bdc0-7a42-4f5e-a86a-fc2b174f08bf,6c77c2c8-de8c-477c-b5e3-cdab13a925c6,f2743829-9058-4a1e-aaf0-1a536e6508b9
1970f859-0496-48b6-b748-76417c9478c0,2ΓÇô4 weeks,INCOMING,2026-05-20 22:59:58,wamid.HBgMOTE3MDUwMDQ3MTU5FQIAEhggQUM3OURFNEQ2M0FGRkVBQzk1MkRGOUQ4MzVBNTlFN0MA,9431bdc0-7a42-4f5e-a86a-fc2b174f08bf,6c77c2c8-de8c-477c-b5e3-cdab13a925c6,f2743829-9058-4a1e-aaf0-1a536e6508b9
bb816d25-1ca4-4b1e-89ed-794a96c1bb7d,Hkbharti77@gmail.com,INCOMING,2026-05-20 23:00:07,wamid.HBgMOTE3MDUwMDQ3MTU5FQIAEhggQUM0MzlBOEM1RUIxODgzRUEyNjlGQTdCNkJFMkE3QkIA,9431bdc0-7a42-4f5e-a86a-fc2b174f08bf,6c77c2c8-de8c-477c-b5e3-cdab13a925c6,f2743829-9058-4a1e-aaf0-1a536e6508b9
cb70c031-e192-4742-b2d1-1dfffc5038ef,Hi,INCOMING,2026-05-20 23:06:04,wamid.HBgMOTE3MDUwMDQ3MTU5FQIAEhggQUNGMDUzQTdDQjk2N0Q4QTkzQzUwNjlCNzE1MzE4RjMA,9431bdc0-7a42-4f5e-a86a-fc2b174f08bf,6c77c2c8-de8c-477c-b5e3-cdab13a925c6,f2743829-9058-4a1e-aaf0-1a536e6508b9
16bdbe77-9334-44c4-9ddd-b2d280eae97c,≡ƒÆ╗ Start Project,INCOMING,2026-05-20 23:06:11,wamid.HBgMOTE3MDUwMDQ3MTU5FQIAEhggQUM5RjQzOTExNDU5NjZENkQzOTcxNDEwOUEyNERDNkQA,9431bdc0-7a42-4f5e-a86a-fc2b174f08bf,6c77c2c8-de8c-477c-b5e3-cdab13a925c6,f2743829-9058-4a1e-aaf0-1a536e6508b9
6b9e29b9-287c-41f9-b2cd-90e0b638a3e9,xyz,INCOMING,2026-05-20 23:06:17,wamid.HBgMOTE3MDUwMDQ3MTU5FQIAEhggQUMyQzY5NUQxQjBCNjRFMzVDRTNCNzkyRTFENzMzNEEA,9431bdc0-7a42-4f5e-a86a-fc2b174f08bf,6c77c2c8-de8c-477c-b5e3-cdab13a925c6,f2743829-9058-4a1e-aaf0-1a536e6508b9
bd3a284f-5519-4ea5-bd0f-6015584fc5fb,"Yes, have guidelines",INCOMING,2026-05-20 23:06:24,wamid.HBgMOTE3MDUwMDQ3MTU5FQIAEhggQUM0NUYyQjBEMDRGMDY1MzI3NUVFQjVDNkNCNTAxMzAA,9431bdc0-7a42-4f5e-a86a-fc2b174f08bf,6c77c2c8-de8c-477c-b5e3-cdab13a925c6,f2743829-9058-4a1e-aaf0-1a536e6508b9
e169cb22-c868-4d9e-a849-f873afed1046,"Under Γé╣10,000",INCOMING,2026-05-20 23:06:29,wamid.HBgMOTE3MDUwMDQ3MTU5FQIAEhggQUNEMDExNkYxQUIzNkI3NDRCOTBCNTg4NjM3RDlDM0QA,9431bdc0-7a42-4f5e-a86a-fc2b174f08bf,6c77c2c8-de8c-477c-b5e3-cdab13a925c6,f2743829-9058-4a1e-aaf0-1a536e6508b9
3ffb8506-4034-4107-a3c7-038fc13317b8,2ΓÇô4 weeks,INCOMING,2026-05-20 23:06:36,wamid.HBgMOTE3MDUwMDQ3MTU5FQIAEhggQUM5RUUzNEQwNjNCMEVBRDcyNTU3ODhFQ0JDMjIxNDkA,9431bdc0-7a42-4f5e-a86a-fc2b174f08bf,6c77c2c8-de8c-477c-b5e3-cdab13a925c6,f2743829-9058-4a1e-aaf0-1a536e6508b9
472cec5e-c237-4db4-b357-a4752c6aa5c2,Hkbharti77@gmail.com,INCOMING,2026-05-20 23:06:42,wamid.HBgMOTE3MDUwMDQ3MTU5FQIAEhggQUNENTgzRDgwREZCQ0JGQkM5RDdDN0FEQjRCNDUyMTcA,9431bdc0-7a42-4f5e-a86a-fc2b174f08bf,6c77c2c8-de8c-477c-b5e3-cdab13a925c6,f2743829-9058-4a1e-aaf0-1a536e6508b9
e4ac3aec-4fe2-481c-852c-597618d9160b,hi,INCOMING,2026-05-20 23:59:25,wamid.HBgMOTE5OTA1OTQxNzI4FQIAEhgWM0VCMDFGRUE2MEU2OEMzQUYyRTgyMAA=,9431bdc0-7a42-4f5e-a86a-fc2b174f08bf,705ebb7f-2697-4d69-9872-c863f714d164,f2743829-9058-4a1e-aaf0-1a536e6508b9
f3ab36f8-6a9f-4e97-a419-76f4561308c1,≡ƒÆ╗ Start Project,INCOMING,2026-05-21 00:00:01,wamid.HBgMOTE5OTA1OTQxNzI4FQIAEhgWM0VCMEMyQTdEOTE4ODNDQ0QxMjYyOQA=,9431bdc0-7a42-4f5e-a86a-fc2b174f08bf,705ebb7f-2697-4d69-9872-c863f714d164,f2743829-9058-4a1e-aaf0-1a536e6508b9
2092e27b-3dfb-4aa2-a5a7-71b6ada6f44d,xyz,INCOMING,2026-05-21 00:00:11,wamid.HBgMOTE5OTA1OTQxNzI4FQIAEhgWM0VCMDIyNjkxQzkzMzY3OEI5NjREOQA=,9431bdc0-7a42-4f5e-a86a-fc2b174f08bf,705ebb7f-2697-4d69-9872-c863f714d164,f2743829-9058-4a1e-aaf0-1a536e6508b9
cefe46dd-edcb-455f-946d-e1a2188adbcc,"Yes, have guidelines",INCOMING,2026-05-21 00:00:16,wamid.HBgMOTE5OTA1OTQxNzI4FQIAEhgWM0VCMEI1NUU4NkM3ODdDRDgxNTY1RgA=,9431bdc0-7a42-4f5e-a86a-fc2b174f08bf,705ebb7f-2697-4d69-9872-c863f714d164,f2743829-9058-4a1e-aaf0-1a536e6508b9
4c0d1d64-d91c-4ecf-9c94-156059180dd3,Γé╣10K ΓÇô Γé╣50K,INCOMING,2026-05-21 00:00:25,wamid.HBgMOTE5OTA1OTQxNzI4FQIAEhgWM0VCMEVBRjk5ODQxQUM4MkNERDIxNAA=,9431bdc0-7a42-4f5e-a86a-fc2b174f08bf,705ebb7f-2697-4d69-9872-c863f714d164,f2743829-9058-4a1e-aaf0-1a536e6508b9
4961584d-66aa-4e8c-95d3-b6a3a5234856,2ΓÇô4 weeks,INCOMING,2026-05-21 00:00:33,wamid.HBgMOTE5OTA1OTQxNzI4FQIAEhgWM0VCMDE5QUFENjg4NUU1RjgyMjNBOAA=,9431bdc0-7a42-4f5e-a86a-fc2b174f08bf,705ebb7f-2697-4d69-9872-c863f714d164,f2743829-9058-4a1e-aaf0-1a536e6508b9
cec00cc4-cd1f-4377-91eb-28d1ac0abd34,hkbharti77@gmail.com,INCOMING,2026-05-21 00:00:46,wamid.HBgMOTE5OTA1OTQxNzI4FQIAEhgWM0VCMEQ1MDQ3M0YxQTNBNTBDNTY1MwA=,9431bdc0-7a42-4f5e-a86a-fc2b174f08bf,705ebb7f-2697-4d69-9872-c863f714d164,f2743829-9058-4a1e-aaf0-1a536e6508b9
bbbffa7c-ff81-4788-93cf-5788fed9abb8,hi,INCOMING,2026-05-21 00:03:59,wamid.HBgMOTE5OTA1OTQxNzI4FQIAEhgWM0VCMEEzRkI3MzdDMEY4RDk0NUIzMAA=,9431bdc0-7a42-4f5e-a86a-fc2b174f08bf,705ebb7f-2697-4d69-9872-c863f714d164,f2743829-9058-4a1e-aaf0-1a536e6508b9
c6d1fa20-cf3f-40c8-98d3-c7dcbef44d29,≡ƒÆ╗ Start Project,INCOMING,2026-05-21 00:04:11,wamid.HBgMOTE5OTA1OTQxNzI4FQIAEhgWM0VCMEE1RDI5N0QxMkI0ODVEMzcxMgA=,9431bdc0-7a42-4f5e-a86a-fc2b174f08bf,705ebb7f-2697-4d69-9872-c863f714d164,f2743829-9058-4a1e-aaf0-1a536e6508b9
08e2529c-1e39-40c6-bc22-d9bc21eb83d3,xyz,INCOMING,2026-05-21 00:04:21,wamid.HBgMOTE5OTA1OTQxNzI4FQIAEhgWM0VCMDEzQUUyOTQ0REVDNzBCNjhDNgA=,9431bdc0-7a42-4f5e-a86a-fc2b174f08bf,705ebb7f-2697-4d69-9872-c863f714d164,f2743829-9058-4a1e-aaf0-1a536e6508b9
0e19a913-7052-494b-b091-81c38654167c,"Yes, have guidelines",INCOMING,2026-05-21 00:04:29,wamid.HBgMOTE5OTA1OTQxNzI4FQIAEhgWM0VCMDBCRDRFODg5NDhGMjVFMjUyRgA=,9431bdc0-7a42-4f5e-a86a-fc2b174f08bf,705ebb7f-2697-4d69-9872-c863f714d164,f2743829-9058-4a1e-aaf0-1a536e6508b9
22aead78-1373-4f35-9148-04455e0dfec4,"Under Γé╣10,000",INCOMING,2026-05-21 00:04:38,wamid.HBgMOTE5OTA1OTQxNzI4FQIAEhgWM0VCMEJGMEJGREZEMEE1RkJDNEM3OQA=,9431bdc0-7a42-4f5e-a86a-fc2b174f08bf,705ebb7f-2697-4d69-9872-c863f714d164,f2743829-9058-4a1e-aaf0-1a536e6508b9
3805fb69-22f7-4211-b41c-367a355b1787,"Under Γé╣10,000",INCOMING,2026-05-21 00:04:47,wamid.HBgMOTE5OTA1OTQxNzI4FQIAEhgWM0VCMEIyMzg3MjI5ODI3NDdFRTcxMQA=,9431bdc0-7a42-4f5e-a86a-fc2b174f08bf,705ebb7f-2697-4d69-9872-c863f714d164,f2743829-9058-4a1e-aaf0-1a536e6508b9
e19a953b-0b7a-45fa-a278-ac6601de2755,2ΓÇô4 weeks,INCOMING,2026-05-21 00:04:59,wamid.HBgMOTE5OTA1OTQxNzI4FQIAEhgWM0VCMDcyRkQxODZGQ0NDM0FFNkFGMgA=,9431bdc0-7a42-4f5e-a86a-fc2b174f08bf,705ebb7f-2697-4d69-9872-c863f714d164,f2743829-9058-4a1e-aaf0-1a536e6508b9
1a470a0d-48d2-4968-af6c-7419eded596c,hkbharti77@gmail. com,INCOMING,2026-05-21 00:05:16,wamid.HBgMOTE5OTA1OTQxNzI4FQIAEhgWM0VCMDMyMzEzMDU0MjVDNUMxQzIxRgA=,9431bdc0-7a42-4f5e-a86a-fc2b174f08bf,705ebb7f-2697-4d69-9872-c863f714d164,f2743829-9058-4a1e-aaf0-1a536e6508b9
663b86f9-33c3-4837-9b1e-52d190cfebb8,hi,INCOMING,2026-05-21 07:43:04,wamid.HBgMOTE5OTA1OTQxNzI4FQIAEhgWM0VCMEZGOEQ0NDE3MjREQkZFQUUwOQA=,9431bdc0-7a42-4f5e-a86a-fc2b174f08bf,705ebb7f-2697-4d69-9872-c863f714d164,f2743829-9058-4a1e-aaf0-1a536e6508b9
af7a3fd6-cd10-4374-a0fa-d688eafa4dd5,≡ƒÆ╗ Start Project,INCOMING,2026-05-21 07:43:17,wamid.HBgMOTE5OTA1OTQxNzI4FQIAEhgWM0VCMDEyOTg5RjBDM0E5Rjk3RTY5NQA=,9431bdc0-7a42-4f5e-a86a-fc2b174f08bf,705ebb7f-2697-4d69-9872-c863f714d164,f2743829-9058-4a1e-aaf0-1a536e6508b9
eb094a52-bcaf-4bae-b5f3-e106d9ee55cb,hi,INCOMING,2026-05-21 07:50:21,wamid.HBgMOTE5OTA1OTQxNzI4FQIAEhgWM0VCMEFGMTNENzc3MTFERTM2NTg0MQA=,9431bdc0-7a42-4f5e-a86a-fc2b174f08bf,705ebb7f-2697-4d69-9872-c863f714d164,f2743829-9058-4a1e-aaf0-1a536e6508b9
18382552-6772-4e0f-8f31-a5c05ea57130,≡ƒÆ╗ Start Project,INCOMING,2026-05-21 07:50:32,wamid.HBgMOTE5OTA1OTQxNzI4FQIAEhgWM0VCMEQyM0NBMEUzRTQ0MzY0Q0Y4QwA=,9431bdc0-7a42-4f5e-a86a-fc2b174f08bf,705ebb7f-2697-4d69-9872-c863f714d164,f2743829-9058-4a1e-aaf0-1a536e6508b9
3f03472b-b378-4742-9453-38b31b11b8f0,xyz,INCOMING,2026-05-21 07:50:43,wamid.HBgMOTE5OTA1OTQxNzI4FQIAEhgWM0VCMDFGRDE4OTEwQkFFMzhBMjY1MAA=,9431bdc0-7a42-4f5e-a86a-fc2b174f08bf,705ebb7f-2697-4d69-9872-c863f714d164,f2743829-9058-4a1e-aaf0-1a536e6508b9
2cd8d293-1b16-48e2-ab0e-c27ea567313a,"Yes, have guidelines",INCOMING,2026-05-21 07:50:48,wamid.HBgMOTE5OTA1OTQxNzI4FQIAEhgWM0VCMDEyNTZCNjBENEZCQjc4NzlBOQA=,9431bdc0-7a42-4f5e-a86a-fc2b174f08bf,705ebb7f-2697-4d69-9872-c863f714d164,f2743829-9058-4a1e-aaf0-1a536e6508b9
1fb9f579-98a3-4ccf-a37f-66a487f5e5af,"Under Γé╣10,000",INCOMING,2026-05-21 07:50:56,wamid.HBgMOTE5OTA1OTQxNzI4FQIAEhgWM0VCMDM1MzZGNkUyNzhBMzNCRjg5QwA=,9431bdc0-7a42-4f5e-a86a-fc2b174f08bf,705ebb7f-2697-4d69-9872-c863f714d164,f2743829-9058-4a1e-aaf0-1a536e6508b9
1cdc40d1-5180-4a76-b4a0-3dab929253d2,Urgent (within 1 week),INCOMING,2026-05-21 07:51:04,wamid.HBgMOTE5OTA1OTQxNzI4FQIAEhgWM0VCMDY3RkE2OTEzNEY2MUFCMjc0MwA=,9431bdc0-7a42-4f5e-a86a-fc2b174f08bf,705ebb7f-2697-4d69-9872-c863f714d164,f2743829-9058-4a1e-aaf0-1a536e6508b9
4ff78630-54bb-463e-8e16-2a75dd060cd0,hkbharti77@gmail.com,INCOMING,2026-05-21 07:51:20,wamid.HBgMOTE5OTA1OTQxNzI4FQIAEhgWM0VCMEZCNjNFRUFBNThFQjAwOTU1MQA=,9431bdc0-7a42-4f5e-a86a-fc2b174f08bf,705ebb7f-2697-4d69-9872-c863f714d164,f2743829-9058-4a1e-aaf0-1a536e6508b9
0cb92e17-3260-4cfd-b59d-d000dccb462f,hi,INCOMING,2026-05-21 07:55:06,wamid.HBgMOTE5OTA1OTQxNzI4FQIAEhgWM0VCMENBQzA1ODE4NjVFMUVEQjNDQwA=,9431bdc0-7a42-4f5e-a86a-fc2b174f08bf,705ebb7f-2697-4d69-9872-c863f714d164,f2743829-9058-4a1e-aaf0-1a536e6508b9
2f17e5cc-b554-4fac-baeb-1fda90fd471f,hi,INCOMING,2026-05-21 22:14:04,wamid.HBgMOTE5OTA1OTQxNzI4FQIAEhgWM0VCMDc3MzNBNjQxRDY5ODg5MTNBNwA=,9431bdc0-7a42-4f5e-a86a-fc2b174f08bf,705ebb7f-2697-4d69-9872-c863f714d164,f2743829-9058-4a1e-aaf0-1a536e6508b9
3056500c-dded-4f30-9bb2-9f63f815bba9,≡ƒÆ╗ Start Project,INCOMING,2026-05-21 22:14:22,wamid.HBgMOTE5OTA1OTQxNzI4FQIAEhggQUM1QzRDRTdFQTUxOTE1OUNCMTFCMEJFMDNGOUVEOUQA,9431bdc0-7a42-4f5e-a86a-fc2b174f08bf,705ebb7f-2697-4d69-9872-c863f714d164,f2743829-9058-4a1e-aaf0-1a536e6508b9
c5b48426-97b7-4677-865a-04e4a23bf713,Hi,INCOMING,2026-05-21 22:15:15,wamid.HBgMOTE5OTA1OTQxNzI4FQIAEhggQUM2QTY4RTk1QzYyRDgyMUM4RkQ1MEFBMTFGNzk3N0EA,9431bdc0-7a42-4f5e-a86a-fc2b174f08bf,705ebb7f-2697-4d69-9872-c863f714d164,f2743829-9058-4a1e-aaf0-1a536e6508b9
500bb892-da91-4572-942c-5db322c8f5b7,≡ƒÆ╗ Start Project,INCOMING,2026-05-21 22:15:26,wamid.HBgMOTE5OTA1OTQxNzI4FQIAEhggQUM1NkE0QzYwRjE2QzA4MzdDQjQ1MDNGQUYzMjhBMzAA,9431bdc0-7a42-4f5e-a86a-fc2b174f08bf,705ebb7f-2697-4d69-9872-c863f714d164,f2743829-9058-4a1e-aaf0-1a536e6508b9
39408b11-9631-4ab4-b500-36c27adf2c31,xyz,INCOMING,2026-05-21 22:15:35,wamid.HBgMOTE5OTA1OTQxNzI4FQIAEhggQUM3Njg1Mjg4REUyRjA5RTA1OUY2MTJFNjFDRjhCQzkA,9431bdc0-7a42-4f5e-a86a-fc2b174f08bf,705ebb7f-2697-4d69-9872-c863f714d164,f2743829-9058-4a1e-aaf0-1a536e6508b9
851e5f01-723c-4811-af72-2581393df14a,"Yes, have guidelines",INCOMING,2026-05-21 22:15:39,wamid.HBgMOTE5OTA1OTQxNzI4FQIAEhggQUNFMzI1OUZGMjAwQUM4NTE4MkI5RDNGQzJBNDJEMEIA,9431bdc0-7a42-4f5e-a86a-fc2b174f08bf,705ebb7f-2697-4d69-9872-c863f714d164,f2743829-9058-4a1e-aaf0-1a536e6508b9
033eccc7-2ffc-422a-bd9e-6cb904b0f461,"Under Γé╣10,000",INCOMING,2026-05-21 22:15:50,wamid.HBgMOTE5OTA1OTQxNzI4FQIAEhggQUM4RUIxRThFNjYxNUU1M0ZGMjU0MEQ3OTkyQThBNDAA,9431bdc0-7a42-4f5e-a86a-fc2b174f08bf,705ebb7f-2697-4d69-9872-c863f714d164,f2743829-9058-4a1e-aaf0-1a536e6508b9
2e916735-7065-4dbc-8224-ba8e8b2d4c64,Urgent (within 1 week),INCOMING,2026-05-21 22:16:01,wamid.HBgMOTE5OTA1OTQxNzI4FQIAEhggQUM3QzBFNUJCMUMzODdDQjU3NDBBRjVBODVGREIxQkQA,9431bdc0-7a42-4f5e-a86a-fc2b174f08bf,705ebb7f-2697-4d69-9872-c863f714d164,f2743829-9058-4a1e-aaf0-1a536e6508b9
a702979e-03dd-4686-8ebd-8cb56dbd8612,Hkbharti77@gmail.com,INCOMING,2026-05-21 22:16:08,wamid.HBgMOTE5OTA1OTQxNzI4FQIAEhggQUM1QzY1MkM0ODAyN0UyQjcyMDFGNDA1MEM0QTQ2NzMA,9431bdc0-7a42-4f5e-a86a-fc2b174f08bf,705ebb7f-2697-4d69-9872-c863f714d164,f2743829-9058-4a1e-aaf0-1a536e6508b9
a3e77bcf-06b4-4dd0-bb95-5a8ba33dc99e,Hi,INCOMING,2026-05-21 22:28:04,wamid.HBgMOTE5OTA1OTQxNzI4FQIAEhggQUM2MzdGMDZENEUxMEM3QzgwREM1RDY5Q0YzRTAwMUEA,9431bdc0-7a42-4f5e-a86a-fc2b174f08bf,705ebb7f-2697-4d69-9872-c863f714d164,f2743829-9058-4a1e-aaf0-1a536e6508b9
819845c9-faae-4fef-b793-11d4e2e6c84d,Hi,INCOMING,2026-05-22 07:07:54,wamid.HBgMOTE5OTA1OTQxNzI4FQIAEhggQUNDMEEzRDcxNkRDRDQ4QjhCRDRFM0VBNzFBOTQ2NjIA,9431bdc0-7a42-4f5e-a86a-fc2b174f08bf,705ebb7f-2697-4d69-9872-c863f714d164,f2743829-9058-4a1e-aaf0-1a536e6508b9
9f6196fd-c6b0-4fa7-aaf9-8647bc890b08,"≡ƒæï Hello Himanshu!
Welcome to *Gyan VaniAI*.

Please choose from our services below ≡ƒæç

Options: ≡ƒÆ╗ Start Project",OUTGOING,2026-05-22 07:07:58.924886,wamid.HBgMOTE5OTA1OTQxNzI4FQIAERgSODJGOThBQUFBREUxMzQ0MzI0AA==,9431bdc0-7a42-4f5e-a86a-fc2b174f08bf,705ebb7f-2697-4d69-9872-c863f714d164,f2743829-9058-4a1e-aaf0-1a536e6508b9
795d247c-24b7-4755-a57f-83689b5fad35,Hi,INCOMING,2026-05-22 07:08:21,wamid.HBgMOTE5OTA1OTQxNzI4FQIAEhggQUM5QjQ1MkZGMEQ1NjdBN0NGNTk2OTFFNkZFNkFBMEMA,9431bdc0-7a42-4f5e-a86a-fc2b174f08bf,705ebb7f-2697-4d69-9872-c863f714d164,f2743829-9058-4a1e-aaf0-1a536e6508b9
c6e88a08-f4a2-46cc-9f8d-27f966dfc7c9,Hi,INCOMING,2026-06-14 21:50:08,wamid.HBgMOTE3MDUwMDQ3MTU5FQIAEhggQUM3RDI5RkJGNzdEMEE1MDdCQzVDNDZDNDA3NjVCNDYA,9431bdc0-7a42-4f5e-a86a-fc2b174f08bf,6c77c2c8-de8c-477c-b5e3-cdab13a925c6,f2743829-9058-4a1e-aaf0-1a536e6508b9
b684dde5-3b61-40fe-8741-c468afc88405,"≡ƒæï Hello Himanshu!
Welcome to *Gyan VaniAI*.

Please choose from our services below ≡ƒæç

Options: ≡ƒÆ╗ Start Project",OUTGOING,2026-05-22 07:08:22.618719,wamid.HBgMOTE5OTA1OTQxNzI4FQIAERgSOTBBNzRCQUM4QkNEMjk2RTQ1AA==,9431bdc0-7a42-4f5e-a86a-fc2b174f08bf,705ebb7f-2697-4d69-9872-c863f714d164,f2743829-9058-4a1e-aaf0-1a536e6508b9
5adddb91-9874-4cc1-b8b7-7057eea4087e,Hi,INCOMING,2026-05-22 07:08:39,wamid.HBgMOTE5OTA1OTQxNzI4FQIAEhggQUMzOTJDMEU4ODEyODkyMkQwRkNCNkJCN0NBMjREMEMA,9431bdc0-7a42-4f5e-a86a-fc2b174f08bf,705ebb7f-2697-4d69-9872-c863f714d164,f2743829-9058-4a1e-aaf0-1a536e6508b9
8717a802-d005-435c-a8e8-8319ba77f2fe,"≡ƒæï Hello Himanshu!
Welcome to *Gyan VaniAI*.

Please choose from our services below ≡ƒæç

Options: ≡ƒÆ╗ Start Project",OUTGOING,2026-05-22 07:08:40.926763,wamid.HBgMOTE5OTA1OTQxNzI4FQIAERgSMzlEOEM0ODc1OUZBM0YwQzMwAA==,9431bdc0-7a42-4f5e-a86a-fc2b174f08bf,705ebb7f-2697-4d69-9872-c863f714d164,f2743829-9058-4a1e-aaf0-1a536e6508b9
c29606f2-b6c1-465e-9489-f55f94ea620d,Hi,INCOMING,2026-05-22 07:35:54,wamid.HBgMOTE5OTA1OTQxNzI4FQIAEhggQUNGOTVFMDM4OUY5NjM2ODRDNDY2Q0NGRDNCRjJDQUEA,9431bdc0-7a42-4f5e-a86a-fc2b174f08bf,705ebb7f-2697-4d69-9872-c863f714d164,f2743829-9058-4a1e-aaf0-1a536e6508b9
53d1ea4f-8284-423d-a599-017a77f3eb54,"≡ƒæï Hello Himanshu!
Welcome to *Gyan VaniAI*.

Please choose from our services below ≡ƒæç

Options: ≡ƒÆ╗ Start Project",OUTGOING,2026-05-22 07:36:00.219139,wamid.HBgMOTE5OTA1OTQxNzI4FQIAERgSMUUxNzk1QzlCQjA4OTU2OUE3AA==,9431bdc0-7a42-4f5e-a86a-fc2b174f08bf,705ebb7f-2697-4d69-9872-c863f714d164,f2743829-9058-4a1e-aaf0-1a536e6508b9
a6c48df7-f315-4b10-b0ec-8ade897b0dca,Hi,INCOMING,2026-05-22 07:52:51,wamid.HBgMOTE5OTA1OTQxNzI4FQIAEhggQUM4MzI5NzNGRUQzMDhFNzI0OEEyOERFNzdBOUI2NzIA,9431bdc0-7a42-4f5e-a86a-fc2b174f08bf,705ebb7f-2697-4d69-9872-c863f714d164,f2743829-9058-4a1e-aaf0-1a536e6508b9
1238adbc-1fdd-413b-be33-ec0b6c059eec,"≡ƒæï Hello Himanshu!
Welcome to *Gyan VaniAI*.

Please choose from our services below ≡ƒæç

Options: ≡ƒÆ╗ Start Project, ≡ƒôé About & Contact, ≡ƒåÿ Human Support",OUTGOING,2026-05-22 07:52:54.177687,wamid.HBgMOTE5OTA1OTQxNzI4FQIAERgSODY2OTkwMDQ3MEFBMEJGMTk4AA==,9431bdc0-7a42-4f5e-a86a-fc2b174f08bf,705ebb7f-2697-4d69-9872-c863f714d164,f2743829-9058-4a1e-aaf0-1a536e6508b9
76ee6037-77f5-429c-8685-c9686688c6fd,≡ƒåÿ Human Support,INCOMING,2026-05-22 07:53:29,wamid.HBgMOTE5OTA1OTQxNzI4FQIAEhggQUNFQTQwODNBRjA5M0VGMkYxMDRDMzdEOUEzQjM2NDYA,9431bdc0-7a42-4f5e-a86a-fc2b174f08bf,705ebb7f-2697-4d69-9872-c863f714d164,f2743829-9058-4a1e-aaf0-1a536e6508b9
f92724f2-8446-4c55-86e8-40b1b5e563dd,A human agent has been notified and will be with you shortly.,OUTGOING,2026-05-22 07:53:31.323879,wamid.HBgMOTE5OTA1OTQxNzI4FQIAERgSODZFODVFMjk0NjM3N0EyMEUxAA==,9431bdc0-7a42-4f5e-a86a-fc2b174f08bf,705ebb7f-2697-4d69-9872-c863f714d164,f2743829-9058-4a1e-aaf0-1a536e6508b9
acd3f1a2-bf92-4215-b146-8e331e77d992,≡ƒôé About & Contact,INCOMING,2026-05-22 07:53:41,wamid.HBgMOTE5OTA1OTQxNzI4FQIAEhggQUMyRjZFMzQ4QjlBRkZCMTZDNTYxOTBDNDQ1RUEwRkEA,9431bdc0-7a42-4f5e-a86a-fc2b174f08bf,705ebb7f-2697-4d69-9872-c863f714d164,f2743829-9058-4a1e-aaf0-1a536e6508b9
8638fd43-5123-4394-b636-13e3a7ad00fa,"Welcome to Gyan VaniAI!

Phone: 7050047159
Email: hkbharti77@gmail.com
Address: SmiriBakthiyarpur, Saharsa, Bihar",OUTGOING,2026-05-22 07:53:42.980007,wamid.HBgMOTE5OTA1OTQxNzI4FQIAERgSRDMwRTI3MEQxNTFCNkE3MTJEAA==,9431bdc0-7a42-4f5e-a86a-fc2b174f08bf,705ebb7f-2697-4d69-9872-c863f714d164,f2743829-9058-4a1e-aaf0-1a536e6508b9
0bff21b5-2ecb-490a-bf83-4229f69af723,Hj,INCOMING,2026-05-22 07:54:50,wamid.HBgMOTE5OTA1OTQxNzI4FQIAEhggQUMxMTlCNEZGRkFDMTM0MUVENDU4QTNENzYzNUVDNEYA,9431bdc0-7a42-4f5e-a86a-fc2b174f08bf,705ebb7f-2697-4d69-9872-c863f714d164,f2743829-9058-4a1e-aaf0-1a536e6508b9
47c88cf8-8064-4c37-b05e-cf77e37f0333,"Options: ≡ƒÆ╗ Start Project, ≡ƒôé About & Contact, ≡ƒåÿ Human Support",OUTGOING,2026-05-22 07:54:53.02722,wamid.HBgMOTE5OTA1OTQxNzI4FQIAERgSM0FDNEYyMkE5NkU1Q0U5OTczAA==,9431bdc0-7a42-4f5e-a86a-fc2b174f08bf,705ebb7f-2697-4d69-9872-c863f714d164,f2743829-9058-4a1e-aaf0-1a536e6508b9
c4570b75-2977-4ad1-9ccd-d5a8df933528,Hi,INCOMING,2026-05-22 07:54:53,wamid.HBgMOTE5OTA1OTQxNzI4FQIAEhggQUMyQUJBNTVGQzJCOTk0RThCOUQ4NzA2QjFBRDc0NjgA,9431bdc0-7a42-4f5e-a86a-fc2b174f08bf,705ebb7f-2697-4d69-9872-c863f714d164,f2743829-9058-4a1e-aaf0-1a536e6508b9
59736485-03a1-465a-933a-dd1f9aaaea19,"≡ƒæï Hello Himanshu!
Welcome to *Gyan VaniAI*.

Please choose from our services below ≡ƒæç

Options: ≡ƒÆ╗ Start Project, ≡ƒôé About & Contact, ≡ƒåÿ Human Support",OUTGOING,2026-05-22 07:54:54.177734,wamid.HBgMOTE5OTA1OTQxNzI4FQIAERgSRjgzQjdDMjMyODdDQzdEQ0YxAA==,9431bdc0-7a42-4f5e-a86a-fc2b174f08bf,705ebb7f-2697-4d69-9872-c863f714d164,f2743829-9058-4a1e-aaf0-1a536e6508b9
067cd91f-2310-42f8-9acf-afbc415e4bd3,Hi,INCOMING,2026-05-22 07:58:51,wamid.HBgMOTE5OTA1OTQxNzI4FQIAEhggQUNERUI4MEVGMjA0MkNGNDAwOTA0NkI0MDdBNjk4QUMA,9431bdc0-7a42-4f5e-a86a-fc2b174f08bf,705ebb7f-2697-4d69-9872-c863f714d164,f2743829-9058-4a1e-aaf0-1a536e6508b9
d47a8e69-fb44-4c59-b682-2fb6df794a72,"≡ƒæï Hello Himanshu!
Welcome to *Gyan VaniAI*.

Please choose from our services below ≡ƒæç

Options: ≡ƒÆ╗ Start Project, Γ¡É Trust & Reviews, ≡ƒÄü Special Offer, ≡ƒôé About & Contact, ≡ƒåÿ Human Support",OUTGOING,2026-05-22 07:58:54.207685,wamid.HBgMOTE5OTA1OTQxNzI4FQIAERgSODkzQjJDMDU4NzVCQjc0QkM5AA==,9431bdc0-7a42-4f5e-a86a-fc2b174f08bf,705ebb7f-2697-4d69-9872-c863f714d164,f2743829-9058-4a1e-aaf0-1a536e6508b9
d39f23e1-6343-4ebd-be28-ca2c57df5adc,Hi,INCOMING,2026-05-22 08:00:43,wamid.HBgMOTE5OTA1OTQxNzI4FQIAEhggQUNBNkY5RDE5MDEzQjQzNDhFRDIwMTdFNjE4RkUzMTEA,9431bdc0-7a42-4f5e-a86a-fc2b174f08bf,705ebb7f-2697-4d69-9872-c863f714d164,f2743829-9058-4a1e-aaf0-1a536e6508b9
ea8d31e1-63d4-4e02-a109-1badab83c3fa,"≡ƒæï Hello Himanshu!
Welcome to *Gyan VaniAI*.

Please choose from our services below ≡ƒæç

Options: ≡ƒÆ╗ Start Project, ≡ƒôé About & Contact, ≡ƒåÿ Human Support",OUTGOING,2026-05-22 08:00:46.219732,wamid.HBgMOTE5OTA1OTQxNzI4FQIAERgSNDZCNjdDQkQzQjBEOTVCM0ZBAA==,9431bdc0-7a42-4f5e-a86a-fc2b174f08bf,705ebb7f-2697-4d69-9872-c863f714d164,f2743829-9058-4a1e-aaf0-1a536e6508b9
8c874ed5-5ecf-4c96-b4d2-0102a0f35d12,Hi,INCOMING,2026-05-22 08:01:10,wamid.HBgMOTE5OTA1OTQxNzI4FQIAEhggQUM1NkM0RUQ4MENEREZFQTg0MDg3NzE3QkMxMzdDNDIA,9431bdc0-7a42-4f5e-a86a-fc2b174f08bf,705ebb7f-2697-4d69-9872-c863f714d164,f2743829-9058-4a1e-aaf0-1a536e6508b9
11eeac63-1180-41fe-ae22-059cb2f2281c,"≡ƒæï Hello Himanshu!
Welcome to *Gyan VaniAI*.

Please choose from our services below ≡ƒæç

Options: ≡ƒÆ╗ Start Project, ≡ƒôé About & Contact",OUTGOING,2026-05-22 08:01:11.201448,wamid.HBgMOTE5OTA1OTQxNzI4FQIAERgSNjdBMDA0Q0M4QzY5RkYyRTlEAA==,9431bdc0-7a42-4f5e-a86a-fc2b174f08bf,705ebb7f-2697-4d69-9872-c863f714d164,f2743829-9058-4a1e-aaf0-1a536e6508b9
5ebd237f-10f8-4b2c-bb8c-6b547370c1f1,Hi,INCOMING,2026-05-22 08:02:20,wamid.HBgMOTE5OTA1OTQxNzI4FQIAEhggQUMxQzZDMTY0MjQ5NkRGRkI1MjVGM0Y5MEI2NTBBRjQA,9431bdc0-7a42-4f5e-a86a-fc2b174f08bf,705ebb7f-2697-4d69-9872-c863f714d164,f2743829-9058-4a1e-aaf0-1a536e6508b9
6e1d0708-5cf0-4db2-a489-3aed210201d2,"≡ƒæï Hello Himanshu!
Welcome to *Gyan VaniAI*.

Please choose from our services below ≡ƒæç

Options: ≡ƒÆ╗ Start Project, ≡ƒôé About & Contact, ≡ƒåÿ Human Support",OUTGOING,2026-05-22 08:02:22.115793,wamid.HBgMOTE5OTA1OTQxNzI4FQIAERgSRUQ0RTI2Q0RDRUI0QTk2RTFBAA==,9431bdc0-7a42-4f5e-a86a-fc2b174f08bf,705ebb7f-2697-4d69-9872-c863f714d164,f2743829-9058-4a1e-aaf0-1a536e6508b9
6d199d74-999e-475e-ab9f-734d0d7f5966,≡ƒåÿ Human Support,INCOMING,2026-05-22 08:02:39,wamid.HBgMOTE5OTA1OTQxNzI4FQIAEhggQUMwODZGMURCQzQ3OEY3MEUxQTUwNDgxMzg4MDE3M0UA,9431bdc0-7a42-4f5e-a86a-fc2b174f08bf,705ebb7f-2697-4d69-9872-c863f714d164,f2743829-9058-4a1e-aaf0-1a536e6508b9
519ab851-4ff8-40ee-aad1-2aba159ab608,A human agent has been notified and will be with you shortly.,OUTGOING,2026-05-22 08:02:41.096079,wamid.HBgMOTE5OTA1OTQxNzI4FQIAERgSMEYyRjRDOUEzQzVBNDY4Q0Y5AA==,9431bdc0-7a42-4f5e-a86a-fc2b174f08bf,705ebb7f-2697-4d69-9872-c863f714d164,f2743829-9058-4a1e-aaf0-1a536e6508b9
c4d94971-c38e-4eeb-ac11-5ef4ab1465bb,Hi,INCOMING,2026-05-22 08:09:00,wamid.HBgMOTE5OTA1OTQxNzI4FQIAEhggQUMzQzczMTkzQjY0QjhBOTEzODI1NzdDNkY1MjZGQUUA,9431bdc0-7a42-4f5e-a86a-fc2b174f08bf,705ebb7f-2697-4d69-9872-c863f714d164,f2743829-9058-4a1e-aaf0-1a536e6508b9
3ee299dd-95f0-4d3e-9dfe-b003e988fac0,"≡ƒæï Hello Himanshu!
Welcome to *Gyan VaniAI*.

Please choose from our services below ≡ƒæç

Options: ≡ƒÆ╗ Start Project, ≡ƒôé About & Contact, ≡ƒåÿ Human Support",OUTGOING,2026-05-22 08:09:03.348786,wamid.HBgMOTE5OTA1OTQxNzI4FQIAERgSMkI3RTQwMTAxNjk2OEFGRDdEAA==,9431bdc0-7a42-4f5e-a86a-fc2b174f08bf,705ebb7f-2697-4d69-9872-c863f714d164,f2743829-9058-4a1e-aaf0-1a536e6508b9
b65ffaa2-20e9-4d57-b574-061d6b2154c0,≡ƒåÿ Human Support,INCOMING,2026-05-22 08:09:09,wamid.HBgMOTE5OTA1OTQxNzI4FQIAEhggQUMxQkMzMTY5QUU2ODBGNTJFNDY3QkM4MjVBMDZGMzUA,9431bdc0-7a42-4f5e-a86a-fc2b174f08bf,705ebb7f-2697-4d69-9872-c863f714d164,f2743829-9058-4a1e-aaf0-1a536e6508b9
64da9c8e-8653-4472-8d17-641041d9d036,Get Suppports,OUTGOING,2026-05-22 08:09:10.408091,wamid.HBgMOTE5OTA1OTQxNzI4FQIAERgSREZFN0IzRkFFOTUwQTcyNDJBAA==,9431bdc0-7a42-4f5e-a86a-fc2b174f08bf,705ebb7f-2697-4d69-9872-c863f714d164,f2743829-9058-4a1e-aaf0-1a536e6508b9
fbc567f0-b4b6-4589-a4d2-f0f2147bbce1,hi,INCOMING,2026-06-12 23:19:06,wamid.HBgMOTE5OTA1OTQxNzI4FQIAEhgWM0VCMEM0MTIyRDRDNkNBNDFDMDYzMAA=,9431bdc0-7a42-4f5e-a86a-fc2b174f08bf,705ebb7f-2697-4d69-9872-c863f714d164,f2743829-9058-4a1e-aaf0-1a536e6508b9
ac4aac47-df04-4d80-b6ec-3b5683ed40a3,"≡ƒæï Hello Himanshu!
Welcome to *Gyan VaniAI*.

Please choose from our services below ≡ƒæç

Options: ≡ƒÆ╗ Start Project, ≡ƒôé About & Contact, ≡ƒåÿ Human Support",OUTGOING,2026-06-12 23:19:32.730054,wamid.HBgMOTE5OTA1OTQxNzI4FQIAERgSNDI4MDM3MDA5MTM3RDlFRkI4AA==,9431bdc0-7a42-4f5e-a86a-fc2b174f08bf,705ebb7f-2697-4d69-9872-c863f714d164,f2743829-9058-4a1e-aaf0-1a536e6508b9
9255092e-6669-4166-99ae-d98c53989d23,hi,INCOMING,2026-06-12 23:19:47,wamid.HBgMOTE5OTA1OTQxNzI4FQIAEhgWM0VCMEE5OUMzMkU2NzJCODVEMDlGOQA=,9431bdc0-7a42-4f5e-a86a-fc2b174f08bf,705ebb7f-2697-4d69-9872-c863f714d164,f2743829-9058-4a1e-aaf0-1a536e6508b9
d53c71cf-a9d6-4aad-beae-1d541b6e8a25,"≡ƒæï Hello Himanshu!
Welcome to *Gyan VaniAI*.

Please choose from our services below ≡ƒæç

Options: ≡ƒÆ╗ Start Project, ≡ƒôé About & Contact, ≡ƒåÿ Human Support",OUTGOING,2026-06-12 23:19:49.280308,wamid.HBgMOTE5OTA1OTQxNzI4FQIAERgSOTQ0RDA1QTU3Q0Y3MTQwM0JBAA==,9431bdc0-7a42-4f5e-a86a-fc2b174f08bf,705ebb7f-2697-4d69-9872-c863f714d164,f2743829-9058-4a1e-aaf0-1a536e6508b9
400064c8-f5f6-4aec-9a91-b26bf352826a,hi,OUTGOING,2026-06-13 09:50:45.546812,wamid.HBgMOTE3MDUwMDQ3MTU5FQIAERgSNUU3MkQ5Q0NBODQzMTA3MDcyAA==,9431bdc0-7a42-4f5e-a86a-fc2b174f08bf,6c77c2c8-de8c-477c-b5e3-cdab13a925c6,f2743829-9058-4a1e-aaf0-1a536e6508b9
5bed975b-7b80-469e-b250-815816232441,Hi,INCOMING,2026-06-13 09:54:19,wamid.HBgMOTE3MDUwMDQ3MTU5FQIAEhggQUM4QUMxOTU2RDNENjRGRjVDNDM5NjQ0NDk1QTE2MTMA,9431bdc0-7a42-4f5e-a86a-fc2b174f08bf,6c77c2c8-de8c-477c-b5e3-cdab13a925c6,f2743829-9058-4a1e-aaf0-1a536e6508b9
dcc122a9-86e5-42c0-ba78-f20778a5d63a,"≡ƒæï Hello HIMANSHU!
Welcome to *Gyan VaniAI*.

Please choose from our services below ≡ƒæç

Options: ≡ƒÆ╗ Start Project, ≡ƒôé About & Contact, ≡ƒåÿ Human Support",OUTGOING,2026-06-13 09:54:22.048859,wamid.HBgMOTE3MDUwMDQ3MTU5FQIAERgSNURGQjFBNjRDNTJCNUVEMjlDAA==,9431bdc0-7a42-4f5e-a86a-fc2b174f08bf,6c77c2c8-de8c-477c-b5e3-cdab13a925c6,f2743829-9058-4a1e-aaf0-1a536e6508b9
3a72a9f6-55d8-42f3-a8e0-c7a9913f253a,≡ƒÆ╗ Start Project,INCOMING,2026-06-13 09:55:11,wamid.HBgMOTE3MDUwMDQ3MTU5FQIAEhggQUMzQkYxMkYxMzg4RkFGQzgxRDk4NkY0ODFBNTQ4RDEA,9431bdc0-7a42-4f5e-a86a-fc2b174f08bf,6c77c2c8-de8c-477c-b5e3-cdab13a925c6,f2743829-9058-4a1e-aaf0-1a536e6508b9
826f23ef-5df9-40f3-a7f7-4f9f53188e65,"≡ƒÆ╗ What type of design project do you need?

Options: xyz, Γ£ì∩╕Å Not in list / Other",OUTGOING,2026-06-13 09:55:13.905303,wamid.HBgMOTE3MDUwMDQ3MTU5FQIAERgSRTdFOEY0RDA1MEJCMTk2MzdGAA==,9431bdc0-7a42-4f5e-a86a-fc2b174f08bf,6c77c2c8-de8c-477c-b5e3-cdab13a925c6,f2743829-9058-4a1e-aaf0-1a536e6508b9
394ff220-27d5-463c-86a9-af6c8f3401d9,xyz,INCOMING,2026-06-13 09:55:25,wamid.HBgMOTE3MDUwMDQ3MTU5FQIAEhggQUM5MzE0OEE4NTA2MDI3MDgwQzBEODBBMzk3Qjc5NDIA,9431bdc0-7a42-4f5e-a86a-fc2b174f08bf,6c77c2c8-de8c-477c-b5e3-cdab13a925c6,f2743829-9058-4a1e-aaf0-1a536e6508b9
a3ab32b7-b627-40d8-959f-98d8a1e88ec7,"≡ƒÄ¿ Do you already have a brand identity (logo, colors, fonts)?

Options: Yes, have guidelines, No, need branding",OUTGOING,2026-06-13 09:55:26.189674,wamid.HBgMOTE3MDUwMDQ3MTU5FQIAERgSRTM4M0M1MkE5QUNFQTMyMEYwAA==,9431bdc0-7a42-4f5e-a86a-fc2b174f08bf,6c77c2c8-de8c-477c-b5e3-cdab13a925c6,f2743829-9058-4a1e-aaf0-1a536e6508b9
86abf8c5-4a9e-4fa8-8458-b79598ca8a5a,"Yes, have guidelines",INCOMING,2026-06-13 09:55:33,wamid.HBgMOTE3MDUwMDQ3MTU5FQIAEhggQUNGOEE1ODY0QThBREU3NUVBMEUzMjExNDM2REM2OUIA,9431bdc0-7a42-4f5e-a86a-fc2b174f08bf,6c77c2c8-de8c-477c-b5e3-cdab13a925c6,f2743829-9058-4a1e-aaf0-1a536e6508b9
040e9bca-d2d4-4c53-a5cc-aec7cf28620a,"≡ƒÆ░ What is your approximate budget for this project?

Options: Under Γé╣10,000, Γé╣10K ΓÇô Γé╣50K, Γé╣50K ΓÇô Γé╣2L, Above Γé╣2L",OUTGOING,2026-06-13 09:55:34.953274,wamid.HBgMOTE3MDUwMDQ3MTU5FQIAERgSRjg1MkRFRjhERDQ3NEU0MDhFAA==,9431bdc0-7a42-4f5e-a86a-fc2b174f08bf,6c77c2c8-de8c-477c-b5e3-cdab13a925c6,f2743829-9058-4a1e-aaf0-1a536e6508b9
ca12c5c6-04c3-4f85-9295-62741065fdb4,Γé╣10K ΓÇô Γé╣50K,INCOMING,2026-06-13 09:55:50,wamid.HBgMOTE3MDUwMDQ3MTU5FQIAEhggQUNEQ0FCRDY4Qjk4MkM3MDlGQThBQ0YyMkE1REY1MzYA,9431bdc0-7a42-4f5e-a86a-fc2b174f08bf,6c77c2c8-de8c-477c-b5e3-cdab13a925c6,f2743829-9058-4a1e-aaf0-1a536e6508b9
c7e61270-a20d-40fc-bf76-6f4f6de8a94f,"≡ƒôà What is your expected deadline or go-live date?

Options: Urgent (within 1 week), 2ΓÇô4 weeks, 1ΓÇô2 months, Flexible",OUTGOING,2026-06-13 09:55:51.932162,wamid.HBgMOTE3MDUwMDQ3MTU5FQIAERgSREQ3MTgzRkRFM0I4MzY1OTk3AA==,9431bdc0-7a42-4f5e-a86a-fc2b174f08bf,6c77c2c8-de8c-477c-b5e3-cdab13a925c6,f2743829-9058-4a1e-aaf0-1a536e6508b9
536641b5-b3f7-4825-b1a3-a9201d73e687,2ΓÇô4 weeks,INCOMING,2026-06-13 09:56:03,wamid.HBgMOTE3MDUwMDQ3MTU5FQIAEhggQUM5RENGM0NEMDg1QTI3OUQxQkVGRUQyM0U0MjFDQjgA,9431bdc0-7a42-4f5e-a86a-fc2b174f08bf,6c77c2c8-de8c-477c-b5e3-cdab13a925c6,f2743829-9058-4a1e-aaf0-1a536e6508b9
fc71fb7c-4892-4b8e-af8f-756889e766d8,≡ƒô⌐ Enter your email for a custom quote and portfolio:,OUTGOING,2026-06-13 09:56:04.589968,wamid.HBgMOTE3MDUwMDQ3MTU5FQIAERgSMkM0M0NCOURBNTkzM0VERjBCAA==,9431bdc0-7a42-4f5e-a86a-fc2b174f08bf,6c77c2c8-de8c-477c-b5e3-cdab13a925c6,f2743829-9058-4a1e-aaf0-1a536e6508b9
e618ca15-3236-4aea-80da-506ced171370,Himanshu.bharti@mobiloitte.com,INCOMING,2026-06-13 09:56:23,wamid.HBgMOTE3MDUwMDQ3MTU5FQIAEhggQUM0NzdENkZBNTFCQUM5N0M4NDI2NzlCMkFDMDgxMzMA,9431bdc0-7a42-4f5e-a86a-fc2b174f08bf,6c77c2c8-de8c-477c-b5e3-cdab13a925c6,f2743829-9058-4a1e-aaf0-1a536e6508b9
edf51c25-a602-45d7-9eb7-614f9c458ee0,"≡ƒñ¥ *Thank you!*

We've noted your interest in *srv_3e0ac51e-201b-4314-97af-f43c7d6ccedb*.
Your reference number is: *GYAN-L-20260613-0001*

Our expert will contact you within 24 hours with the best options for you.",OUTGOING,2026-06-13 09:56:30.16956,wamid.HBgMOTE3MDUwMDQ3MTU5FQIAERgSODM4QjNCNkU3N0FENDZDQjVFAA==,9431bdc0-7a42-4f5e-a86a-fc2b174f08bf,6c77c2c8-de8c-477c-b5e3-cdab13a925c6,f2743829-9058-4a1e-aaf0-1a536e6508b9
3931b96e-caa0-483b-960e-65af5414b2dd,Hi,INCOMING,2026-06-13 10:07:28,wamid.HBgMOTE3MDUwMDQ3MTU5FQIAEhggQUNBQzlGOEJBRERENEM5NzczM0RBNjY4QjQxMzlEMjEA,9431bdc0-7a42-4f5e-a86a-fc2b174f08bf,6c77c2c8-de8c-477c-b5e3-cdab13a925c6,f2743829-9058-4a1e-aaf0-1a536e6508b9
2e4a5167-8e03-46e6-9215-0e88681bed45,"≡ƒæï Hello HIMANSHU!
Welcome to *Gyan VaniAI*.

Please choose from our services below ≡ƒæç

Options: ≡ƒÆ╗ Start Project, ≡ƒôé About & Contact, ≡ƒåÿ Human Support",OUTGOING,2026-06-13 10:07:31.190301,wamid.HBgMOTE3MDUwMDQ3MTU5FQIAERgSNzM1RDgwREI3MDJENTE5QjQ2AA==,9431bdc0-7a42-4f5e-a86a-fc2b174f08bf,6c77c2c8-de8c-477c-b5e3-cdab13a925c6,f2743829-9058-4a1e-aaf0-1a536e6508b9
fb465fbd-010c-47dd-a7b6-896a2afd0b62,≡ƒôé About & Contact,INCOMING,2026-06-13 10:07:38,wamid.HBgMOTE3MDUwMDQ3MTU5FQIAEhggQUNDNjk5MEZCQjQ3NzA0NUREOTc5NEI2MTJDMDQ3OTMA,9431bdc0-7a42-4f5e-a86a-fc2b174f08bf,6c77c2c8-de8c-477c-b5e3-cdab13a925c6,f2743829-9058-4a1e-aaf0-1a536e6508b9
80bbca77-fecd-4e03-8841-59de831f36fa,"Welcome to Gyan VaniAI!

Phone: 7050047159
Email: hkbharti77@gmail.com
Address: SmiriBakthiyarpur, Saharsa, Bihar",OUTGOING,2026-06-13 10:07:39.954483,wamid.HBgMOTE3MDUwMDQ3MTU5FQIAERgSRTczMTlDMjYzOUYzNTkxMTM4AA==,9431bdc0-7a42-4f5e-a86a-fc2b174f08bf,6c77c2c8-de8c-477c-b5e3-cdab13a925c6,f2743829-9058-4a1e-aaf0-1a536e6508b9
6612c4b7-e73b-46b8-8ce7-627653e82726,hi,OUTGOING,2026-06-13 10:48:32.075427,wamid.HBgMOTE5OTA1OTQxNzI4FQIAERgSQTZDOTY0QkVDRDk3NzNBN0Y0AA==,9431bdc0-7a42-4f5e-a86a-fc2b174f08bf,705ebb7f-2697-4d69-9872-c863f714d164,f2743829-9058-4a1e-aaf0-1a536e6508b9
1a8e495f-da31-4b51-bce4-fc40623420d6,Hi,INCOMING,2026-06-14 09:33:15,wamid.HBgMOTE3MDUwMDQ3MTU5FQIAEhggQUM4RDdBRDk2QzFGODBDMTQ0RkZDM0ZGM0M0MjBBNTEA,9431bdc0-7a42-4f5e-a86a-fc2b174f08bf,6c77c2c8-de8c-477c-b5e3-cdab13a925c6,f2743829-9058-4a1e-aaf0-1a536e6508b9
b23997e3-3b35-42f2-b726-be815328bcf1,"≡ƒæï Hello HIMANSHU!
Welcome to *Gyan VaniAI*.

Please choose from our services below ≡ƒæç

Options: ≡ƒÆ╗ Start Project, ≡ƒôé About & Contact, ≡ƒåÿ Human Support",OUTGOING,2026-06-14 09:33:19.706304,wamid.HBgMOTE3MDUwMDQ3MTU5FQIAERgSNTE0ODZCQzc2NEY0MTI4NjdEAA==,9431bdc0-7a42-4f5e-a86a-fc2b174f08bf,6c77c2c8-de8c-477c-b5e3-cdab13a925c6,f2743829-9058-4a1e-aaf0-1a536e6508b9
380a2bdc-0ab9-4a3a-8b5b-59cbfedf5187,Hi,INCOMING,2026-06-14 09:33:35,wamid.HBgMOTE3MDUwMDQ3MTU5FQIAEhggQUMyMDY3N0VFRUNFQTEzMzk4QjQ4NEU4NUMwQTYyQTIA,9431bdc0-7a42-4f5e-a86a-fc2b174f08bf,6c77c2c8-de8c-477c-b5e3-cdab13a925c6,f2743829-9058-4a1e-aaf0-1a536e6508b9
06bb5541-07de-4d5c-b4e8-ef649ad840b1,"≡ƒæï Hello HIMANSHU!
Welcome to *Gyan VaniAI*.

Please choose from our services below ≡ƒæç

Options: ≡ƒÆ╗ Start Project, ≡ƒôé About & Contact, ≡ƒåÿ Human Support",OUTGOING,2026-06-14 09:33:36.23905,wamid.HBgMOTE3MDUwMDQ3MTU5FQIAERgSRUQxRDc5MzMyMzlFRDU0NEQ0AA==,9431bdc0-7a42-4f5e-a86a-fc2b174f08bf,6c77c2c8-de8c-477c-b5e3-cdab13a925c6,f2743829-9058-4a1e-aaf0-1a536e6508b9
f5408fd6-c161-48e0-9046-7c8159409127,Hi,INCOMING,2026-06-14 09:36:38,wamid.HBgMOTE3MDUwMDQ3MTU5FQIAEhggQUNCMjVGODQ0NzdCQjNBRDcyNEVEM0JCMkUyRTZDQjYA,9431bdc0-7a42-4f5e-a86a-fc2b174f08bf,6c77c2c8-de8c-477c-b5e3-cdab13a925c6,f2743829-9058-4a1e-aaf0-1a536e6508b9
d0aa151c-a805-4ea6-8f7e-cda65341cf17,"≡ƒæï Hello HIMANSHU!
Welcome to *Gyan VaniAI*.

Please choose from our services below ≡ƒæç

Options: ≡ƒÆ╗ Start Project, Appoitments, ≡ƒôé About & Contact, ≡ƒåÿ Human Support",OUTGOING,2026-06-14 09:36:42.55765,wamid.HBgMOTE3MDUwMDQ3MTU5FQIAERgSODk0MzA0Mjk5MzRGREI0MjY0AA==,9431bdc0-7a42-4f5e-a86a-fc2b174f08bf,6c77c2c8-de8c-477c-b5e3-cdab13a925c6,f2743829-9058-4a1e-aaf0-1a536e6508b9
ca21e43b-096d-4c46-ba92-1fed2e58a106,Appoitments,INCOMING,2026-06-14 09:36:47,wamid.HBgMOTE3MDUwMDQ3MTU5FQIAEhggQUNGMEEyODdGNUNDOEQzRTUxMDY5NEZGMTYzNDY1MzgA,9431bdc0-7a42-4f5e-a86a-fc2b174f08bf,6c77c2c8-de8c-477c-b5e3-cdab13a925c6,f2743829-9058-4a1e-aaf0-1a536e6508b9
5786e5a2-85ee-4b1d-958a-0372a68c2c32,"Options: ≡ƒÆ╗ Start Project, Appoitments, ≡ƒôé About & Contact, ≡ƒåÿ Human Support",OUTGOING,2026-06-14 09:36:48.719784,wamid.HBgMOTE3MDUwMDQ3MTU5FQIAERgSRTlFNzRGRTIxRTI5RTFGMkU0AA==,9431bdc0-7a42-4f5e-a86a-fc2b174f08bf,6c77c2c8-de8c-477c-b5e3-cdab13a925c6,f2743829-9058-4a1e-aaf0-1a536e6508b9
ed91b11a-b94c-40bf-89f9-862f7d0c6001,Appoitments,INCOMING,2026-06-14 09:37:03,wamid.HBgMOTE3MDUwMDQ3MTU5FQIAEhggQUM5QTMxNjM1RkE4RUIyMjJBRTQ5RUU4MzUzNEM0NzYA,9431bdc0-7a42-4f5e-a86a-fc2b174f08bf,6c77c2c8-de8c-477c-b5e3-cdab13a925c6,f2743829-9058-4a1e-aaf0-1a536e6508b9
b9136291-d010-4891-81dd-083dfd8869f5,"Options: ≡ƒÆ╗ Start Project, Appoitments, ≡ƒôé About & Contact, ≡ƒåÿ Human Support",OUTGOING,2026-06-14 09:37:05.114371,wamid.HBgMOTE3MDUwMDQ3MTU5FQIAERgSRDI1QzYwMzQ4NEZDRjgzRDFCAA==,9431bdc0-7a42-4f5e-a86a-fc2b174f08bf,6c77c2c8-de8c-477c-b5e3-cdab13a925c6,f2743829-9058-4a1e-aaf0-1a536e6508b9
dc5927c7-05ea-42b3-bf34-28a5cf3237d2,Whatvis gyanvani,INCOMING,2026-06-14 09:37:20,wamid.HBgMOTE3MDUwMDQ3MTU5FQIAEhggQUMyMzc2RkUwMDI4NjMzMEZERDg1NDVDMTAwRDQwNDAA,9431bdc0-7a42-4f5e-a86a-fc2b174f08bf,6c77c2c8-de8c-477c-b5e3-cdab13a925c6,f2743829-9058-4a1e-aaf0-1a536e6508b9
bd1646a9-56a1-4c24-8158-578ad074ae91,"Options: ≡ƒÆ╗ Start Project, Appoitments, ≡ƒôé About & Contact, ≡ƒåÿ Human Support",OUTGOING,2026-06-14 09:37:24.096293,wamid.HBgMOTE3MDUwMDQ3MTU5FQIAERgSMTFFRjdCMzQxODdDMzhFQTBFAA==,9431bdc0-7a42-4f5e-a86a-fc2b174f08bf,6c77c2c8-de8c-477c-b5e3-cdab13a925c6,f2743829-9058-4a1e-aaf0-1a536e6508b9
1553ee3c-de88-420f-8303-375c631a18c0,Hi,INCOMING,2026-06-14 09:40:14,wamid.HBgMOTE3MDUwMDQ3MTU5FQIAEhggQUNCNTc4RkMyOUYwMDZCNEI1MDIzMzg5NzZBM0Q1QTcA,9431bdc0-7a42-4f5e-a86a-fc2b174f08bf,6c77c2c8-de8c-477c-b5e3-cdab13a925c6,f2743829-9058-4a1e-aaf0-1a536e6508b9
910764ee-4f07-4c79-a132-f07f497364ae,"≡ƒæï Hello HIMANSHU!
Welcome to *Gyan VaniAI*.

Please choose from our services below ≡ƒæç

Options: ≡ƒÆ╗ Start Project, Appoitments, ≡ƒôé About & Contact",OUTGOING,2026-06-14 09:40:22.708741,wamid.HBgMOTE3MDUwMDQ3MTU5FQIAERgSQTE4RDZGQzIzRTNCODFCQzE5AA==,9431bdc0-7a42-4f5e-a86a-fc2b174f08bf,6c77c2c8-de8c-477c-b5e3-cdab13a925c6,f2743829-9058-4a1e-aaf0-1a536e6508b9
1d21a430-05ba-4002-97e9-212835cad43c,Hi,INCOMING,2026-06-14 09:44:05,wamid.HBgMOTE3MDUwMDQ3MTU5FQIAEhggQUM5RUIyRDlGQUZCMjc3OTBGMUI0QTFDQzhDNDQ1NDkA,9431bdc0-7a42-4f5e-a86a-fc2b174f08bf,6c77c2c8-de8c-477c-b5e3-cdab13a925c6,f2743829-9058-4a1e-aaf0-1a536e6508b9
64ce0bf8-fe09-44e2-a274-0d1d4685bac9,"≡ƒæï Hello HIMANSHU!
Welcome to *Gyan VaniAI*.

Please choose from our services below ≡ƒæç

Options: ≡ƒÆ╗ Book Appointment, Appoitments, ≡ƒôé About & Contact",OUTGOING,2026-06-14 09:44:08.34932,wamid.HBgMOTE3MDUwMDQ3MTU5FQIAERgSQzY2QTZDMEMxQ0IxODUxNkM0AA==,9431bdc0-7a42-4f5e-a86a-fc2b174f08bf,6c77c2c8-de8c-477c-b5e3-cdab13a925c6,f2743829-9058-4a1e-aaf0-1a536e6508b9
949d090c-5952-420c-8ad7-a769e65708c1,Hi,INCOMING,2026-06-14 09:58:23,wamid.HBgMOTE3MDUwMDQ3MTU5FQIAEhggQUM2NjBFQkMwMTg4QTZFMjhDRTAwREM1OTc0RTgzQzQA,9431bdc0-7a42-4f5e-a86a-fc2b174f08bf,6c77c2c8-de8c-477c-b5e3-cdab13a925c6,f2743829-9058-4a1e-aaf0-1a536e6508b9
35d411a6-689c-4dfb-9eb9-9b1c5e6f48db,"≡ƒæï Hello HIMANSHU!
Welcome to *Gyan VaniAI*.

Please choose from our services below ≡ƒæç

Options: ≡ƒÆ╗ Book Appointment, Appoitments, ≡ƒôé About & Contact",OUTGOING,2026-06-14 09:58:29.879757,wamid.HBgMOTE3MDUwMDQ3MTU5FQIAERgSNDUzNTlBNzdFNTJGODdEOUJDAA==,9431bdc0-7a42-4f5e-a86a-fc2b174f08bf,6c77c2c8-de8c-477c-b5e3-cdab13a925c6,f2743829-9058-4a1e-aaf0-1a536e6508b9
f657e574-cba2-442d-aadc-60a8b505b2bf,Hi,INCOMING,2026-06-14 09:59:17,wamid.HBgMOTE3MDUwMDQ3MTU5FQIAEhggQUM4MEQxODQzN0ZDMzE5Q0E5OTQ2RTdGNkFDMkVBOEYA,9431bdc0-7a42-4f5e-a86a-fc2b174f08bf,6c77c2c8-de8c-477c-b5e3-cdab13a925c6,f2743829-9058-4a1e-aaf0-1a536e6508b9
04d00933-3a1f-4a3b-82b0-d8d0fa7cff97,"≡ƒæï Hello HIMANSHU!
Welcome to *Gyan VaniAI*.

Please choose from our services below ≡ƒæç

Options: ≡ƒÆ╗ Start Project, Appoitments, ≡ƒôé About & Contact",OUTGOING,2026-06-14 09:59:19.765756,wamid.HBgMOTE3MDUwMDQ3MTU5FQIAERgSQkQyMjE1MjhCRDRCMThCRkU4AA==,9431bdc0-7a42-4f5e-a86a-fc2b174f08bf,6c77c2c8-de8c-477c-b5e3-cdab13a925c6,f2743829-9058-4a1e-aaf0-1a536e6508b9
5ea1b9cd-b3eb-4fe9-a573-a68a5c3cfc38,Hi,INCOMING,2026-06-14 09:59:34,wamid.HBgMOTE3MDUwMDQ3MTU5FQIAEhggQUNFQzM0OTdCMEMxQ0YyM0NBQzY5QTA0QjY3NTVERkUA,9431bdc0-7a42-4f5e-a86a-fc2b174f08bf,6c77c2c8-de8c-477c-b5e3-cdab13a925c6,f2743829-9058-4a1e-aaf0-1a536e6508b9
4f3f57e9-0b1e-40d0-b4f3-7c36bc7a005a,"≡ƒæï Hello HIMANSHU!
Welcome to *Gyan VaniAI*.

Please choose from our services below ≡ƒæç

Options: ≡ƒÆ╗ Book Service, Appoitments, ≡ƒôé About & Contact",OUTGOING,2026-06-14 09:59:35.369394,wamid.HBgMOTE3MDUwMDQ3MTU5FQIAERgSQ0M5N0RFQUU0QzJCMEMyODA3AA==,9431bdc0-7a42-4f5e-a86a-fc2b174f08bf,6c77c2c8-de8c-477c-b5e3-cdab13a925c6,f2743829-9058-4a1e-aaf0-1a536e6508b9
49a5a873-a728-44b3-b157-822fde76800c,Hi,INCOMING,2026-06-14 10:03:33,wamid.HBgMOTE3MDUwMDQ3MTU5FQIAEhggQUNEMzUzRDQ1MkMzOTU5NjQ3RjlGN0I4NDg5RjIzOTgA,9431bdc0-7a42-4f5e-a86a-fc2b174f08bf,6c77c2c8-de8c-477c-b5e3-cdab13a925c6,f2743829-9058-4a1e-aaf0-1a536e6508b9
0971496d-fc5a-4e26-98ca-f40c7aed21a4,"≡ƒæï Hello HIMANSHU!
Welcome to *Gyan VaniAI*.

Please choose from our services below ≡ƒæç

Options: ≡ƒÆ╗ Book Service, Appoitments, ≡ƒôé About & Contact",OUTGOING,2026-06-14 10:03:36.643247,wamid.HBgMOTE3MDUwMDQ3MTU5FQIAERgSRUFFNzVENDRBNjgxQTgwRjJDAA==,9431bdc0-7a42-4f5e-a86a-fc2b174f08bf,6c77c2c8-de8c-477c-b5e3-cdab13a925c6,f2743829-9058-4a1e-aaf0-1a536e6508b9
cd87cdb0-cb9b-4a0f-8b59-e471dc81d227,Hi,INCOMING,2026-06-14 10:03:54,wamid.HBgMOTE3MDUwMDQ3MTU5FQIAEhggQUMwNjdDOUQ2MzQ3Mjc0QzVDMDA1RDU3OTM2QUJGMTgA,9431bdc0-7a42-4f5e-a86a-fc2b174f08bf,6c77c2c8-de8c-477c-b5e3-cdab13a925c6,f2743829-9058-4a1e-aaf0-1a536e6508b9
eab9c9b5-c991-403b-8b90-d24ae1b40af3,"≡ƒæï Hello HIMANSHU!
Welcome to *Gyan VaniAI*.

Please choose from our services below ≡ƒæç

Options: ≡ƒÆ╗ Book Appointment, Appoitments, ≡ƒôé About & Contact",OUTGOING,2026-06-14 10:03:56.603343,wamid.HBgMOTE3MDUwMDQ3MTU5FQIAERgSQTI4NEI0OURBN0JGOEFEMzA0AA==,9431bdc0-7a42-4f5e-a86a-fc2b174f08bf,6c77c2c8-de8c-477c-b5e3-cdab13a925c6,f2743829-9058-4a1e-aaf0-1a536e6508b9
e0ba1fc2-610c-44a1-93ec-ce89b9050e90,Hi,INCOMING,2026-06-14 10:06:53,wamid.HBgMOTE3MDUwMDQ3MTU5FQIAEhggQUM5NDVBRDA0QkY3N0FDMkVBNTQxQjJEMENCQ0IzNUIA,9431bdc0-7a42-4f5e-a86a-fc2b174f08bf,6c77c2c8-de8c-477c-b5e3-cdab13a925c6,f2743829-9058-4a1e-aaf0-1a536e6508b9
b7b560fd-4fb3-4e6f-8d0f-7a75dc81a994,"≡ƒæï Hello HIMANSHU!
Welcome to *Gyan VaniAI*.

Please choose from our services below ≡ƒæç

Options: ≡ƒÆ╗ Book Appointment, Appoitments, ≡ƒôé About & Contact",OUTGOING,2026-06-14 10:06:55.599377,wamid.HBgMOTE3MDUwMDQ3MTU5FQIAERgSNzI2OTdEMjIwMTY3RjVCMTQyAA==,9431bdc0-7a42-4f5e-a86a-fc2b174f08bf,6c77c2c8-de8c-477c-b5e3-cdab13a925c6,f2743829-9058-4a1e-aaf0-1a536e6508b9
7ef315bf-64a9-43c6-9653-b629480d9881,Hi,INCOMING,2026-06-14 10:13:06,wamid.HBgMOTE3MDUwMDQ3MTU5FQIAEhggQUMzRkEyMUY2OTA4NjgzMjBGOUU1Q0RFNjU0NzM2MDcA,9431bdc0-7a42-4f5e-a86a-fc2b174f08bf,6c77c2c8-de8c-477c-b5e3-cdab13a925c6,f2743829-9058-4a1e-aaf0-1a536e6508b9
894b9897-26e6-44eb-9d12-6a74a9aa8914,"≡ƒæï Hello HIMANSHU!
Welcome to *Gyan VaniAI*.

Please choose from our services below ≡ƒæç

Options: ≡ƒÆ╗ Book Appointment, ≡ƒÆ╗ Enquire Now, Appoitments, ≡ƒôé About & Contact",OUTGOING,2026-06-14 10:13:09.16044,wamid.HBgMOTE3MDUwMDQ3MTU5FQIAERgSMDM1NEU5MTlFOEFERDAxM0U0AA==,9431bdc0-7a42-4f5e-a86a-fc2b174f08bf,6c77c2c8-de8c-477c-b5e3-cdab13a925c6,f2743829-9058-4a1e-aaf0-1a536e6508b9
2e6304d6-b7de-45e7-bb6b-83bc63e22a67,Hi,INCOMING,2026-06-14 10:13:28,wamid.HBgMOTE3MDUwMDQ3MTU5FQIAEhggQUM2QzcwQzQ3NjM2QUM5RURCODMyMTI5M0FGNDc1RjkA,9431bdc0-7a42-4f5e-a86a-fc2b174f08bf,6c77c2c8-de8c-477c-b5e3-cdab13a925c6,f2743829-9058-4a1e-aaf0-1a536e6508b9
5df455af-d57c-4e0e-b7c9-682e44fa32fc,"≡ƒæï Hello HIMANSHU!
Welcome to *Gyan VaniAI*.

Please choose from our services below ≡ƒæç

Options: ≡ƒÆ╗ Enquire Now, Appoitments, ≡ƒôé About & Contact",OUTGOING,2026-06-14 10:13:30.142416,wamid.HBgMOTE3MDUwMDQ3MTU5FQIAERgSRDk0NjkzQTREOEE0REYyNjc3AA==,9431bdc0-7a42-4f5e-a86a-fc2b174f08bf,6c77c2c8-de8c-477c-b5e3-cdab13a925c6,f2743829-9058-4a1e-aaf0-1a536e6508b9
957dd8d7-ff28-49ec-803e-d867af0de28f,Hi,INCOMING,2026-06-14 10:13:41,wamid.HBgMOTE3MDUwMDQ3MTU5FQIAEhggQUM1RjU5RDdERThDQkQ1RTlDMkM1RDRFMDM3NUI5RTcA,9431bdc0-7a42-4f5e-a86a-fc2b174f08bf,6c77c2c8-de8c-477c-b5e3-cdab13a925c6,f2743829-9058-4a1e-aaf0-1a536e6508b9
017d3aaa-eb4b-4a84-83dc-76e3d0c2c04e,"≡ƒæï Hello HIMANSHU!
Welcome to *Gyan VaniAI*.

Please choose from our services below ≡ƒæç

Options: ≡ƒÆ╗ Book Service, ≡ƒÆ╗ Enquire Now, Appoitments, ≡ƒôé About & Contact",OUTGOING,2026-06-14 10:13:42.34446,wamid.HBgMOTE3MDUwMDQ3MTU5FQIAERgSODFBOEUxNTNEREE0QkRCOTIwAA==,9431bdc0-7a42-4f5e-a86a-fc2b174f08bf,6c77c2c8-de8c-477c-b5e3-cdab13a925c6,f2743829-9058-4a1e-aaf0-1a536e6508b9
301328d0-0136-415a-b98a-5b5edc544346,≡ƒÆ╗ Book Service,INCOMING,2026-06-14 10:13:56,wamid.HBgMOTE3MDUwMDQ3MTU5FQIAEhggQUM3NDM1MkFENDhCMDQ1N0ZDNEE4MjYzQjY0QjY0QkUA,9431bdc0-7a42-4f5e-a86a-fc2b174f08bf,6c77c2c8-de8c-477c-b5e3-cdab13a925c6,f2743829-9058-4a1e-aaf0-1a536e6508b9
2b920f11-7a9e-40bd-88b4-2be6f890bae2,"≡ƒÄ¿ Which design service are you officially booking?

Options: Full Website Design, Logo & Branding Package, Hourly Retainer",OUTGOING,2026-06-14 10:13:57.467206,wamid.HBgMOTE3MDUwMDQ3MTU5FQIAERgSODNBMUZDNEE0MkU4QTk5MDhEAA==,9431bdc0-7a42-4f5e-a86a-fc2b174f08bf,6c77c2c8-de8c-477c-b5e3-cdab13a925c6,f2743829-9058-4a1e-aaf0-1a536e6508b9
7da1e409-adf1-4926-9a97-60707c14f067,Full Website Design,INCOMING,2026-06-14 10:14:04,wamid.HBgMOTE3MDUwMDQ3MTU5FQIAEhggQUNDQkVCMjM3NkEwMTU5QTlCQTQ1RjJFODNDMzM3RkUA,9431bdc0-7a42-4f5e-a86a-fc2b174f08bf,6c77c2c8-de8c-477c-b5e3-cdab13a925c6,f2743829-9058-4a1e-aaf0-1a536e6508b9
5ca0d47d-7303-4d38-a7de-f143d01844bb,≡ƒôà When should we kick off the project?,OUTGOING,2026-06-14 10:14:05.065543,wamid.HBgMOTE3MDUwMDQ3MTU5FQIAERgSNTRFNUI2QkRBMzkzNkY3NjUxAA==,9431bdc0-7a42-4f5e-a86a-fc2b174f08bf,6c77c2c8-de8c-477c-b5e3-cdab13a925c6,f2743829-9058-4a1e-aaf0-1a536e6508b9
4ba54415-2262-4a68-b678-a2dc1ec05072,Na,INCOMING,2026-06-14 10:14:18,wamid.HBgMOTE3MDUwMDQ3MTU5FQIAEhggQUM4MEQ0NjdCQ0RERTgzODg4QUNENzBGMTk5OEI1QzcA,9431bdc0-7a42-4f5e-a86a-fc2b174f08bf,6c77c2c8-de8c-477c-b5e3-cdab13a925c6,f2743829-9058-4a1e-aaf0-1a536e6508b9
138f7445-2ed9-4ad1-b14f-72f17ed795aa,≡ƒô⌐ Email for the project contract and invoice:,OUTGOING,2026-06-14 10:14:19.618543,wamid.HBgMOTE3MDUwMDQ3MTU5FQIAERgSRkI2RDQxRDk3NDU3Q0NFRDIxAA==,9431bdc0-7a42-4f5e-a86a-fc2b174f08bf,6c77c2c8-de8c-477c-b5e3-cdab13a925c6,f2743829-9058-4a1e-aaf0-1a536e6508b9
cb73568b-2162-4747-af7f-a2c005434525,Hkbharti77@gmail.com,INCOMING,2026-06-14 10:14:26,wamid.HBgMOTE3MDUwMDQ3MTU5FQIAEhggQUMyMTFCNEZGQjNBNUFDOEY5OTlEMEJCRENCMjdBNkUA,9431bdc0-7a42-4f5e-a86a-fc2b174f08bf,6c77c2c8-de8c-477c-b5e3-cdab13a925c6,f2743829-9058-4a1e-aaf0-1a536e6508b9
535d60e6-e271-4d45-8a16-e79621346356,"≡ƒÄë *Booking Confirmed!*

≡ƒôî *opt_1*

We've reserved your slot. Our team will reach out to confirm details shortly. See you soon! ≡ƒÿè",OUTGOING,2026-06-14 10:14:38.512607,wamid.HBgMOTE3MDUwMDQ3MTU5FQIAERgSNTI1NDg0RTBDMjdFNjNBNTZCAA==,9431bdc0-7a42-4f5e-a86a-fc2b174f08bf,6c77c2c8-de8c-477c-b5e3-cdab13a925c6,f2743829-9058-4a1e-aaf0-1a536e6508b9
787c10cf-9e0f-40e1-ab44-94a5523d22f4,"≡ƒæï Hello HIMANSHU!
Welcome to *Gyan VaniAI*.

Please choose from our services below ≡ƒæç

Options: ≡ƒÆ╗ Book Service, ≡ƒÆ╗ Enquire Now, Appoitments, ≡ƒôé About & Contact",OUTGOING,2026-06-14 21:50:11.741111,wamid.HBgMOTE3MDUwMDQ3MTU5FQIAERgSQkY1ODA0NzE2REFFMDgyNjdDAA==,9431bdc0-7a42-4f5e-a86a-fc2b174f08bf,6c77c2c8-de8c-477c-b5e3-cdab13a925c6,f2743829-9058-4a1e-aaf0-1a536e6508b9
13450d1f-dc54-4c8c-9b92-f08f5ae44fff,What is gyanvani about,INCOMING,2026-06-14 21:50:20,wamid.HBgMOTE3MDUwMDQ3MTU5FQIAEhggQUNFMTdFQjVCRkE3QjlEQTAyNjFERjcwOUE0NkFFNjUA,9431bdc0-7a42-4f5e-a86a-fc2b174f08bf,6c77c2c8-de8c-477c-b5e3-cdab13a925c6,f2743829-9058-4a1e-aaf0-1a536e6508b9
827beedc-d6ed-4ab7-9f42-b92e24923d90,"Options: ≡ƒÆ╗ Book Service, ≡ƒÆ╗ Enquire Now, Appoitments, ≡ƒôé About & Contact",OUTGOING,2026-06-14 21:50:21.438954,wamid.HBgMOTE3MDUwMDQ3MTU5FQIAERgSNjc5RUI2MEU1OThCQzIwQjQ1AA==,9431bdc0-7a42-4f5e-a86a-fc2b174f08bf,6c77c2c8-de8c-477c-b5e3-cdab13a925c6,f2743829-9058-4a1e-aaf0-1a536e6508b9
4c528ed8-fd19-4ced-b5ed-c6ec5270ed6c,Tell me about gyanvani,INCOMING,2026-06-14 21:50:46,wamid.HBgMOTE3MDUwMDQ3MTU5FQIAEhggQUM2NDAzRENDMURGNjBBMkREQjAxODlEQ0UwOEQxQTEA,9431bdc0-7a42-4f5e-a86a-fc2b174f08bf,6c77c2c8-de8c-477c-b5e3-cdab13a925c6,f2743829-9058-4a1e-aaf0-1a536e6508b9
996b8fba-ef30-491c-b055-0a34cc19014c,"Options: ≡ƒÆ╗ Book Service, ≡ƒÆ╗ Enquire Now, Appoitments, ≡ƒôé About & Contact",OUTGOING,2026-06-14 21:50:47.232956,wamid.HBgMOTE3MDUwMDQ3MTU5FQIAERgSQzQ3RDdFNzc3NTM2OTAxMTk5AA==,9431bdc0-7a42-4f5e-a86a-fc2b174f08bf,6c77c2c8-de8c-477c-b5e3-cdab13a925c6,f2743829-9058-4a1e-aaf0-1a536e6508b9
7c93fb75-33bc-494f-a3a9-4c121088149c,Tell me about service,INCOMING,2026-06-14 21:52:11,wamid.HBgMOTE3MDUwMDQ3MTU5FQIAEhggQUM4MzUwQ0E1QTY0RTQxQzg4ODE2QzA5MDhGN0IxMEYA,9431bdc0-7a42-4f5e-a86a-fc2b174f08bf,6c77c2c8-de8c-477c-b5e3-cdab13a925c6,f2743829-9058-4a1e-aaf0-1a536e6508b9
c24dd474-9b0d-47d9-b7fa-28427a85e2a8,"Options: ≡ƒÆ╗ Book Service, ≡ƒÆ╗ Enquire Now, Appoitments, ≡ƒôé About & Contact",OUTGOING,2026-06-14 21:52:14.700768,wamid.HBgMOTE3MDUwMDQ3MTU5FQIAERgSMzBEMzM3NjJEMEU0QUM1NkMxAA==,9431bdc0-7a42-4f5e-a86a-fc2b174f08bf,6c77c2c8-de8c-477c-b5e3-cdab13a925c6,f2743829-9058-4a1e-aaf0-1a536e6508b9
60ff2fe3-bbba-4c61-a99d-c5e89c24e432,What is Gyani VaniAi and what services does it provide?,INCOMING,2026-06-14 21:54:57,wamid.HBgMOTE5OTA1OTQxNzI4FQIAEhgWM0VCMEFBRTA0NUQwNzU0N0UzMEVDMgA=,9431bdc0-7a42-4f5e-a86a-fc2b174f08bf,705ebb7f-2697-4d69-9872-c863f714d164,f2743829-9058-4a1e-aaf0-1a536e6508b9
d332dc5a-2bff-4823-94e9-fbe12839e330,"Options: ≡ƒÆ╗ Book Service, ≡ƒÆ╗ Enquire Now, Appoitments, ≡ƒôé About & Contact",OUTGOING,2026-06-14 21:55:21.818935,wamid.HBgMOTE5OTA1OTQxNzI4FQIAERgSMEI2M0NBNTdDRkU0ODk5MzcxAA==,9431bdc0-7a42-4f5e-a86a-fc2b174f08bf,705ebb7f-2697-4d69-9872-c863f714d164,f2743829-9058-4a1e-aaf0-1a536e6508b9
392847a7-3051-40e7-8c2c-1bce647a2895,What is Gyani VaniAi and what services does it provide?,INCOMING,2026-06-14 22:00:10,wamid.HBgMOTE5OTA1OTQxNzI4FQIAEhggQUNBMjg0MUEzQkVENkZCQjQ2NkJCODk1RDRCMTBDQzcA,9431bdc0-7a42-4f5e-a86a-fc2b174f08bf,705ebb7f-2697-4d69-9872-c863f714d164,f2743829-9058-4a1e-aaf0-1a536e6508b9
b2e29124-5bbc-49d7-bd69-d77b4ba01106,"Options: ≡ƒÆ╗ Book Service, ≡ƒÆ╗ Enquire Now, Appoitments, ≡ƒôé About & Contact",OUTGOING,2026-06-14 22:00:13.434188,wamid.HBgMOTE5OTA1OTQxNzI4FQIAERgSRTRDMjFFQ0FCMzEzNjA1MDY0AA==,9431bdc0-7a42-4f5e-a86a-fc2b174f08bf,705ebb7f-2697-4d69-9872-c863f714d164,f2743829-9058-4a1e-aaf0-1a536e6508b9
b9dff813-c370-4865-a6b6-708efe2122ab,What is Gyani VaniAi and what services does it provide?,INCOMING,2026-06-14 22:04:11,wamid.HBgMOTE5OTA1OTQxNzI4FQIAEhggQUMwMzVENkZBQTQxNDA4QzRCOTZCODc2N0EzMEQ3MjUA,9431bdc0-7a42-4f5e-a86a-fc2b174f08bf,705ebb7f-2697-4d69-9872-c863f714d164,f2743829-9058-4a1e-aaf0-1a536e6508b9
b0f78ae8-cdf6-4000-90f6-e086c1fa8c86,"Options: ≡ƒÆ╗ Book Service, ≡ƒÆ╗ Enquire Now, Appoitments, ≡ƒôé About & Contact",OUTGOING,2026-06-14 22:04:13.461471,wamid.HBgMOTE5OTA1OTQxNzI4FQIAERgSMzZEMDExNDY1RTIyNTA0RDc0AA==,9431bdc0-7a42-4f5e-a86a-fc2b174f08bf,705ebb7f-2697-4d69-9872-c863f714d164,f2743829-9058-4a1e-aaf0-1a536e6508b9
52c17c8e-dd49-40e9-81d8-74427911b468,What is the vision of gyan vaniai,INCOMING,2026-06-14 22:05:02,wamid.HBgMOTE5OTA1OTQxNzI4FQIAEhggQUNBNTUwNjM4MzE3REU4NDE4NDY3Q0YxNzQ4MjIxMUUA,9431bdc0-7a42-4f5e-a86a-fc2b174f08bf,705ebb7f-2697-4d69-9872-c863f714d164,f2743829-9058-4a1e-aaf0-1a536e6508b9
8efe7da4-6c25-458d-b84a-aac56cb94494,"Options: ≡ƒÆ╗ Book Service, ≡ƒÆ╗ Enquire Now, Appoitments, ≡ƒôé About & Contact",OUTGOING,2026-06-14 22:05:04.739872,wamid.HBgMOTE5OTA1OTQxNzI4FQIAERgSQzdCNDUzNUY4RDRENDQ3NDAyAA==,9431bdc0-7a42-4f5e-a86a-fc2b174f08bf,705ebb7f-2697-4d69-9872-c863f714d164,f2743829-9058-4a1e-aaf0-1a536e6508b9
a021fe5f-c0cc-4e21-ac0f-4daffe2c4f18,What is the vision of gyan vaniai,INCOMING,2026-06-14 22:08:30,wamid.HBgMOTE5OTA1OTQxNzI4FQIAEhggQUNFRjE1QUY3OTYzMUJFMzMxMjUwMURGRDY1MkMzMUUA,9431bdc0-7a42-4f5e-a86a-fc2b174f08bf,705ebb7f-2697-4d69-9872-c863f714d164,f2743829-9058-4a1e-aaf0-1a536e6508b9
a52d9eba-a539-445a-b566-42b4db471c4c,"Options: ≡ƒÆ╗ Book Service, ≡ƒÆ╗ Enquire Now, Appoitments, ≡ƒôé About & Contact",OUTGOING,2026-06-14 22:08:33.344104,wamid.HBgMOTE5OTA1OTQxNzI4FQIAERgSNTUwQkIzNDZFNkREMjA0RTk3AA==,9431bdc0-7a42-4f5e-a86a-fc2b174f08bf,705ebb7f-2697-4d69-9872-c863f714d164,f2743829-9058-4a1e-aaf0-1a536e6508b9
fd44c722-a8d1-4f43-9c9a-2083c79ea4d2,Tell me about your services,INCOMING,2026-06-15 21:46:45,wamid.HBgMOTE5OTA1OTQxNzI4FQIAEhggQUNGQ0JGN0RGRDVGQzE5QUU1REE4RTU5MkM1NTBDMDQA,9431bdc0-7a42-4f5e-a86a-fc2b174f08bf,705ebb7f-2697-4d69-9872-c863f714d164,f2743829-9058-4a1e-aaf0-1a536e6508b9
40c5a5e2-24c7-4101-a8d8-90198ddaac01,"Options: ≡ƒÆ╗ Book Service, ≡ƒÆ╗ Enquire Now, Appoitments, ≡ƒôé About & Contact",OUTGOING,2026-06-15 21:47:21.293151,wamid.HBgMOTE5OTA1OTQxNzI4FQIAERgSRjc4RTBEQThENUE5Q0RGOEEwAA==,9431bdc0-7a42-4f5e-a86a-fc2b174f08bf,705ebb7f-2697-4d69-9872-c863f714d164,f2743829-9058-4a1e-aaf0-1a536e6508b9
46f522d3-6150-4de3-a9e7-f53ebe1ad287,"Options: ≡ƒÆ╗ Book Service, ≡ƒÆ╗ Enquire Now, Appoitments, ≡ƒôé About & Contact",OUTGOING,2026-06-15 21:47:23.632304,wamid.HBgMOTE5OTA1OTQxNzI4FQIAERgSRjY2QzBGRERENUYxNkE4NjAzAA==,9431bdc0-7a42-4f5e-a86a-fc2b174f08bf,705ebb7f-2697-4d69-9872-c863f714d164,f2743829-9058-4a1e-aaf0-1a536e6508b9
72802e9a-2de2-4c5f-93da-14edcc29257d,"Options: ≡ƒÆ╗ Book Service, ≡ƒÆ╗ Enquire Now, Appoitments, ≡ƒôé About & Contact",OUTGOING,2026-06-15 21:47:25.49077,wamid.HBgMOTE5OTA1OTQxNzI4FQIAERgSMEM4OERERDRFOEMwQjNEMzMyAA==,9431bdc0-7a42-4f5e-a86a-fc2b174f08bf,705ebb7f-2697-4d69-9872-c863f714d164,f2743829-9058-4a1e-aaf0-1a536e6508b9
b65d57ae-5913-4992-bff9-0fc2209f8d0c,Tell me about your services,INCOMING,2026-06-15 21:47:40,wamid.HBgMOTE5OTA1OTQxNzI4FQIAEhggQUNGMjM2NUU2MDc4OEE4NDAyRTNCODI0MTQ0N0I3MUYA,9431bdc0-7a42-4f5e-a86a-fc2b174f08bf,705ebb7f-2697-4d69-9872-c863f714d164,f2743829-9058-4a1e-aaf0-1a536e6508b9
38909a39-55bc-4ca7-a51e-77eaafb80fbb,"Options: ≡ƒÆ╗ Book Service, ≡ƒÆ╗ Enquire Now, Appoitments, ≡ƒôé About & Contact",OUTGOING,2026-06-15 21:47:50.881398,wamid.HBgMOTE5OTA1OTQxNzI4FQIAERgSNTE3QzhDRDNDMDRBMzZBNkFGAA==,9431bdc0-7a42-4f5e-a86a-fc2b174f08bf,705ebb7f-2697-4d69-9872-c863f714d164,f2743829-9058-4a1e-aaf0-1a536e6508b9
7e262456-b9b1-4836-bbc4-be2627e16eb3,Hi,INCOMING,2026-06-15 21:52:11,wamid.HBgMOTE5OTA1OTQxNzI4FQIAEhggQUNBMjQwMEZBOUJBNkY1NzlENEI4REMxNkVDRUM4N0QA,9431bdc0-7a42-4f5e-a86a-fc2b174f08bf,705ebb7f-2697-4d69-9872-c863f714d164,f2743829-9058-4a1e-aaf0-1a536e6508b9
ac57f99a-ce40-458d-b16b-313800fb98f9,"≡ƒæï Hello Himanshu!
Welcome to *Gyan VaniAI*.

Please choose from our services below ≡ƒæç

Options: ≡ƒÆ╗ Book Service, ≡ƒÆ╗ Enquire Now, Appoitments, ≡ƒôé About & Contact",OUTGOING,2026-06-15 21:52:13.41955,wamid.HBgMOTE5OTA1OTQxNzI4FQIAERgSMTFDMTQ5MjQxRDEyN0EwQjlDAA==,9431bdc0-7a42-4f5e-a86a-fc2b174f08bf,705ebb7f-2697-4d69-9872-c863f714d164,f2743829-9058-4a1e-aaf0-1a536e6508b9
268a119f-92d3-456b-a489-d95c29d4c822,Tell me about your services,INCOMING,2026-06-15 21:52:25,wamid.HBgMOTE5OTA1OTQxNzI4FQIAEhggQUNENUUyNjY5NDk5MDEyRDdBMDlDNUJCMTc5NzkzM0IA,9431bdc0-7a42-4f5e-a86a-fc2b174f08bf,705ebb7f-2697-4d69-9872-c863f714d164,f2743829-9058-4a1e-aaf0-1a536e6508b9
abe39639-a665-423a-b9ae-928ca3f5a432,"Options: ≡ƒÆ╗ Book Service, ≡ƒÆ╗ Enquire Now, Appoitments, ≡ƒôé About & Contact",OUTGOING,2026-06-15 21:52:26.835988,wamid.HBgMOTE5OTA1OTQxNzI4FQIAERgSRjI1ODExMTBERjZFMDBFOTQzAA==,9431bdc0-7a42-4f5e-a86a-fc2b174f08bf,705ebb7f-2697-4d69-9872-c863f714d164,f2743829-9058-4a1e-aaf0-1a536e6508b9
b24ac86f-a41b-456d-92f5-6122ba8aa2d9,Tell me about your services,INCOMING,2026-06-15 22:03:28,wamid.HBgMOTE5OTA1OTQxNzI4FQIAEhggQUM0ODgxRjM0RTc4MDcyRDk4REQzMjE4NjRGRjQ1MDUA,9431bdc0-7a42-4f5e-a86a-fc2b174f08bf,705ebb7f-2697-4d69-9872-c863f714d164,f2743829-9058-4a1e-aaf0-1a536e6508b9
8e2c69d6-29bc-4cae-a456-5012d5cb0250,I'm having trouble connecting to my knowledge base right now. Please try again later.,OUTGOING,2026-06-15 22:03:33.444842,wamid.HBgMOTE5OTA1OTQxNzI4FQIAERgSRDFCMkNENDcxNDE4Qjk2RkVGAA==,9431bdc0-7a42-4f5e-a86a-fc2b174f08bf,705ebb7f-2697-4d69-9872-c863f714d164,f2743829-9058-4a1e-aaf0-1a536e6508b9
4ec283e1-3502-4418-809b-27e67b57898a,Tell me about your services,INCOMING,2026-06-15 22:04:40,wamid.HBgMOTE5OTA1OTQxNzI4FQIAEhggQUM1NzlDQ0EzOTVCQTQyODI5RTA3QzhGQjVFMDdCREMA,9431bdc0-7a42-4f5e-a86a-fc2b174f08bf,705ebb7f-2697-4d69-9872-c863f714d164,f2743829-9058-4a1e-aaf0-1a536e6508b9
cd9b2d54-5469-404e-b5c6-3e2dd137c0e1,I'm having trouble connecting to my knowledge base right now. Please try again later.,OUTGOING,2026-06-15 22:04:42.40438,wamid.HBgMOTE5OTA1OTQxNzI4FQIAERgSRDM3QzExMENEMzlDNjU1QzYyAA==,9431bdc0-7a42-4f5e-a86a-fc2b174f08bf,705ebb7f-2697-4d69-9872-c863f714d164,f2743829-9058-4a1e-aaf0-1a536e6508b9
634443ba-aec0-4d05-9da6-fdb63b7890fa,Tell me about your services,INCOMING,2026-06-15 22:05:03,wamid.HBgMOTE5OTA1OTQxNzI4FQIAEhggQUNFQUVGMThERkU1QTZFMDg5QTcxMTBDRjhGRkQzMzAA,9431bdc0-7a42-4f5e-a86a-fc2b174f08bf,705ebb7f-2697-4d69-9872-c863f714d164,f2743829-9058-4a1e-aaf0-1a536e6508b9
21582a7a-29a6-4ccf-9b20-267540e8f616,Hi,INCOMING,2026-06-16 08:34:09,wamid.HBgMOTE3MDUwMDQ3MTU5FQIAEhggQUM4RjE5ODBBODRERDUyNDg2NTAzMzkxQTM3MzUzMDgA,9431bdc0-7a42-4f5e-a86a-fc2b174f08bf,6c77c2c8-de8c-477c-b5e3-cdab13a925c6,f2743829-9058-4a1e-aaf0-1a536e6508b9
8f910745-1bb6-4594-8620-cba2bcc63b74,I'm having trouble connecting to my knowledge base right now. Please try again later.,OUTGOING,2026-06-15 22:05:05.31742,wamid.HBgMOTE5OTA1OTQxNzI4FQIAERgSQTYyNUUxNzgwODM2MEExOTdEAA==,9431bdc0-7a42-4f5e-a86a-fc2b174f08bf,705ebb7f-2697-4d69-9872-c863f714d164,f2743829-9058-4a1e-aaf0-1a536e6508b9
9ecc6676-6ecb-4c0e-aa32-c423fa617f61,Enquire Now,INCOMING,2026-06-15 22:07:46,wamid.HBgMOTE5OTA1OTQxNzI4FQIAEhggQUM3M0I0MEEwRTk2NzRFMDhFNUQxNEY4NkNGMjEzNEIA,9431bdc0-7a42-4f5e-a86a-fc2b174f08bf,705ebb7f-2697-4d69-9872-c863f714d164,f2743829-9058-4a1e-aaf0-1a536e6508b9
dd32aa47-dd9b-4498-aed8-dfadb89e2087,"≡ƒÄ¿ Which design service are you officially booking?

Options: Full Website Design, Logo & Branding Package, Hourly Retainer",OUTGOING,2026-06-15 22:07:53.098279,wamid.HBgMOTE5OTA1OTQxNzI4FQIAERgSMTY3OTU4OTQxOUZBNUI0QUU1AA==,9431bdc0-7a42-4f5e-a86a-fc2b174f08bf,705ebb7f-2697-4d69-9872-c863f714d164,f2743829-9058-4a1e-aaf0-1a536e6508b9
f4a80360-3e95-4839-aee6-f1923e8cb933,Tell me about your services,INCOMING,2026-06-15 22:13:51,wamid.HBgMOTE5OTA1OTQxNzI4FQIAEhggQUNCQjNERkRDOUNDNzgyRkY0NENCNzc3MUE5Nzc1NDcA,9431bdc0-7a42-4f5e-a86a-fc2b174f08bf,705ebb7f-2697-4d69-9872-c863f714d164,f2743829-9058-4a1e-aaf0-1a536e6508b9
f10ebb2b-29d1-4846-a034-d04e71479f7d,≡ƒôà When should we kick off the project?,OUTGOING,2026-06-15 22:13:53.594405,wamid.HBgMOTE5OTA1OTQxNzI4FQIAERgSOTNENUZENjNCMkU4Mzg2QTNDAA==,9431bdc0-7a42-4f5e-a86a-fc2b174f08bf,705ebb7f-2697-4d69-9872-c863f714d164,f2743829-9058-4a1e-aaf0-1a536e6508b9
d9d6f06f-524d-4dea-9d24-d504f383e7ea,Cancel,INCOMING,2026-06-15 22:14:01,wamid.HBgMOTE5OTA1OTQxNzI4FQIAEhggQUNEMEMxQUZBRDg4RUREMzY0MUMyQzI4MjczMzJGQzgA,9431bdc0-7a42-4f5e-a86a-fc2b174f08bf,705ebb7f-2697-4d69-9872-c863f714d164,f2743829-9058-4a1e-aaf0-1a536e6508b9
19b184c1-9a0b-4fa1-92c5-d44102c29e61,≡ƒô⌐ Email for the project contract and invoice:,OUTGOING,2026-06-15 22:14:01.977905,wamid.HBgMOTE5OTA1OTQxNzI4FQIAERgSRDA3OTQzNURGQkYxNEJFRDU5AA==,9431bdc0-7a42-4f5e-a86a-fc2b174f08bf,705ebb7f-2697-4d69-9872-c863f714d164,f2743829-9058-4a1e-aaf0-1a536e6508b9
d49e2557-b75d-4a57-9fd6-d4818c50f8fb,Hkbharti77@gmail.com,INCOMING,2026-06-15 22:14:11,wamid.HBgMOTE5OTA1OTQxNzI4FQIAEhggQUMwRTVFRENFRkZFQzVCQ0Q5MzVFOTE1MjY1QjQzQUIA,9431bdc0-7a42-4f5e-a86a-fc2b174f08bf,705ebb7f-2697-4d69-9872-c863f714d164,f2743829-9058-4a1e-aaf0-1a536e6508b9
8b3d7ea3-65b0-49e6-83e3-7b526e94eabc,"≡ƒÄë *Booking Confirmed!*

≡ƒôî *Tell me about your services*

We've reserved your slot. Our team will reach out to confirm details shortly. See you soon! ≡ƒÿè",OUTGOING,2026-06-15 22:14:20.393895,wamid.HBgMOTE5OTA1OTQxNzI4FQIAERgSQjlCRjQ1QkVCREM4QzJEOUU1AA==,9431bdc0-7a42-4f5e-a86a-fc2b174f08bf,705ebb7f-2697-4d69-9872-c863f714d164,f2743829-9058-4a1e-aaf0-1a536e6508b9
b16e18ca-6686-4aad-85ec-cfb76842fb88,Tell me about your services,INCOMING,2026-06-15 22:14:30,wamid.HBgMOTE5OTA1OTQxNzI4FQIAEhggQUNGMDIyNTZDNjBFNTFCMDE0OTg5RUYzQjJGMTk2Q0QA,9431bdc0-7a42-4f5e-a86a-fc2b174f08bf,705ebb7f-2697-4d69-9872-c863f714d164,f2743829-9058-4a1e-aaf0-1a536e6508b9
611fcf5f-2941-4661-a443-925e43ed9b67,"Gyani VaniAi offers an Agent Handoff Solution to ensure seamless transitions from AI bots to human agents, reducing customer frustration and improving satisfaction. We also provide WhatsApp, Telegram & Email Marketing services, including bulk campaign setup, personalized email campaigns, and performance tracking.",OUTGOING,2026-06-15 22:14:33.973835,wamid.HBgMOTE5OTA1OTQxNzI4FQIAERgSMzFBMERCMDc5ODY4QjRDMEQyAA==,9431bdc0-7a42-4f5e-a86a-fc2b174f08bf,705ebb7f-2697-4d69-9872-c863f714d164,f2743829-9058-4a1e-aaf0-1a536e6508b9
e68183ec-325a-4617-aa9f-914e0a73f8f7,Hi,INCOMING,2026-06-15 22:16:38,wamid.HBgMOTE5OTA1OTQxNzI4FQIAEhggQUNBOUU1MTA5QjBENjk0QThEQjhCOURFRDk1QTREMzAA,9431bdc0-7a42-4f5e-a86a-fc2b174f08bf,705ebb7f-2697-4d69-9872-c863f714d164,f2743829-9058-4a1e-aaf0-1a536e6508b9
e67c67e6-b618-4c5f-8f71-20a9cb307a25,"≡ƒæï Hello Himanshu!
Welcome to *Gyan VaniAI*.

Please choose from our services below ≡ƒæç

Options: ≡ƒÆ╗ Book Service, ≡ƒÆ╗ Enquire Now, Appoitments, ≡ƒôé About & Contact",OUTGOING,2026-06-15 22:16:41.671714,wamid.HBgMOTE5OTA1OTQxNzI4FQIAERgSNURGRDIxNjhGQkUzRjUzQzE0AA==,9431bdc0-7a42-4f5e-a86a-fc2b174f08bf,705ebb7f-2697-4d69-9872-c863f714d164,f2743829-9058-4a1e-aaf0-1a536e6508b9
8ab5aaf9-eaea-4128-a2bc-760092ba5202,≡ƒÆ╗ Book Service,INCOMING,2026-06-15 22:24:40,wamid.HBgMOTE5OTA1OTQxNzI4FQIAEhggQUNDQUFEQzM4MjVEOUIxQ0Y1QjE2QjI5NEQzQkM2OTMA,9431bdc0-7a42-4f5e-a86a-fc2b174f08bf,705ebb7f-2697-4d69-9872-c863f714d164,f2743829-9058-4a1e-aaf0-1a536e6508b9
437f3fff-6f26-4552-89de-8e2cd13de380,"≡ƒÄ¿ Which design service are you officially booking?

Options: Full Website Design, Logo & Branding Package, Hourly Retainer",OUTGOING,2026-06-15 22:24:42.985796,wamid.HBgMOTE5OTA1OTQxNzI4FQIAERgSMEI4QjRDNDdERkQ2Qzk1MTJCAA==,9431bdc0-7a42-4f5e-a86a-fc2b174f08bf,705ebb7f-2697-4d69-9872-c863f714d164,f2743829-9058-4a1e-aaf0-1a536e6508b9
83effaf3-43cf-420f-8a51-a8227a7fb978,Full Website Design,INCOMING,2026-06-15 22:24:46,wamid.HBgMOTE5OTA1OTQxNzI4FQIAEhggQUM5NUJFNUFFQTI0RkVDQUM1MDI0QUVBNzc4MEEwQTEA,9431bdc0-7a42-4f5e-a86a-fc2b174f08bf,705ebb7f-2697-4d69-9872-c863f714d164,f2743829-9058-4a1e-aaf0-1a536e6508b9
807a195d-db6f-4d01-9b52-f9709ec67b90,≡ƒôà When should we kick off the project?,OUTGOING,2026-06-15 22:24:47.814602,wamid.HBgMOTE5OTA1OTQxNzI4FQIAERgSRTc0NTlBRTBGQzhDRkRDOUQyAA==,9431bdc0-7a42-4f5e-a86a-fc2b174f08bf,705ebb7f-2697-4d69-9872-c863f714d164,f2743829-9058-4a1e-aaf0-1a536e6508b9
fa2e0b38-413f-4e80-8370-4315869f0ee2,Xyz,INCOMING,2026-06-15 22:25:25,wamid.HBgMOTE5OTA1OTQxNzI4FQIAEhggQUNENDQyQkRGRkZCOTYzQTNCNkRGRUZFNEU1OTc1MTMA,9431bdc0-7a42-4f5e-a86a-fc2b174f08bf,705ebb7f-2697-4d69-9872-c863f714d164,f2743829-9058-4a1e-aaf0-1a536e6508b9
591d8816-53ad-4fc6-86ba-c89025ec915a,≡ƒô⌐ Email for the project contract and invoice:,OUTGOING,2026-06-15 22:25:26.394913,wamid.HBgMOTE5OTA1OTQxNzI4FQIAERgSMjNCRkQ0OUJCRjRFQ0IyNTVBAA==,9431bdc0-7a42-4f5e-a86a-fc2b174f08bf,705ebb7f-2697-4d69-9872-c863f714d164,f2743829-9058-4a1e-aaf0-1a536e6508b9
c800b1f2-0762-4b9f-9ce8-29f99d892035,Hkbharti77@gmail.com,INCOMING,2026-06-15 22:25:32,wamid.HBgMOTE5OTA1OTQxNzI4FQIAEhggQUMxRTZBRkVEMDlDODA1QTA5QjkwOUFGNzhBMkVBREYA,9431bdc0-7a42-4f5e-a86a-fc2b174f08bf,705ebb7f-2697-4d69-9872-c863f714d164,f2743829-9058-4a1e-aaf0-1a536e6508b9
fbddfada-231f-459f-94c8-5521a320ba0d,"≡ƒÄë *Booking Confirmed!*

≡ƒôî *opt_1*

We've reserved your slot. Our team will reach out to confirm details shortly. See you soon! ≡ƒÿè",OUTGOING,2026-06-15 22:25:43.179633,wamid.HBgMOTE5OTA1OTQxNzI4FQIAERgSODhDODMwNDhDOEM4Q0UyQ0NCAA==,9431bdc0-7a42-4f5e-a86a-fc2b174f08bf,705ebb7f-2697-4d69-9872-c863f714d164,f2743829-9058-4a1e-aaf0-1a536e6508b9
4369126c-20bb-4e79-97b0-ae73f4953f47,Hi,INCOMING,2026-06-15 22:26:15,wamid.HBgMOTE5OTA1OTQxNzI4FQIAEhggQUNGRjFFODRGRjQ4Qzc3MzUyM0U5MzMxNjlDMkRBN0UA,9431bdc0-7a42-4f5e-a86a-fc2b174f08bf,705ebb7f-2697-4d69-9872-c863f714d164,f2743829-9058-4a1e-aaf0-1a536e6508b9
d4b46032-fbd7-41ee-923e-37bbfa5a1dac,"≡ƒæï Hello Himanshu!
Welcome to *Gyan VaniAI*.

Please choose from our services below ≡ƒæç

Options: ≡ƒÆ╗ Book Service, ≡ƒÆ╗ Enquire Now, Appoitments, ≡ƒôé About & Contact",OUTGOING,2026-06-15 22:26:19.857201,wamid.HBgMOTE5OTA1OTQxNzI4FQIAERgSMDcyQUI5NUVCQTM3OTZGNjJDAA==,9431bdc0-7a42-4f5e-a86a-fc2b174f08bf,705ebb7f-2697-4d69-9872-c863f714d164,f2743829-9058-4a1e-aaf0-1a536e6508b9
af5c5b17-04cd-49a8-8ab7-0fe73e64f13d,≡ƒÆ╗ Enquire Now,INCOMING,2026-06-15 22:26:26,wamid.HBgMOTE5OTA1OTQxNzI4FQIAEhggQUM0OTdBNjlDRjNCQjZCN0Y0QUY2NkUyREQwMzUzMjEA,9431bdc0-7a42-4f5e-a86a-fc2b174f08bf,705ebb7f-2697-4d69-9872-c863f714d164,f2743829-9058-4a1e-aaf0-1a536e6508b9
5b0a09d8-f57c-42ce-a5f0-c38504a7018d,"≡ƒÆ╗ What type of design project do you need?

Options: xyz, Γ£ì∩╕Å Not in list / Other",OUTGOING,2026-06-15 22:26:26.892713,wamid.HBgMOTE5OTA1OTQxNzI4FQIAERgSQUY1MTVBRjI3N0JGOUUwNDU4AA==,9431bdc0-7a42-4f5e-a86a-fc2b174f08bf,705ebb7f-2697-4d69-9872-c863f714d164,f2743829-9058-4a1e-aaf0-1a536e6508b9
27364925-3746-4df0-9d1f-211b0ea37e9e,xyz,INCOMING,2026-06-15 22:26:33,wamid.HBgMOTE5OTA1OTQxNzI4FQIAEhggQUNDN0M3M0ExOENBNDA0QUM2MUI4NUM5NEIxRkNEODcA,9431bdc0-7a42-4f5e-a86a-fc2b174f08bf,705ebb7f-2697-4d69-9872-c863f714d164,f2743829-9058-4a1e-aaf0-1a536e6508b9
93cc67ce-3ca0-4a1c-a151-fdca6618d369,≡ƒôà When should we kick off the project?,OUTGOING,2026-06-15 22:26:34.034522,wamid.HBgMOTE5OTA1OTQxNzI4FQIAERgSRkU5OTRGN0FEMkU2QzAzRDY4AA==,9431bdc0-7a42-4f5e-a86a-fc2b174f08bf,705ebb7f-2697-4d69-9872-c863f714d164,f2743829-9058-4a1e-aaf0-1a536e6508b9
6b3d6819-0da9-4b0a-9d2d-a51bfa82f420,Testing,INCOMING,2026-06-15 22:26:42,wamid.HBgMOTE5OTA1OTQxNzI4FQIAEhggQUMxQzVBRkY2QTcwRkE1MEJDMUZCRDUzRjQ2REU1RkMA,9431bdc0-7a42-4f5e-a86a-fc2b174f08bf,705ebb7f-2697-4d69-9872-c863f714d164,f2743829-9058-4a1e-aaf0-1a536e6508b9
04d9dbc0-6cd9-4bf4-a392-15d79889e91f,≡ƒô⌐ Email for the project contract and invoice:,OUTGOING,2026-06-15 22:26:43.622676,wamid.HBgMOTE5OTA1OTQxNzI4FQIAERgSMkFDNDA1MDc4QUUxNEJGRkFCAA==,9431bdc0-7a42-4f5e-a86a-fc2b174f08bf,705ebb7f-2697-4d69-9872-c863f714d164,f2743829-9058-4a1e-aaf0-1a536e6508b9
06c7cc24-6359-4a02-a776-8403724dd5c9,Himanshu.bharti@mobiloitte.com,INCOMING,2026-06-15 22:26:52,wamid.HBgMOTE5OTA1OTQxNzI4FQIAEhggQUNCOTRDNjhBOUVDNjUzQTUwMDEyOEI4MUVBNTdEMDcA,9431bdc0-7a42-4f5e-a86a-fc2b174f08bf,705ebb7f-2697-4d69-9872-c863f714d164,f2743829-9058-4a1e-aaf0-1a536e6508b9
0d2c037c-05c9-4244-94c8-395e8862549d,"≡ƒñ¥ *Thank you!*

We've noted your interest in *General Enquiry*.
Your reference number is: *GYAN-L-20260615-0001*

Our expert will contact you within 24 hours with the best options for you.",OUTGOING,2026-06-15 22:26:56.786593,wamid.HBgMOTE5OTA1OTQxNzI4FQIAERgSRTA5OTU1MEVDRDUwQkZCMjRGAA==,9431bdc0-7a42-4f5e-a86a-fc2b174f08bf,705ebb7f-2697-4d69-9872-c863f714d164,f2743829-9058-4a1e-aaf0-1a536e6508b9
2fe37693-9033-46ac-adbd-00ad44ddb00a,Tell me about your services,INCOMING,2026-06-15 23:46:03,wamid.HBgMOTE5OTA1OTQxNzI4FQIAEhggQUNENEQ5MThFRTQ1QTU2RjA2MzEzMDUxMzQyNkVBQ0YA,9431bdc0-7a42-4f5e-a86a-fc2b174f08bf,705ebb7f-2697-4d69-9872-c863f714d164,f2743829-9058-4a1e-aaf0-1a536e6508b9
f14bbe6e-ce32-4889-8268-f37a2dc2ebd3,"Gyani VaniAi offers an Agent Handoff Solution to ensure seamless transitions from AI bots to human agents, reducing customer frustration and improving satisfaction. We also provide WhatsApp, Telegram & Email Marketing services, including bulk campaign setup, personalized email campaigns, and performance tracking.",OUTGOING,2026-06-15 23:46:05.925156,wamid.HBgMOTE5OTA1OTQxNzI4FQIAERgSQzczNEVCRERBQkQ5NDc0NTAzAA==,9431bdc0-7a42-4f5e-a86a-fc2b174f08bf,705ebb7f-2697-4d69-9872-c863f714d164,f2743829-9058-4a1e-aaf0-1a536e6508b9
2f885867-bc79-4229-9544-f45091e952c1,Enquire Now,INCOMING,2026-06-15 23:46:15,wamid.HBgMOTE5OTA1OTQxNzI4FQIAEhggQUM0MkZFNjdBQTkyM0MzOTZEMENBQzk1RjI3QTMwNzIA,9431bdc0-7a42-4f5e-a86a-fc2b174f08bf,705ebb7f-2697-4d69-9872-c863f714d164,f2743829-9058-4a1e-aaf0-1a536e6508b9
75a56b63-fea0-48f3-9d7c-9c0d6e9cb6a2,Hi,INCOMING,2026-06-16 00:58:51,wamid.HBgMOTE5OTA1OTQxNzI4FQIAEhggQUNGN0FGOEM3REU2NEREN0M4MzdCRkFCMzRDQzE3REMA,9431bdc0-7a42-4f5e-a86a-fc2b174f08bf,705ebb7f-2697-4d69-9872-c863f714d164,f2743829-9058-4a1e-aaf0-1a536e6508b9
f1bbccfe-b2b0-46e3-a67e-dec64131a71c,"≡ƒæï Hello Himanshu!
Welcome to *Gyan VaniAI*.

Please choose from our services below ≡ƒæç

Options: ≡ƒÆ╗ Enquire Now, Appoitments, ≡ƒôé About & Contact",OUTGOING,2026-06-16 00:58:57.502276,wamid.HBgMOTE5OTA1OTQxNzI4FQIAERgSN0JERDNENjREQzhBRDdENzJEAA==,9431bdc0-7a42-4f5e-a86a-fc2b174f08bf,705ebb7f-2697-4d69-9872-c863f714d164,f2743829-9058-4a1e-aaf0-1a536e6508b9
e42920ed-a79c-4128-9f5a-fe5d26f5be86,≡ƒÆ╗ Enquire Now,INCOMING,2026-06-16 00:59:09,wamid.HBgMOTE5OTA1OTQxNzI4FQIAEhggQUM2QTkzREQ0MEU1Q0ZBNDk5OTI2RjIxMzRENzUyMUQA,9431bdc0-7a42-4f5e-a86a-fc2b174f08bf,705ebb7f-2697-4d69-9872-c863f714d164,f2743829-9058-4a1e-aaf0-1a536e6508b9
0e34ff6a-16d1-4a90-8bbb-eaa06fc95c46,≡ƒæï What is your full name?,OUTGOING,2026-06-16 00:59:10.196441,wamid.HBgMOTE5OTA1OTQxNzI4FQIAERgSMkEyQjE4MjMwMTM0M0RCRUM0AA==,9431bdc0-7a42-4f5e-a86a-fc2b174f08bf,705ebb7f-2697-4d69-9872-c863f714d164,f2743829-9058-4a1e-aaf0-1a536e6508b9
75de8075-f174-40b9-98fd-c8c216979909,Himanshu,INCOMING,2026-06-16 01:00:14,wamid.HBgMOTE5OTA1OTQxNzI4FQIAEhggQUNCOEI1MTFGNURCOEY3RDA0MTBCMkIzNjIwQzVCOTQA,9431bdc0-7a42-4f5e-a86a-fc2b174f08bf,705ebb7f-2697-4d69-9872-c863f714d164,f2743829-9058-4a1e-aaf0-1a536e6508b9
28ec5339-6447-4447-9c3a-7f44fcf20e05,≡ƒô▒ Please provide your contact number:,OUTGOING,2026-06-16 01:00:15.590798,wamid.HBgMOTE5OTA1OTQxNzI4FQIAERgSRTNDM0U2RDMwNUZEOEI4MzdGAA==,9431bdc0-7a42-4f5e-a86a-fc2b174f08bf,705ebb7f-2697-4d69-9872-c863f714d164,f2743829-9058-4a1e-aaf0-1a536e6508b9
75602154-1986-40a4-a474-71b28026e4eb,70500 47159,INCOMING,2026-06-16 01:00:21,wamid.HBgMOTE5OTA1OTQxNzI4FQIAEhggQUM3RjJCMzg0QTFBODg4QTVCMDFDNTZERjYwRkFFMTQA,9431bdc0-7a42-4f5e-a86a-fc2b174f08bf,705ebb7f-2697-4d69-9872-c863f714d164,f2743829-9058-4a1e-aaf0-1a536e6508b9
30906f1a-59d6-4656-be48-5fc85da115e2,≡ƒô⌐ What is your email address?,OUTGOING,2026-06-16 01:00:22.507097,wamid.HBgMOTE5OTA1OTQxNzI4FQIAERgSNUVCMDZFNDYwNzhCOUVGQjFGAA==,9431bdc0-7a42-4f5e-a86a-fc2b174f08bf,705ebb7f-2697-4d69-9872-c863f714d164,f2743829-9058-4a1e-aaf0-1a536e6508b9
db96d506-d925-4f26-bf56-8c63b281c711,Hkbharti77@gmail.com,INCOMING,2026-06-16 01:00:27,wamid.HBgMOTE5OTA1OTQxNzI4FQIAEhggQUMyNENFNUY4N0ZDMzZBNTI2MTZDMjgwRDYxQjM3RTQA,9431bdc0-7a42-4f5e-a86a-fc2b174f08bf,705ebb7f-2697-4d69-9872-c863f714d164,f2743829-9058-4a1e-aaf0-1a536e6508b9
0cd2fe70-a7d9-4db4-bfa9-f497efa56d4c,"≡ƒôï Which service category are you interested in?

Options: Consultation, Installation/Setup, Repair/Maintenance, Other",OUTGOING,2026-06-16 01:00:28.555249,wamid.HBgMOTE5OTA1OTQxNzI4FQIAERgSNjU0MDUyNDFGNDZCMjVCNDIyAA==,9431bdc0-7a42-4f5e-a86a-fc2b174f08bf,705ebb7f-2697-4d69-9872-c863f714d164,f2743829-9058-4a1e-aaf0-1a536e6508b9
ae0f4691-2f0d-4ef7-9b5a-d8de0838d2bf,Consultation,INCOMING,2026-06-16 01:00:37,wamid.HBgMOTE5OTA1OTQxNzI4FQIAEhggQUM0ODA3QjFDN0M1OEIwMEMyMjEyNDIwQUIyMTExMDAA,9431bdc0-7a42-4f5e-a86a-fc2b174f08bf,705ebb7f-2697-4d69-9872-c863f714d164,f2743829-9058-4a1e-aaf0-1a536e6508b9
8953518e-5d19-4f1a-8874-c359c1b92656,≡ƒô¥ Please describe your specific requirement in detail:,OUTGOING,2026-06-16 01:00:38.496399,wamid.HBgMOTE5OTA1OTQxNzI4FQIAERgSRUFDNUVDMzg4QTg4MjFGRjUzAA==,9431bdc0-7a42-4f5e-a86a-fc2b174f08bf,705ebb7f-2697-4d69-9872-c863f714d164,f2743829-9058-4a1e-aaf0-1a536e6508b9
76a5d4e8-0d3e-4b92-b5fe-f2a2dc60cf4f,Testing Testing Testing,INCOMING,2026-06-16 01:00:44,wamid.HBgMOTE5OTA1OTQxNzI4FQIAEhggQUM3ODNFNjdFQTM5ODkwNzEzQjA2Q0MwRjA2OTRDNjMA,9431bdc0-7a42-4f5e-a86a-fc2b174f08bf,705ebb7f-2697-4d69-9872-c863f714d164,f2743829-9058-4a1e-aaf0-1a536e6508b9
4a3f1e0e-cb65-4772-b8b4-89c4bc36cf4c,"≡ƒñ¥ *Thank you, Himanshu!*

We've noted your interest in *General Enquiry*.
Your reference number is: *GYAN-L-20260616-0001*

Our expert will contact you within 24 hours with the best options for you.",OUTGOING,2026-06-16 01:00:50.745522,wamid.HBgMOTE5OTA1OTQxNzI4FQIAERgSOEIzMENGNjhGNjA0NEQ5NzBGAA==,9431bdc0-7a42-4f5e-a86a-fc2b174f08bf,705ebb7f-2697-4d69-9872-c863f714d164,f2743829-9058-4a1e-aaf0-1a536e6508b9
0338daa5-ccdc-45c4-8682-6e1cf27579f4,Hi,INCOMING,2026-06-16 01:02:10,wamid.HBgMOTE5OTA1OTQxNzI4FQIAEhggQUM4Rjc5NjQ3NkExMzU3MDJEM0M5MTRDQTRENjk0MDgA,9431bdc0-7a42-4f5e-a86a-fc2b174f08bf,705ebb7f-2697-4d69-9872-c863f714d164,f2743829-9058-4a1e-aaf0-1a536e6508b9
50bb5776-b0a0-459a-b3ac-c8fdc8a4056f,"≡ƒæï Hello Himanshu!
Welcome to *Gyan VaniAI*.

Please choose from our services below ≡ƒæç

Options: ≡ƒÆ╗ Enquire Now, Appoitments, ≡ƒôé About & Contact",OUTGOING,2026-06-16 01:02:13.507685,wamid.HBgMOTE5OTA1OTQxNzI4FQIAERgSRTM4RjE3RjQyMTU3MTI4Nzk0AA==,9431bdc0-7a42-4f5e-a86a-fc2b174f08bf,705ebb7f-2697-4d69-9872-c863f714d164,f2743829-9058-4a1e-aaf0-1a536e6508b9
9c7421d7-7f58-4053-ae69-f81525c11c75,≡ƒÆ╗ Enquire Now,INCOMING,2026-06-16 01:02:19,wamid.HBgMOTE5OTA1OTQxNzI4FQIAEhggQUM5RjY3QUZGNDMyQUM5QjkzODk1OTA0N0M2MzM1NDYA,9431bdc0-7a42-4f5e-a86a-fc2b174f08bf,705ebb7f-2697-4d69-9872-c863f714d164,f2743829-9058-4a1e-aaf0-1a536e6508b9
d8f268d3-a143-47db-a8cb-f441046e00a7,≡ƒæï What is your full name?,OUTGOING,2026-06-16 01:02:19.884779,wamid.HBgMOTE5OTA1OTQxNzI4FQIAERgSQkI0RTA3OTI4NTRBRUIzRjcxAA==,9431bdc0-7a42-4f5e-a86a-fc2b174f08bf,705ebb7f-2697-4d69-9872-c863f714d164,f2743829-9058-4a1e-aaf0-1a536e6508b9
b097052a-a183-4638-8a1b-8c7f0f7feb5b,H,INCOMING,2026-06-16 01:02:25,wamid.HBgMOTE5OTA1OTQxNzI4FQIAEhggQUM5NEUxRDQ5OTJDNDE0RTQyRjQ0MzBCRjVGQTgzRTEA,9431bdc0-7a42-4f5e-a86a-fc2b174f08bf,705ebb7f-2697-4d69-9872-c863f714d164,f2743829-9058-4a1e-aaf0-1a536e6508b9
b2ac609d-5008-4197-b307-fa9a3b91d7df,≡ƒô▒ Please provide your contact number:,OUTGOING,2026-06-16 01:02:26.660833,wamid.HBgMOTE5OTA1OTQxNzI4FQIAERgSNkY5MjBBNjlGNTAxNjQzMUE4AA==,9431bdc0-7a42-4f5e-a86a-fc2b174f08bf,705ebb7f-2697-4d69-9872-c863f714d164,f2743829-9058-4a1e-aaf0-1a536e6508b9
4cda18f0-5dcc-4a07-810d-9443932a897b,66778,INCOMING,2026-06-16 01:02:31,wamid.HBgMOTE5OTA1OTQxNzI4FQIAEhggQUMyRUFDMTIyNkRBOTg0RDZFOUUzM0I0NkJFRUU1QUEA,9431bdc0-7a42-4f5e-a86a-fc2b174f08bf,705ebb7f-2697-4d69-9872-c863f714d164,f2743829-9058-4a1e-aaf0-1a536e6508b9
09cd5336-d68e-4cb2-b97a-7ec26cfc5b7f,≡ƒô⌐ What is your email address?,OUTGOING,2026-06-16 01:02:31.691559,wamid.HBgMOTE5OTA1OTQxNzI4FQIAERgSRDFERUVEODQyRDI1QkI2MUZDAA==,9431bdc0-7a42-4f5e-a86a-fc2b174f08bf,705ebb7f-2697-4d69-9872-c863f714d164,f2743829-9058-4a1e-aaf0-1a536e6508b9
0b7a69b5-00a5-4080-9c02-05a5f1a1ea79,Hjjj,INCOMING,2026-06-16 01:02:36,wamid.HBgMOTE5OTA1OTQxNzI4FQIAEhggQUM1REJGMjM3NjczMzgwM0M4NDk1RURBRkM5MzY3QkQA,9431bdc0-7a42-4f5e-a86a-fc2b174f08bf,705ebb7f-2697-4d69-9872-c863f714d164,f2743829-9058-4a1e-aaf0-1a536e6508b9
0b5cdb6e-33b1-4b16-8b1c-f57150ea4702,"≡ƒôï Which service category are you interested in?

Options: Consultation, Installation/Setup, Repair/Maintenance, Other",OUTGOING,2026-06-16 01:02:36.77157,wamid.HBgMOTE5OTA1OTQxNzI4FQIAERgSMEEyQTlEOTUxRDM3RkRCQjNCAA==,9431bdc0-7a42-4f5e-a86a-fc2b174f08bf,705ebb7f-2697-4d69-9872-c863f714d164,f2743829-9058-4a1e-aaf0-1a536e6508b9
df5ec8b5-9cb3-4fcb-a663-2173837cccf2,Installation/Setup,INCOMING,2026-06-16 01:02:41,wamid.HBgMOTE5OTA1OTQxNzI4FQIAEhggQUM5RjREOEU0NDI4OTJGNTEzQkQ1OEVGMzFCRjE2Q0EA,9431bdc0-7a42-4f5e-a86a-fc2b174f08bf,705ebb7f-2697-4d69-9872-c863f714d164,f2743829-9058-4a1e-aaf0-1a536e6508b9
af83d550-1671-4424-a649-803c3f6ad7bf,≡ƒô¥ Please describe your specific requirement in detail:,OUTGOING,2026-06-16 01:02:42.348207,wamid.HBgMOTE5OTA1OTQxNzI4FQIAERgSQTYzQjQzMzU5MTc0NENDMEI3AA==,9431bdc0-7a42-4f5e-a86a-fc2b174f08bf,705ebb7f-2697-4d69-9872-c863f714d164,f2743829-9058-4a1e-aaf0-1a536e6508b9
bf8700b6-9bfd-409e-9bcc-34bd96ae7139,Ttyt,INCOMING,2026-06-16 01:02:48,wamid.HBgMOTE5OTA1OTQxNzI4FQIAEhggQUNEMzJGRjYzQ0IyQkQ5MUZDNDE1NzFDQTI1REQ5NkUA,9431bdc0-7a42-4f5e-a86a-fc2b174f08bf,705ebb7f-2697-4d69-9872-c863f714d164,f2743829-9058-4a1e-aaf0-1a536e6508b9
853beff6-1d87-4129-a299-5d253a77c1fa,"≡ƒñ¥ *Thank you, H!*

We've noted your interest in *General Enquiry*.
Your reference number is: *GYAN-L-20260616-0001*

Our expert will contact you within 24 hours with the best options for you.",OUTGOING,2026-06-16 01:02:52.940055,wamid.HBgMOTE5OTA1OTQxNzI4FQIAERgSOTgyQzBFNkY0NTA2NURBRTkwAA==,9431bdc0-7a42-4f5e-a86a-fc2b174f08bf,705ebb7f-2697-4d69-9872-c863f714d164,f2743829-9058-4a1e-aaf0-1a536e6508b9
fc9460f2-e586-4c0a-a6da-17c10495486c,What is gyanvani ai sevices provides tell me point by points,INCOMING,2026-06-16 01:24:10,wamid.HBgMOTE5OTA1OTQxNzI4FQIAEhggQUMyRjZERkIyMDIyMTM5RTYzOUU5QjlFQkRBMzA4RUUA,9431bdc0-7a42-4f5e-a86a-fc2b174f08bf,705ebb7f-2697-4d69-9872-c863f714d164,f2743829-9058-4a1e-aaf0-1a536e6508b9
cf77e9b3-0193-448b-9d85-89a67aaf2163,"Gyani VaniAi provides cutting-edge web application development, AI-powered automation, and comprehensive business software solutions. They also build and implement complete Agent Handoff Systems, integrated across platforms like WhatsApp, Telegram, Instagram, and Web Chat.",OUTGOING,2026-06-16 01:24:32.821524,wamid.HBgMOTE5OTA1OTQxNzI4FQIAERgSM0E1MjU0RDhGNkYzRjdBRkU0AA==,9431bdc0-7a42-4f5e-a86a-fc2b174f08bf,705ebb7f-2697-4d69-9872-c863f714d164,f2743829-9058-4a1e-aaf0-1a536e6508b9
fdded127-8c16-4adb-89d7-3ddd9a2565fa,"≡ƒæï Hello HIMANSHU!
Welcome to *Gyan VaniAI*.

Please choose from our services below ≡ƒæç

Options: ≡ƒÆ╗ Enquire Now, Appoitments, ≡ƒôé About & Contact",OUTGOING,2026-06-16 08:34:21.196447,wamid.HBgMOTE3MDUwMDQ3MTU5FQIAERgSQzc5M0ZFQTI5QkUwQUM4MzEzAA==,9431bdc0-7a42-4f5e-a86a-fc2b174f08bf,6c77c2c8-de8c-477c-b5e3-cdab13a925c6,f2743829-9058-4a1e-aaf0-1a536e6508b9
4abe74b4-4e33-4ea9-8c41-61bd1ced08af,I'm having trouble connecting to my knowledge base right now. Please try again later.,OUTGOING,2026-06-16 08:34:22.032784,wamid.HBgMOTE3MDUwMDQ3MTU5FQIAERgSMjNFODFCREU1QTQzQUEwNUIzAA==,9431bdc0-7a42-4f5e-a86a-fc2b174f08bf,6c77c2c8-de8c-477c-b5e3-cdab13a925c6,f2743829-9058-4a1e-aaf0-1a536e6508b9
a3f4ac76-43e2-478d-a5f1-23e26d606e12,Enquire Now,INCOMING,2026-06-16 08:34:25,wamid.HBgMOTE3MDUwMDQ3MTU5FQIAEhggQUMzRUMzQTFDODYyOURFNUU0RDU0RUFBNTIxMDZEQUQA,9431bdc0-7a42-4f5e-a86a-fc2b174f08bf,6c77c2c8-de8c-477c-b5e3-cdab13a925c6,f2743829-9058-4a1e-aaf0-1a536e6508b9
89473a15-e875-4cd8-ada7-94638bd7719d,≡ƒæï What is your full name?,OUTGOING,2026-06-16 08:34:26.898847,wamid.HBgMOTE3MDUwMDQ3MTU5FQIAERgSRTIyOEZDODU2NjBDQjIzODczAA==,9431bdc0-7a42-4f5e-a86a-fc2b174f08bf,6c77c2c8-de8c-477c-b5e3-cdab13a925c6,f2743829-9058-4a1e-aaf0-1a536e6508b9
da587211-b85f-4de6-9633-23f9a47eb299,Himanshu,INCOMING,2026-06-16 08:34:32,wamid.HBgMOTE3MDUwMDQ3MTU5FQIAEhggQUNFNjYzNzk4OUY4MTdGRTQ4QjBBQzJDMDU5OTU1QUUA,9431bdc0-7a42-4f5e-a86a-fc2b174f08bf,6c77c2c8-de8c-477c-b5e3-cdab13a925c6,f2743829-9058-4a1e-aaf0-1a536e6508b9
02a73826-1594-4d69-a9f6-a3db915e97e5,≡ƒô▒ Please provide your contact number:,OUTGOING,2026-06-16 08:34:33.637226,wamid.HBgMOTE3MDUwMDQ3MTU5FQIAERgSRTk0NDM2Q0VCQ0VBREU4QUU2AA==,9431bdc0-7a42-4f5e-a86a-fc2b174f08bf,6c77c2c8-de8c-477c-b5e3-cdab13a925c6,f2743829-9058-4a1e-aaf0-1a536e6508b9
fb45ed18-0f56-422d-8b5f-a90c9b086238,Hkbharti77@gmail.com,INCOMING,2026-06-16 08:34:36,wamid.HBgMOTE3MDUwMDQ3MTU5FQIAEhggQUM0RTQxMDVGNDcxMTk2RjU0RDcxRjBCODZCRTFCRkUA,9431bdc0-7a42-4f5e-a86a-fc2b174f08bf,6c77c2c8-de8c-477c-b5e3-cdab13a925c6,f2743829-9058-4a1e-aaf0-1a536e6508b9
34219547-70f9-4183-9e97-ace233d598d7,≡ƒô⌐ What is your email address?,OUTGOING,2026-06-16 08:34:38.713789,wamid.HBgMOTE3MDUwMDQ3MTU5FQIAERgSQ0M2ODVBQkI2QkZGNzY5MEEwAA==,9431bdc0-7a42-4f5e-a86a-fc2b174f08bf,6c77c2c8-de8c-477c-b5e3-cdab13a925c6,f2743829-9058-4a1e-aaf0-1a536e6508b9
ef6ce0b3-b21a-48c5-b87c-ad07558f9c05,70500 47159,INCOMING,2026-06-16 08:34:44,wamid.HBgMOTE3MDUwMDQ3MTU5FQIAEhggQUMyQkM0RkYwMUEwMEIwMTlCNkMyRjUxMEI3NTE4NjYA,9431bdc0-7a42-4f5e-a86a-fc2b174f08bf,6c77c2c8-de8c-477c-b5e3-cdab13a925c6,f2743829-9058-4a1e-aaf0-1a536e6508b9
51e3c633-7e42-42e7-9807-b9dc03961c96,"≡ƒôï Which service category are you interested in?

Options: Consultation, Installation/Setup, Repair/Maintenance, Other",OUTGOING,2026-06-16 08:34:45.277078,wamid.HBgMOTE3MDUwMDQ3MTU5FQIAERgSNjUwMzYzNDlGMUQ2Nzk0QTg3AA==,9431bdc0-7a42-4f5e-a86a-fc2b174f08bf,6c77c2c8-de8c-477c-b5e3-cdab13a925c6,f2743829-9058-4a1e-aaf0-1a536e6508b9
3bbc1417-7be4-46e1-bf97-000d6178b520,Installation/Setup,INCOMING,2026-06-16 08:34:51,wamid.HBgMOTE3MDUwMDQ3MTU5FQIAEhggQUMyQUVEODAxMzgwRUY3REI4ODAwNkRERjQ4MDhCOEMA,9431bdc0-7a42-4f5e-a86a-fc2b174f08bf,6c77c2c8-de8c-477c-b5e3-cdab13a925c6,f2743829-9058-4a1e-aaf0-1a536e6508b9
a85fb32f-276d-446e-abe1-594e1d06e663,≡ƒô¥ Please describe your specific requirement in detail:,OUTGOING,2026-06-16 08:34:54.396777,wamid.HBgMOTE3MDUwMDQ3MTU5FQIAERgSMjlGRTZEN0UzOUYwM0U0MTQyAA==,9431bdc0-7a42-4f5e-a86a-fc2b174f08bf,6c77c2c8-de8c-477c-b5e3-cdab13a925c6,f2743829-9058-4a1e-aaf0-1a536e6508b9
79a077fa-f2ee-4ff5-890d-a09a2e27aa0c,Testing,INCOMING,2026-06-16 08:35:19,wamid.HBgMOTE3MDUwMDQ3MTU5FQIAEhggQUMxRjM2RTc4NUVGQTMxQUM4MDBDMjE0QTZFQjYzNkMA,9431bdc0-7a42-4f5e-a86a-fc2b174f08bf,6c77c2c8-de8c-477c-b5e3-cdab13a925c6,f2743829-9058-4a1e-aaf0-1a536e6508b9
9db4cd6c-06de-42b3-a3b4-4961a750d2cd,"≡ƒñ¥ *Thank you, Himanshu!*

We've noted your interest in *General Enquiry*.
Your reference number is: *GYAN-L-20260616-0001*

Our expert will contact you within 24 hours with the best options for you.",OUTGOING,2026-06-16 08:35:30.358227,wamid.HBgMOTE3MDUwMDQ3MTU5FQIAERgSMDEzODY3MkI1QzEyMENDQ0MyAA==,9431bdc0-7a42-4f5e-a86a-fc2b174f08bf,6c77c2c8-de8c-477c-b5e3-cdab13a925c6,f2743829-9058-4a1e-aaf0-1a536e6508b9
037eb4e5-8398-42c6-a950-029f44d0a983,Hi,INCOMING,2026-06-16 08:35:36,wamid.HBgMOTE3MDUwMDQ3MTU5FQIAEhggQUNBRTBGODZGMDE5OUE4QzBENDQ4NzA5MTRGRkY2N0QA,9431bdc0-7a42-4f5e-a86a-fc2b174f08bf,6c77c2c8-de8c-477c-b5e3-cdab13a925c6,f2743829-9058-4a1e-aaf0-1a536e6508b9
e3227775-3b62-4e4c-a8a1-1a78636903d2,"≡ƒæï Hello HIMANSHU!
Welcome to *Gyan VaniAI*.

Please choose from our services below ≡ƒæç

Options: ≡ƒÆ╗ Enquire Now, Appoitments, ≡ƒôé About & Contact",OUTGOING,2026-06-16 08:35:43.316757,wamid.HBgMOTE3MDUwMDQ3MTU5FQIAERgSRTJGQjAzMzI3NDhGOTdFNEUzAA==,9431bdc0-7a42-4f5e-a86a-fc2b174f08bf,6c77c2c8-de8c-477c-b5e3-cdab13a925c6,f2743829-9058-4a1e-aaf0-1a536e6508b9
5fe88d02-f8de-4c9f-a5c3-8b2254888a4d,Hi,INCOMING,2026-06-16 08:38:55,wamid.HBgMOTE3MDUwMDQ3MTU5FQIAEhggQUM3NjQzMzRCRDBGMzNBRDRBOTZEN0UyNjRFRjNCRDEA,9431bdc0-7a42-4f5e-a86a-fc2b174f08bf,6c77c2c8-de8c-477c-b5e3-cdab13a925c6,f2743829-9058-4a1e-aaf0-1a536e6508b9
b111988f-2fc2-416d-8f2d-1da7654004f8,"≡ƒæï Hello HIMANSHU!
Welcome to *Gyan VaniAI*.

Please choose from our services below ≡ƒæç

Options: ≡ƒÆ╗ Enquire Now, Appoitments, ≡ƒôé About & Contact, ≡ƒåÿ Human Support",OUTGOING,2026-06-16 08:39:02.167371,wamid.HBgMOTE3MDUwMDQ3MTU5FQIAERgSNTdBNEY4NDZCMDFENzgxM0Q2AA==,9431bdc0-7a42-4f5e-a86a-fc2b174f08bf,6c77c2c8-de8c-477c-b5e3-cdab13a925c6,f2743829-9058-4a1e-aaf0-1a536e6508b9
9cd013ed-a29f-42b4-9a62-bf0c7e7dbd69,≡ƒåÿ Human Support,INCOMING,2026-06-16 08:39:07,wamid.HBgMOTE3MDUwMDQ3MTU5FQIAEhggQUMzRjA5RUFDQzExNzg1NDNENzk0RTdFQkVCN0Y1QUQA,9431bdc0-7a42-4f5e-a86a-fc2b174f08bf,6c77c2c8-de8c-477c-b5e3-cdab13a925c6,f2743829-9058-4a1e-aaf0-1a536e6508b9
84f120ff-2282-458b-adc8-03f27daee2fa,Get Suppports,OUTGOING,2026-06-16 08:39:09.807997,wamid.HBgMOTE3MDUwMDQ3MTU5FQIAERgSNjYxOUVGOUY1Q0FBNTBGNTJBAA==,9431bdc0-7a42-4f5e-a86a-fc2b174f08bf,6c77c2c8-de8c-477c-b5e3-cdab13a925c6,f2743829-9058-4a1e-aaf0-1a536e6508b9
8573b035-4192-4679-a268-8cd6cb27fb8c,Hi,INCOMING,2026-06-16 08:39:20,wamid.HBgMOTE3MDUwMDQ3MTU5FQIAEhggQUM4ODZBNDFENjNGODVDQzUwRDI2REQ5MzYxMTU0NTQA,9431bdc0-7a42-4f5e-a86a-fc2b174f08bf,6c77c2c8-de8c-477c-b5e3-cdab13a925c6,f2743829-9058-4a1e-aaf0-1a536e6508b9
c9250cc6-9b18-4223-9061-ad1fade19c70,"≡ƒæï Hello HIMANSHU!
Welcome to *Gyan VaniAI*.

Please choose from our services below ≡ƒæç

Options: ≡ƒÆ╗ Enquire Now, Appoitments, ≡ƒôé About & Contact, ≡ƒåÿ Human Support",OUTGOING,2026-06-16 08:39:25.969754,wamid.HBgMOTE3MDUwMDQ3MTU5FQIAERgSMjdDMTE2QzQ4NkI4MjgxQjlDAA==,9431bdc0-7a42-4f5e-a86a-fc2b174f08bf,6c77c2c8-de8c-477c-b5e3-cdab13a925c6,f2743829-9058-4a1e-aaf0-1a536e6508b9
60890dad-e72a-4d71-abda-5cdba17f8c1c,Hi,INCOMING,2026-06-16 21:58:55,wamid.HBgMOTE3MDUwMDQ3MTU5FQIAEhggQUM2OTk4QjI1Q0VDOUQzN0Q4QkY2RkM4NzVBREQxNUIA,9431bdc0-7a42-4f5e-a86a-fc2b174f08bf,6c77c2c8-de8c-477c-b5e3-cdab13a925c6,f2743829-9058-4a1e-aaf0-1a536e6508b9
96338a55-0e3d-4e5d-a338-edbeb5941e7e,"≡ƒæï Hello HIMANSHU!
Welcome to *Gyan VaniAI*.

Please choose from our services below ≡ƒæç

Options: ≡ƒÆ╗ Book Appointment, ≡ƒÆ╗ Enquire Now, Appoitments, ≡ƒôé About & Contact, ≡ƒåÿ Human Support",OUTGOING,2026-06-16 21:59:00.928844,wamid.HBgMOTE3MDUwMDQ3MTU5FQIAERgSOTc0MTZGQzZGNDU1Nzc1RkIyAA==,9431bdc0-7a42-4f5e-a86a-fc2b174f08bf,6c77c2c8-de8c-477c-b5e3-cdab13a925c6,f2743829-9058-4a1e-aaf0-1a536e6508b9
f38e9e76-12e0-4fb6-b6db-436f0057729e,≡ƒåÿ Human Support,INCOMING,2026-06-16 21:59:16,wamid.HBgMOTE3MDUwMDQ3MTU5FQIAEhggQUNERjY2RTAyNkYxRDBBRjAzQzM5RDg4NDBCOThBMUIA,9431bdc0-7a42-4f5e-a86a-fc2b174f08bf,6c77c2c8-de8c-477c-b5e3-cdab13a925c6,f2743829-9058-4a1e-aaf0-1a536e6508b9
5f7567e6-4c0e-4a3e-9107-576c1553a5ae,Get Suppports,OUTGOING,2026-06-16 21:59:17.248643,wamid.HBgMOTE3MDUwMDQ3MTU5FQIAERgSODRDMUJCMzUzQUFDNjc3MUVDAA==,9431bdc0-7a42-4f5e-a86a-fc2b174f08bf,6c77c2c8-de8c-477c-b5e3-cdab13a925c6,f2743829-9058-4a1e-aaf0-1a536e6508b9
3e85fd7f-3945-4c85-bb5f-a242ba95399d,Ticket,INCOMING,2026-06-16 22:02:53,wamid.HBgMOTE3MDUwMDQ3MTU5FQIAEhggQUM1QjgzREE2RTFGRUFGQjNEM0ZBNzIwMTc0ODk5OTUA,9431bdc0-7a42-4f5e-a86a-fc2b174f08bf,6c77c2c8-de8c-477c-b5e3-cdab13a925c6,f2743829-9058-4a1e-aaf0-1a536e6508b9
d5911bb5-de46-4951-8fca-22e82e82d1d6,"A ticketing system automatically creates a support ticket on every agent handoff event, assigning an ID for tracking. This system ensures every user issue is tracked from start to resolution and includes priority levels and SLA timers. Upon ticket resolution, a bot follow-up is triggered for user feedback.",OUTGOING,2026-06-16 22:02:59.2556,wamid.HBgMOTE3MDUwMDQ3MTU5FQIAERgSM0NEOUZBMEQwNTU4QUFCNjZDAA==,9431bdc0-7a42-4f5e-a86a-fc2b174f08bf,6c77c2c8-de8c-477c-b5e3-cdab13a925c6,f2743829-9058-4a1e-aaf0-1a536e6508b9
968ba3aa-4b95-4595-84a7-41b8121f9374,Po╩╗hi,INCOMING,2026-06-16 22:30:51,wamid.HBgMOTE3MDUwMDQ3MTU5FQIAEhggQUMwNTVFOThENkZCRjY3NzFDQkE3NDMxMkVCRDUxQjUA,9431bdc0-7a42-4f5e-a86a-fc2b174f08bf,6c77c2c8-de8c-477c-b5e3-cdab13a925c6,f2743829-9058-4a1e-aaf0-1a536e6508b9
a1b3e43c-a281-4f5e-898e-0955e6ab0630,Hi,INCOMING,2026-06-16 22:30:52,wamid.HBgMOTE3MDUwMDQ3MTU5FQIAEhggQUMyNEIwMjdDOUY1QzNGQjg3QTYxNzZBMjczMEYwQjYA,9431bdc0-7a42-4f5e-a86a-fc2b174f08bf,6c77c2c8-de8c-477c-b5e3-cdab13a925c6,f2743829-9058-4a1e-aaf0-1a536e6508b9
3765e520-3f6e-4af6-b7a6-e83b1cba314c,I'm having trouble connecting to my knowledge base right now. Please try again later.,OUTGOING,2026-06-16 22:30:54.797499,wamid.HBgMOTE3MDUwMDQ3MTU5FQIAERgSRjc3ODYzMDIyQkY5RUZDOURBAA==,9431bdc0-7a42-4f5e-a86a-fc2b174f08bf,6c77c2c8-de8c-477c-b5e3-cdab13a925c6,f2743829-9058-4a1e-aaf0-1a536e6508b9
91612498-5288-4dd2-b3ee-69f78c43214d,"≡ƒæï Hello HIMANSHU!
Welcome to *Gyan VaniAI*.

Please choose from our services below ≡ƒæç

Options: ≡ƒÆ╗ Book Appointment, ≡ƒÆ╗ Enquire Now, Appoitments, ≡ƒôé About & Contact, ≡ƒåÿ Human Support, ≡ƒÄ½ Get Support",OUTGOING,2026-06-16 22:31:04.278414,wamid.HBgMOTE3MDUwMDQ3MTU5FQIAERgSRjI3MEFFOTVGMUVGRDVFRkQ3AA==,9431bdc0-7a42-4f5e-a86a-fc2b174f08bf,6c77c2c8-de8c-477c-b5e3-cdab13a925c6,f2743829-9058-4a1e-aaf0-1a536e6508b9
f16cb566-696e-495a-ad7f-e0a8d8506a8b,≡ƒÄ½ Get Support,INCOMING,2026-06-16 22:31:25,wamid.HBgMOTE3MDUwMDQ3MTU5FQIAEhggQUNEMjJDREVBNzg0QkM0RUJGNUJFRTcwOUZFMzMwNUIA,9431bdc0-7a42-4f5e-a86a-fc2b174f08bf,6c77c2c8-de8c-477c-b5e3-cdab13a925c6,f2743829-9058-4a1e-aaf0-1a536e6508b9
99a27d26-fafc-478f-a014-05fc26519a4c,Him,INCOMING,2026-06-16 22:48:05,wamid.HBgMOTE3MDUwMDQ3MTU5FQIAEhggQUMxMTMwRjY5RkVGNUZDMThEMDE5QThCOUM5RDQ3ODUA,9431bdc0-7a42-4f5e-a86a-fc2b174f08bf,6c77c2c8-de8c-477c-b5e3-cdab13a925c6,f2743829-9058-4a1e-aaf0-1a536e6508b9
ed7b623b-c8f0-4dbf-b95d-f745d514f923,Hi,INCOMING,2026-06-16 22:48:21,wamid.HBgMOTE3MDUwMDQ3MTU5FQIAEhggQUM0QjM1QzI5NTM3NjA0ODlCOTU0N0YyNUM3RUNGMzYA,9431bdc0-7a42-4f5e-a86a-fc2b174f08bf,6c77c2c8-de8c-477c-b5e3-cdab13a925c6,f2743829-9058-4a1e-aaf0-1a536e6508b9
e2ef5bdb-731b-4219-bc0a-aba23332c3c8,≡ƒÄ½ Get Support,INCOMING,2026-06-16 22:48:31,wamid.HBgMOTE3MDUwMDQ3MTU5FQIAEhggQUMxRUM4NTY5NTNDNzlBQzQ1OTk5RDlFMzI3OTlBREEA,9431bdc0-7a42-4f5e-a86a-fc2b174f08bf,6c77c2c8-de8c-477c-b5e3-cdab13a925c6,f2743829-9058-4a1e-aaf0-1a536e6508b9
4646d357-b455-4a96-87e6-f44d60161080,Him,INCOMING,2026-06-16 22:49:42,wamid.HBgMOTE3MDUwMDQ3MTU5FQIAEhggQUNGQTE5RDZFMjIwMjEzOUNBQTEwOTM3QjRBNkFGM0YA,9431bdc0-7a42-4f5e-a86a-fc2b174f08bf,6c77c2c8-de8c-477c-b5e3-cdab13a925c6,f2743829-9058-4a1e-aaf0-1a536e6508b9
9e279e1b-85c2-49a8-a1cb-93b371a7383a,"Options: ≡ƒÆ╗ Book Appointment, ≡ƒÆ╗ Enquire Now, Appoitments, ≡ƒôé About & Contact, ≡ƒåÿ Human Support, ≡ƒÄ½ Get Support",OUTGOING,2026-06-16 22:48:10.858244,wamid.HBgMOTE3MDUwMDQ3MTU5FQIAERgSRUMwRjA2QTgwQzdDODAwM0MzAA==,9431bdc0-7a42-4f5e-a86a-fc2b174f08bf,6c77c2c8-de8c-477c-b5e3-cdab13a925c6,f2743829-9058-4a1e-aaf0-1a536e6508b9
ff52a089-03e4-4f54-b5ca-60afa8576b66,"≡ƒæï Hello HIMANSHU!
Welcome to *Gyan VaniAI*.

Please choose from our services below ≡ƒæç

Options: ≡ƒÆ╗ Book Appointment, ≡ƒÆ╗ Enquire Now, Appoitments, ≡ƒôé About & Contact, ≡ƒåÿ Human Support, ≡ƒÄ½ Get Support",OUTGOING,2026-06-16 22:48:24.206293,wamid.HBgMOTE3MDUwMDQ3MTU5FQIAERgSRERFQTQzREQzREVGM0JBN0E0AA==,9431bdc0-7a42-4f5e-a86a-fc2b174f08bf,6c77c2c8-de8c-477c-b5e3-cdab13a925c6,f2743829-9058-4a1e-aaf0-1a536e6508b9
30d18a2a-1257-4fca-9b8d-d588ea5c5f9c,"Options: ≡ƒÆ╗ Book Appointment, ≡ƒÆ╗ Enquire Now, Appoitments, ≡ƒôé About & Contact, ≡ƒåÿ Human Support, ≡ƒÄ½ Get Support",OUTGOING,2026-06-16 22:49:46.514952,wamid.HBgMOTE3MDUwMDQ3MTU5FQIAERgSNUY5OTNFQjRGRTg3NUU1QjEyAA==,9431bdc0-7a42-4f5e-a86a-fc2b174f08bf,6c77c2c8-de8c-477c-b5e3-cdab13a925c6,f2743829-9058-4a1e-aaf0-1a536e6508b9
55c5ee89-fb38-41c1-bbd9-1fb965a4385e,Hi,INCOMING,2026-06-16 22:51:24,wamid.HBgMOTE3MDUwMDQ3MTU5FQIAEhggQUNFNjVEOEFCNUI0OTg1NkVFMjhDOTdGQUQ5MjlBMUUA,9431bdc0-7a42-4f5e-a86a-fc2b174f08bf,6c77c2c8-de8c-477c-b5e3-cdab13a925c6,f2743829-9058-4a1e-aaf0-1a536e6508b9
b3848a88-016b-4d13-a819-f7e93aa12bec,"≡ƒæï Hello HIMANSHU!
Welcome to *Gyan VaniAI*.

Please choose from our services below ≡ƒæç

Options: ≡ƒÆ╗ Book Appointment, ≡ƒÆ╗ Enquire Now, Appoitments, ≡ƒôé About & Contact, ≡ƒåÿ Human Support, ≡ƒÄ½ Get Support",OUTGOING,2026-06-16 22:51:29.232675,wamid.HBgMOTE3MDUwMDQ3MTU5FQIAERgSQ0VEM0RGRDRCQTQ2Qzk5REQyAA==,9431bdc0-7a42-4f5e-a86a-fc2b174f08bf,6c77c2c8-de8c-477c-b5e3-cdab13a925c6,f2743829-9058-4a1e-aaf0-1a536e6508b9
1acbfba3-de95-427d-a8e1-f93534d53e18,≡ƒÄ½ Get Support,INCOMING,2026-06-16 22:51:34,wamid.HBgMOTE3MDUwMDQ3MTU5FQIAEhggQUNGQ0EyREE5M0UzOUE3RkJCMEY5MEE4QzQ5M0VDMzQA,9431bdc0-7a42-4f5e-a86a-fc2b174f08bf,6c77c2c8-de8c-477c-b5e3-cdab13a925c6,f2743829-9058-4a1e-aaf0-1a536e6508b9
6f477a8b-182b-4d27-a8ec-91a370e74481,≡ƒæñ What is your name?,OUTGOING,2026-06-16 22:51:35.712204,wamid.HBgMOTE3MDUwMDQ3MTU5FQIAERgSRjA2NENGNEQwMUI5NzYyRDVGAA==,9431bdc0-7a42-4f5e-a86a-fc2b174f08bf,6c77c2c8-de8c-477c-b5e3-cdab13a925c6,f2743829-9058-4a1e-aaf0-1a536e6508b9
4fd2c884-6c61-4657-b09c-b6568662fd49,Him,INCOMING,2026-06-16 22:51:43,wamid.HBgMOTE3MDUwMDQ3MTU5FQIAEhggQUM2ODdBRjE2ODE4QkE2QUIxMTRFNEYwN0Y0RUFEQTQA,9431bdc0-7a42-4f5e-a86a-fc2b174f08bf,6c77c2c8-de8c-477c-b5e3-cdab13a925c6,f2743829-9058-4a1e-aaf0-1a536e6508b9
f9930574-f1a1-42f9-a12f-a683baa368c8,≡ƒô▒ Please provide your contact number:,OUTGOING,2026-06-16 22:51:45.297867,wamid.HBgMOTE3MDUwMDQ3MTU5FQIAERgSODk1NUQ0RTJDQTZGMEY0NDhBAA==,9431bdc0-7a42-4f5e-a86a-fc2b174f08bf,6c77c2c8-de8c-477c-b5e3-cdab13a925c6,f2743829-9058-4a1e-aaf0-1a536e6508b9
fd1782ae-71f4-4895-9125-49c143d996e3,7050047159,INCOMING,2026-06-16 22:51:54,wamid.HBgMOTE3MDUwMDQ3MTU5FQIAEhggQUNBNzYyNTBFNTk3NjQ0RDY0N0Y4QzE2MDY0MUNGNjkA,9431bdc0-7a42-4f5e-a86a-fc2b174f08bf,6c77c2c8-de8c-477c-b5e3-cdab13a925c6,f2743829-9058-4a1e-aaf0-1a536e6508b9
3f017e98-1fd5-423d-9d13-f683aa1d1c46,≡ƒô⌐ What is your email address?,OUTGOING,2026-06-16 22:51:55.166413,wamid.HBgMOTE3MDUwMDQ3MTU5FQIAERgSMzM3NjFCMUNFRUVBRDc5QTI2AA==,9431bdc0-7a42-4f5e-a86a-fc2b174f08bf,6c77c2c8-de8c-477c-b5e3-cdab13a925c6,f2743829-9058-4a1e-aaf0-1a536e6508b9
0f500cad-c7ab-46aa-b866-29ad9589376e,Hkbharti77@gmail.com,INCOMING,2026-06-16 22:52:05,wamid.HBgMOTE3MDUwMDQ3MTU5FQIAEhggQUNBNEY5NENBM0I4NDM1QjU3MjU2RkUzMzAwRDQ4NkQA,9431bdc0-7a42-4f5e-a86a-fc2b174f08bf,6c77c2c8-de8c-477c-b5e3-cdab13a925c6,f2743829-9058-4a1e-aaf0-1a536e6508b9
e3e8a747-fad5-49be-8a46-a7fb066dbd3f,"≡ƒôï Which service category are you interested in?

Options: Consultation, Installation/Setup, Repair/Maintenance, Other",OUTGOING,2026-06-16 22:52:05.953986,wamid.HBgMOTE3MDUwMDQ3MTU5FQIAERgSQkI2ODhCNUNDNTI5MTlFRTU0AA==,9431bdc0-7a42-4f5e-a86a-fc2b174f08bf,6c77c2c8-de8c-477c-b5e3-cdab13a925c6,f2743829-9058-4a1e-aaf0-1a536e6508b9
ecad13e1-12be-4eef-982c-710261e4faef,Consultation,INCOMING,2026-06-16 22:52:18,wamid.HBgMOTE3MDUwMDQ3MTU5FQIAEhggQUMyQzkzRUY0QURBMkU1RDVCOTUyQ0IzNEU3NTk0RjEA,9431bdc0-7a42-4f5e-a86a-fc2b174f08bf,6c77c2c8-de8c-477c-b5e3-cdab13a925c6,f2743829-9058-4a1e-aaf0-1a536e6508b9
765ad220-2ff2-45ee-b9c4-605af1a81172,≡ƒô¥ Please describe your specific requirement in detail:,OUTGOING,2026-06-16 22:52:19.659359,wamid.HBgMOTE3MDUwMDQ3MTU5FQIAERgSNTZEMjRDRjMwNDVEMDVDNThFAA==,9431bdc0-7a42-4f5e-a86a-fc2b174f08bf,6c77c2c8-de8c-477c-b5e3-cdab13a925c6,f2743829-9058-4a1e-aaf0-1a536e6508b9
a29f89bd-61ad-4cd6-b42a-ab4b89af1e50,Testing Testing,INCOMING,2026-06-16 22:52:26,wamid.HBgMOTE3MDUwMDQ3MTU5FQIAEhggQUM2RUI3N0JBOTQ2RkU5NzQ4REM4QkM1NkFFRDkyMUEA,9431bdc0-7a42-4f5e-a86a-fc2b174f08bf,6c77c2c8-de8c-477c-b5e3-cdab13a925c6,f2743829-9058-4a1e-aaf0-1a536e6508b9
04035ef8-0d27-4ac8-b0f0-e6bd02243122,Hi,INCOMING,2026-06-16 22:57:42,wamid.HBgMOTE3MDUwMDQ3MTU5FQIAEhggQUMxMjA4NTIzODY5MjQ2MzUyRkQyQzdFRTg2MEY5RDIA,9431bdc0-7a42-4f5e-a86a-fc2b174f08bf,6c77c2c8-de8c-477c-b5e3-cdab13a925c6,f2743829-9058-4a1e-aaf0-1a536e6508b9
b65be08b-6f11-48ec-a6bd-7ab56a3dbc55,"≡ƒæï Hello HIMANSHU!
Welcome to *Gyan VaniAI*.

Please choose from our services below ≡ƒæç

Options: ≡ƒÆ╗ Book Appointment, ≡ƒÆ╗ Enquire Now, Appoitments, ≡ƒôé About & Contact, ≡ƒåÿ Human Support, ≡ƒÄ½ Get Support",OUTGOING,2026-06-16 22:57:45.362879,wamid.HBgMOTE3MDUwMDQ3MTU5FQIAERgSN0M3QTgxQTkyOUQ3RUUwMkJGAA==,9431bdc0-7a42-4f5e-a86a-fc2b174f08bf,6c77c2c8-de8c-477c-b5e3-cdab13a925c6,f2743829-9058-4a1e-aaf0-1a536e6508b9
eac676af-9994-457a-aec5-ca03669d1109,≡ƒÄ½ Get Support,INCOMING,2026-06-16 22:57:51,wamid.HBgMOTE3MDUwMDQ3MTU5FQIAEhggQUM3NDU3NzgyNUI2QkM2MDJDQzlDMzYyNTE4RTA4MjcA,9431bdc0-7a42-4f5e-a86a-fc2b174f08bf,6c77c2c8-de8c-477c-b5e3-cdab13a925c6,f2743829-9058-4a1e-aaf0-1a536e6508b9
b81291dd-f1e8-4818-b956-6791caf694ce,≡ƒæñ What is your name?,OUTGOING,2026-06-16 22:57:53.157442,wamid.HBgMOTE3MDUwMDQ3MTU5FQIAERgSNEQ3NzkwRDU0RTU3NzQ4MDQ0AA==,9431bdc0-7a42-4f5e-a86a-fc2b174f08bf,6c77c2c8-de8c-477c-b5e3-cdab13a925c6,f2743829-9058-4a1e-aaf0-1a536e6508b9
843873ca-0df9-4178-9e0b-b2a52467029c,Him,INCOMING,2026-06-16 22:57:57,wamid.HBgMOTE3MDUwMDQ3MTU5FQIAEhggQUNCNERCRjhBNDE2MjYzOEVCNEJGNzg4OEQ5RjNFNDQA,9431bdc0-7a42-4f5e-a86a-fc2b174f08bf,6c77c2c8-de8c-477c-b5e3-cdab13a925c6,f2743829-9058-4a1e-aaf0-1a536e6508b9
802767db-13e0-4442-a7ae-448dbc755d18,≡ƒô▒ Please provide your contact number:,OUTGOING,2026-06-16 22:57:58.91714,wamid.HBgMOTE3MDUwMDQ3MTU5FQIAERgSMDFBMDY5ODY1NUIxNjlCNzAwAA==,9431bdc0-7a42-4f5e-a86a-fc2b174f08bf,6c77c2c8-de8c-477c-b5e3-cdab13a925c6,f2743829-9058-4a1e-aaf0-1a536e6508b9
bb7067aa-70bc-4866-bcfe-902906ea841a,70500 47159,INCOMING,2026-06-16 22:58:05,wamid.HBgMOTE3MDUwMDQ3MTU5FQIAEhggQUM1QkI0QTlDMEJDREQwMTE1OTE3QkQ0ODg2RTY2MkYA,9431bdc0-7a42-4f5e-a86a-fc2b174f08bf,6c77c2c8-de8c-477c-b5e3-cdab13a925c6,f2743829-9058-4a1e-aaf0-1a536e6508b9
28ec2e20-d340-4f63-a86c-853bf19c872d,≡ƒô⌐ What is your email address?,OUTGOING,2026-06-16 22:58:06.807701,wamid.HBgMOTE3MDUwMDQ3MTU5FQIAERgSREI4RjQ4OTczNDNGNjJFMEQ1AA==,9431bdc0-7a42-4f5e-a86a-fc2b174f08bf,6c77c2c8-de8c-477c-b5e3-cdab13a925c6,f2743829-9058-4a1e-aaf0-1a536e6508b9
108e93a4-f449-49b1-b508-9cfbb6b7135f,Hkbharti77@gmail.com,INCOMING,2026-06-16 22:58:12,wamid.HBgMOTE3MDUwMDQ3MTU5FQIAEhggQUNENEFDM0ExMDYxMjQ3QURGOEI2NkNBN0YzNkYyMzUA,9431bdc0-7a42-4f5e-a86a-fc2b174f08bf,6c77c2c8-de8c-477c-b5e3-cdab13a925c6,f2743829-9058-4a1e-aaf0-1a536e6508b9
9e95c57f-77f4-41bc-a4b7-ad0e05f7deb9,"≡ƒôï Which service category are you interested in?

Options: Consultation, Installation/Setup, Repair/Maintenance, Other",OUTGOING,2026-06-16 22:58:13.388766,wamid.HBgMOTE3MDUwMDQ3MTU5FQIAERgSMzM3M0YxOTEzNUM4REFEMTBCAA==,9431bdc0-7a42-4f5e-a86a-fc2b174f08bf,6c77c2c8-de8c-477c-b5e3-cdab13a925c6,f2743829-9058-4a1e-aaf0-1a536e6508b9
ecc5ac61-7aee-4763-bd07-830d45bff147,Consultation,INCOMING,2026-06-16 23:01:46,wamid.HBgMOTE3MDUwMDQ3MTU5FQIAEhggQUM2OTEwQkZCQzlFRkE1RkNEMEZCQjM0RDE2QkU0MkMA,9431bdc0-7a42-4f5e-a86a-fc2b174f08bf,6c77c2c8-de8c-477c-b5e3-cdab13a925c6,f2743829-9058-4a1e-aaf0-1a536e6508b9
ed87aef3-ef3a-49ab-a4d7-e938d305cc60,≡ƒô¥ Please describe your specific requirement in detail:,OUTGOING,2026-06-16 23:01:48.950467,wamid.HBgMOTE3MDUwMDQ3MTU5FQIAERgSREJBMUZBMTdCNkI4MDQ0NDZEAA==,9431bdc0-7a42-4f5e-a86a-fc2b174f08bf,6c77c2c8-de8c-477c-b5e3-cdab13a925c6,f2743829-9058-4a1e-aaf0-1a536e6508b9
f382cf44-d07d-48e5-817e-f671ef261974,Testing Testing,INCOMING,2026-06-16 23:01:57,wamid.HBgMOTE3MDUwMDQ3MTU5FQIAEhggQUNENTc1QkEwMzFFQjRBOTU2MkI0RDBDRTY2OTBERkQA,9431bdc0-7a42-4f5e-a86a-fc2b174f08bf,6c77c2c8-de8c-477c-b5e3-cdab13a925c6,f2743829-9058-4a1e-aaf0-1a536e6508b9
555aa44e-fb2f-436f-8be1-a9b0f80da9d1,Γ£à Thank you! We have received your support request and a ticket has been created. Our team will get back to you shortly.,OUTGOING,2026-06-16 23:02:11.87878,wamid.HBgMOTE3MDUwMDQ3MTU5FQIAERgSMDgxOThBOTFDMDRDODk3QjMyAA==,9431bdc0-7a42-4f5e-a86a-fc2b174f08bf,6c77c2c8-de8c-477c-b5e3-cdab13a925c6,f2743829-9058-4a1e-aaf0-1a536e6508b9
9cd376ff-2145-40e2-a14f-b7e873701653,Hi,INCOMING,2026-06-16 23:04:22,wamid.HBgMOTE3MDUwMDQ3MTU5FQIAEhggQUNENkM0NTJGNDE1MTVBRjAzMzg0QkUyMzREODE0MTAA,9431bdc0-7a42-4f5e-a86a-fc2b174f08bf,6c77c2c8-de8c-477c-b5e3-cdab13a925c6,f2743829-9058-4a1e-aaf0-1a536e6508b9
5376d8f7-2f44-414f-9e75-76c5a7464891,"≡ƒæï Hello HIMANSHU!
Welcome to *Gyan VaniAI*.

Please choose from our services below ≡ƒæç

Options: ≡ƒÆ╗ Book Appointment, ≡ƒÆ╗ Enquire Now, Appoitments, ≡ƒôé About & Contact, ≡ƒåÿ Human Support, ≡ƒÄ½ Get Support",OUTGOING,2026-06-16 23:04:27.405459,wamid.HBgMOTE3MDUwMDQ3MTU5FQIAERgSNjZDREVEQUU0OTU2RDFFQUI4AA==,9431bdc0-7a42-4f5e-a86a-fc2b174f08bf,6c77c2c8-de8c-477c-b5e3-cdab13a925c6,f2743829-9058-4a1e-aaf0-1a536e6508b9
148dcacc-bb8c-419a-ae51-c1e15df78e43,≡ƒÄ½ Get Support,INCOMING,2026-06-16 23:04:33,wamid.HBgMOTE3MDUwMDQ3MTU5FQIAEhggQUM3MTcwMTIwRUQ3OERCQjE2RTgwNzExN0I5QzI4QzIA,9431bdc0-7a42-4f5e-a86a-fc2b174f08bf,6c77c2c8-de8c-477c-b5e3-cdab13a925c6,f2743829-9058-4a1e-aaf0-1a536e6508b9
14253484-c7e3-490f-9962-9e93f375b4de,≡ƒæñ What is your name?,OUTGOING,2026-06-16 23:04:34.313738,wamid.HBgMOTE3MDUwMDQ3MTU5FQIAERgSOTM3MDgyRTBFNjQzMzRDQkM0AA==,9431bdc0-7a42-4f5e-a86a-fc2b174f08bf,6c77c2c8-de8c-477c-b5e3-cdab13a925c6,f2743829-9058-4a1e-aaf0-1a536e6508b9
e2c4d889-ae1f-4ab0-89b2-861f0c4cfb00,≡ƒô▒ Please provide your contact number:,OUTGOING,2026-06-16 23:04:39.956439,wamid.HBgMOTE3MDUwMDQ3MTU5FQIAERgSMzlCNjNDQkY0MUQ0NkIwNDBDAA==,9431bdc0-7a42-4f5e-a86a-fc2b174f08bf,6c77c2c8-de8c-477c-b5e3-cdab13a925c6,f2743829-9058-4a1e-aaf0-1a536e6508b9
1facad2f-0792-4ee7-9c5f-644fd24432dc,≡ƒô⌐ What is your email address?,OUTGOING,2026-06-16 23:04:49.669602,wamid.HBgMOTE3MDUwMDQ3MTU5FQIAERgSOUM3RDY0ODMxMUYzM0U4QTNFAA==,9431bdc0-7a42-4f5e-a86a-fc2b174f08bf,6c77c2c8-de8c-477c-b5e3-cdab13a925c6,f2743829-9058-4a1e-aaf0-1a536e6508b9
fb072e60-ec52-4321-86af-8735058adfd3,"≡ƒôï Which service category are you interested in?

Options: Consultation, Installation/Setup, Repair/Maintenance, Other",OUTGOING,2026-06-16 23:04:55.884577,wamid.HBgMOTE3MDUwMDQ3MTU5FQIAERgSNzQxRDczQjA2QjZBREY4NjEwAA==,9431bdc0-7a42-4f5e-a86a-fc2b174f08bf,6c77c2c8-de8c-477c-b5e3-cdab13a925c6,f2743829-9058-4a1e-aaf0-1a536e6508b9
bb2944f5-5eb5-47bb-a2a8-7693cfe2852d,Hj,INCOMING,2026-06-16 23:04:39,wamid.HBgMOTE3MDUwMDQ3MTU5FQIAEhggQUM2Nzc2RDcxNzEwNDUzM0IxN0IxMzlCRERGRkNDRjYA,9431bdc0-7a42-4f5e-a86a-fc2b174f08bf,6c77c2c8-de8c-477c-b5e3-cdab13a925c6,f2743829-9058-4a1e-aaf0-1a536e6508b9
2668ea3d-d952-42c7-bf60-fe50ff1c1f4c,12345678900,INCOMING,2026-06-16 23:04:48,wamid.HBgMOTE3MDUwMDQ3MTU5FQIAEhggQUMzRkRDNDI4REIzMUM3OEYzODkyN0Q4QzY2OUZCMUMA,9431bdc0-7a42-4f5e-a86a-fc2b174f08bf,6c77c2c8-de8c-477c-b5e3-cdab13a925c6,f2743829-9058-4a1e-aaf0-1a536e6508b9
6a91a0d8-0085-4b1e-b13d-a56cb429b97f,Hkbharti77@gmail.com,INCOMING,2026-06-16 23:04:55,wamid.HBgMOTE3MDUwMDQ3MTU5FQIAEhggQUNFMThEM0ZGRjFFMkE5M0E5NjkyQ0EwRURDNzNGNTgA,9431bdc0-7a42-4f5e-a86a-fc2b174f08bf,6c77c2c8-de8c-477c-b5e3-cdab13a925c6,f2743829-9058-4a1e-aaf0-1a536e6508b9
bdfa2810-5a8a-4f3a-b72f-bb72849d9480,Consultation,INCOMING,2026-06-16 23:13:20,wamid.HBgMOTE3MDUwMDQ3MTU5FQIAEhggQUNBOTJBMDNGRUZBRkQ4RDkxRDhDNzYxRTI5QzhBNTgA,9431bdc0-7a42-4f5e-a86a-fc2b174f08bf,6c77c2c8-de8c-477c-b5e3-cdab13a925c6,f2743829-9058-4a1e-aaf0-1a536e6508b9
cf532ad0-7359-4e70-b65c-c47bc195e08d,≡ƒô¥ Please describe your specific requirement in detail:,OUTGOING,2026-06-16 23:13:22.304558,wamid.HBgMOTE3MDUwMDQ3MTU5FQIAERgSMTkyMDcwQUE5MUY0NDUzMzIxAA==,9431bdc0-7a42-4f5e-a86a-fc2b174f08bf,6c77c2c8-de8c-477c-b5e3-cdab13a925c6,f2743829-9058-4a1e-aaf0-1a536e6508b9
62fa9d88-9edf-4ece-a8ae-81e5401fc33c,Testing Testing,INCOMING,2026-06-16 23:13:33,wamid.HBgMOTE3MDUwMDQ3MTU5FQIAEhggQUNGMDgxRUY4MjEzRkZERkZFMzQ1MjY4RjExREJFRDgA,9431bdc0-7a42-4f5e-a86a-fc2b174f08bf,6c77c2c8-de8c-477c-b5e3-cdab13a925c6,f2743829-9058-4a1e-aaf0-1a536e6508b9
02f4afee-1613-4480-a563-8f31b45a8efb,Γ£à Thank you! We have received your support request and a ticket has been created. Our team will get back to you shortly.,OUTGOING,2026-06-16 23:13:45.169943,wamid.HBgMOTE3MDUwMDQ3MTU5FQIAERgSNzA5NEI0RUVFQjE1OTA4NDU3AA==,9431bdc0-7a42-4f5e-a86a-fc2b174f08bf,6c77c2c8-de8c-477c-b5e3-cdab13a925c6,f2743829-9058-4a1e-aaf0-1a536e6508b9
863bd529-cb17-4277-bb51-84df3822ee2a,Hi,INCOMING,2026-06-16 23:16:45,wamid.HBgMOTE3MDUwMDQ3MTU5FQIAEhggQUNCRDdDNjcxOEE2Q0I1RDU2NkM2QjFENjI4OUE3Q0IA,9431bdc0-7a42-4f5e-a86a-fc2b174f08bf,6c77c2c8-de8c-477c-b5e3-cdab13a925c6,f2743829-9058-4a1e-aaf0-1a536e6508b9
7b80bfc9-be9e-4e56-87df-edb6f4649184,"≡ƒæï Hello HIMANSHU!
Welcome to *Gyan VaniAI*.

Please choose from our services below ≡ƒæç

Options: ≡ƒÆ╗ Book Appointment, ≡ƒÆ╗ Enquire Now, Appoitments, ≡ƒôé About & Contact, ≡ƒåÿ Human Support, ≡ƒÄ½ Get Support",OUTGOING,2026-06-16 23:16:48.889502,wamid.HBgMOTE3MDUwMDQ3MTU5FQIAERgSMjU4ODFBRDFEMDRDNkI3RUE4AA==,9431bdc0-7a42-4f5e-a86a-fc2b174f08bf,6c77c2c8-de8c-477c-b5e3-cdab13a925c6,f2743829-9058-4a1e-aaf0-1a536e6508b9
2f6bb581-d13c-4b5c-8245-488570390036,≡ƒÄ½ Get Support,INCOMING,2026-06-16 23:16:53,wamid.HBgMOTE3MDUwMDQ3MTU5FQIAEhggQUNBMkZBOTQxRjIxRkY5ODM5Q0QxQUUwMTY0OEIzNjAA,9431bdc0-7a42-4f5e-a86a-fc2b174f08bf,6c77c2c8-de8c-477c-b5e3-cdab13a925c6,f2743829-9058-4a1e-aaf0-1a536e6508b9
ae518d08-3404-400e-90a1-6fb8c3a3d947,≡ƒæñ What is your name?,OUTGOING,2026-06-16 23:16:54.6306,wamid.HBgMOTE3MDUwMDQ3MTU5FQIAERgSNTA3MThERDc0RkI4ODlDMzQyAA==,9431bdc0-7a42-4f5e-a86a-fc2b174f08bf,6c77c2c8-de8c-477c-b5e3-cdab13a925c6,f2743829-9058-4a1e-aaf0-1a536e6508b9
fe555455-32e5-42f8-b949-9c2f4c63f37e,Him,INCOMING,2026-06-16 23:16:57,wamid.HBgMOTE3MDUwMDQ3MTU5FQIAEhggQUM4N0U5NDFFQjhBNjRBODNEMTA0QzcwRDM2MkMwMUYA,9431bdc0-7a42-4f5e-a86a-fc2b174f08bf,6c77c2c8-de8c-477c-b5e3-cdab13a925c6,f2743829-9058-4a1e-aaf0-1a536e6508b9
19d2e3cf-6b1a-4756-9967-4046a441469b,≡ƒô▒ Please provide your contact number:,OUTGOING,2026-06-16 23:16:58.063219,wamid.HBgMOTE3MDUwMDQ3MTU5FQIAERgSMEFGMjVDNDkwNDU0NUZFQkQwAA==,9431bdc0-7a42-4f5e-a86a-fc2b174f08bf,6c77c2c8-de8c-477c-b5e3-cdab13a925c6,f2743829-9058-4a1e-aaf0-1a536e6508b9
7a9047c8-c434-4595-9eae-3b5682666f81,Hkbharti77@gmail.com,INCOMING,2026-06-16 23:17:00,wamid.HBgMOTE3MDUwMDQ3MTU5FQIAEhggQUM1NjgxNTIwNkQ4Q0U5NzYzRDFFMjRDMjI5NzZCMjMA,9431bdc0-7a42-4f5e-a86a-fc2b174f08bf,6c77c2c8-de8c-477c-b5e3-cdab13a925c6,f2743829-9058-4a1e-aaf0-1a536e6508b9
8be2272f-8d93-4944-ab73-169f2a6fbc20,≡ƒô⌐ What is your email address?,OUTGOING,2026-06-16 23:17:01.612205,wamid.HBgMOTE3MDUwMDQ3MTU5FQIAERgSQzE2RTlBRjFDNDhCNUM4QzA4AA==,9431bdc0-7a42-4f5e-a86a-fc2b174f08bf,6c77c2c8-de8c-477c-b5e3-cdab13a925c6,f2743829-9058-4a1e-aaf0-1a536e6508b9
4c9e9260-e0aa-4769-a9e6-72cb8a33b594,1234567777890,INCOMING,2026-06-16 23:17:09,wamid.HBgMOTE3MDUwMDQ3MTU5FQIAEhggQUM4RUNCQkI1NjQ5QkU3RUJGNDM3N0FDQUU4QUExRTMA,9431bdc0-7a42-4f5e-a86a-fc2b174f08bf,6c77c2c8-de8c-477c-b5e3-cdab13a925c6,f2743829-9058-4a1e-aaf0-1a536e6508b9
7bc4391d-1aab-45cb-a07f-c50b789bedf9,"≡ƒôï Which service category are you interested in?

Options: Consultation, Installation/Setup, Repair/Maintenance, Other",OUTGOING,2026-06-16 23:17:10.225672,wamid.HBgMOTE3MDUwMDQ3MTU5FQIAERgSRUY3MUQwRDczMTI2NTcxN0EyAA==,9431bdc0-7a42-4f5e-a86a-fc2b174f08bf,6c77c2c8-de8c-477c-b5e3-cdab13a925c6,f2743829-9058-4a1e-aaf0-1a536e6508b9
7341a267-01c3-4c03-acac-b4da30ccec59,Hi,INCOMING,2026-06-16 23:22:16,wamid.HBgMOTE5OTA1OTQxNzI4FQIAEhggQUM1RkVEMDg4QTA5NzIwQTE3MENBMkQ3QjU1OUVGQTQA,9431bdc0-7a42-4f5e-a86a-fc2b174f08bf,705ebb7f-2697-4d69-9872-c863f714d164,f2743829-9058-4a1e-aaf0-1a536e6508b9
9e0e94ea-44b9-466b-a381-4b955d40af64,"≡ƒæï Hello Himanshu!
Welcome to *Gyan VaniAI*.

Please choose from our services below ≡ƒæç

Options: ≡ƒÆ╗ Book Appointment, ≡ƒÆ╗ Enquire Now, Appoitments, ≡ƒôé About & Contact, ≡ƒåÿ Human Support, ≡ƒÄ½ Get Support",OUTGOING,2026-06-16 23:22:21.632378,wamid.HBgMOTE5OTA1OTQxNzI4FQIAERgSQzg1RjhEQTU1RjU2N0ZFNjREAA==,9431bdc0-7a42-4f5e-a86a-fc2b174f08bf,705ebb7f-2697-4d69-9872-c863f714d164,f2743829-9058-4a1e-aaf0-1a536e6508b9
48eb3172-c1d1-4330-83a6-a9d1e0b599fb,≡ƒÄ½ Get Support,INCOMING,2026-06-16 23:22:31,wamid.HBgMOTE5OTA1OTQxNzI4FQIAEhggQUNCNjQ3NkNFN0EzRjA2RDM4RTZBQjZBOTkzRkU4QTgA,9431bdc0-7a42-4f5e-a86a-fc2b174f08bf,705ebb7f-2697-4d69-9872-c863f714d164,f2743829-9058-4a1e-aaf0-1a536e6508b9
810dc33d-5207-478c-ad8e-dd17384acf9d,≡ƒæñ What is your name?,OUTGOING,2026-06-16 23:22:33.790795,wamid.HBgMOTE5OTA1OTQxNzI4FQIAERgSMTVGMDlCNUE5MEEwNzM0QjkzAA==,9431bdc0-7a42-4f5e-a86a-fc2b174f08bf,705ebb7f-2697-4d69-9872-c863f714d164,f2743829-9058-4a1e-aaf0-1a536e6508b9
15f80529-7494-490d-9a99-d9528c31b444,Himanshu,INCOMING,2026-06-16 23:22:39,wamid.HBgMOTE5OTA1OTQxNzI4FQIAEhggQUMyQjk3NzYzMDZERUYxOTZDOTQ1QjUzQUY2NkFCMEIA,9431bdc0-7a42-4f5e-a86a-fc2b174f08bf,705ebb7f-2697-4d69-9872-c863f714d164,f2743829-9058-4a1e-aaf0-1a536e6508b9
0724db64-6cb4-4f30-95d2-aa02d4ee8323,≡ƒô▒ Please provide your contact number:,OUTGOING,2026-06-16 23:22:39.827667,wamid.HBgMOTE5OTA1OTQxNzI4FQIAERgSMzg2NTQ1NUM1OUU4QTUwQzVFAA==,9431bdc0-7a42-4f5e-a86a-fc2b174f08bf,705ebb7f-2697-4d69-9872-c863f714d164,f2743829-9058-4a1e-aaf0-1a536e6508b9
8ca4b573-2691-4598-980a-21eee110b0aa,70500 47159,INCOMING,2026-06-16 23:22:46,wamid.HBgMOTE5OTA1OTQxNzI4FQIAEhggQUNGMTY2Mjg4MUNBODlGRjk0RTRCMDcyMjJBQTQzQzAA,9431bdc0-7a42-4f5e-a86a-fc2b174f08bf,705ebb7f-2697-4d69-9872-c863f714d164,f2743829-9058-4a1e-aaf0-1a536e6508b9
74cccf2d-bda4-432c-8f48-d65c851a845a,≡ƒô⌐ What is your email address?,OUTGOING,2026-06-16 23:22:46.991912,wamid.HBgMOTE5OTA1OTQxNzI4FQIAERgSODcyNEZEM0JGNjY1NDM4MDYxAA==,9431bdc0-7a42-4f5e-a86a-fc2b174f08bf,705ebb7f-2697-4d69-9872-c863f714d164,f2743829-9058-4a1e-aaf0-1a536e6508b9
c52005b8-814c-4e54-aa08-bcbc8adb52fa,Hkbharti77@gmail.com,INCOMING,2026-06-16 23:22:49,wamid.HBgMOTE5OTA1OTQxNzI4FQIAEhggQUM3M0U0REJEMzIxNjMwNEE5MDZBNEMzMkNFRjhDRUQA,9431bdc0-7a42-4f5e-a86a-fc2b174f08bf,705ebb7f-2697-4d69-9872-c863f714d164,f2743829-9058-4a1e-aaf0-1a536e6508b9
25594676-374a-4b8c-afcb-c9845d2a450f,"≡ƒôï Which service category are you interested in?

Options: Consultation, Installation/Setup, Repair/Maintenance, Other",OUTGOING,2026-06-16 23:22:52.716122,wamid.HBgMOTE5OTA1OTQxNzI4FQIAERgSNzkwOTY0MUVFOTQ2NDdFM0Q4AA==,9431bdc0-7a42-4f5e-a86a-fc2b174f08bf,705ebb7f-2697-4d69-9872-c863f714d164,f2743829-9058-4a1e-aaf0-1a536e6508b9
57156b42-4642-4c4a-b55d-623a00596126,hi,INCOMING,2026-06-16 23:25:36,wamid.HBgMOTE5OTA1OTQxNzI4FQIAEhgWM0VCMEE1RThENUJFRjk4NzgzRDc2NgA=,9431bdc0-7a42-4f5e-a86a-fc2b174f08bf,705ebb7f-2697-4d69-9872-c863f714d164,f2743829-9058-4a1e-aaf0-1a536e6508b9
b4737f23-7b74-422e-ac1a-91b8bb2793a5,"≡ƒæï Hello Himanshu!
Welcome to *Gyan VaniAI*.

Please choose from our services below ≡ƒæç

Options: ≡ƒÆ╗ Book Appointment, ≡ƒÆ╗ Enquire Now, Appoitments, ≡ƒôé About & Contact, ≡ƒåÿ Human Support, ≡ƒÄ½ Get Support",OUTGOING,2026-06-16 23:25:38.770876,wamid.HBgMOTE5OTA1OTQxNzI4FQIAERgSQkNFQjUyMTNEQTNGMkJCRTREAA==,9431bdc0-7a42-4f5e-a86a-fc2b174f08bf,705ebb7f-2697-4d69-9872-c863f714d164,f2743829-9058-4a1e-aaf0-1a536e6508b9
0f4cfca0-9b77-422d-bd4e-844ee0df03be,≡ƒÄ½ Get Support,INCOMING,2026-06-16 23:29:23,wamid.HBgMOTE5OTA1OTQxNzI4FQIAEhggQUNGQjVFOThCRDA3NTlBMzJCNzA2RkQ3NDg3NjBEMzIA,9431bdc0-7a42-4f5e-a86a-fc2b174f08bf,705ebb7f-2697-4d69-9872-c863f714d164,f2743829-9058-4a1e-aaf0-1a536e6508b9
a59fcbd7-68a5-40b0-88da-0688232da1f4,≡ƒæñ What is your name?,OUTGOING,2026-06-16 23:29:26.445399,wamid.HBgMOTE5OTA1OTQxNzI4FQIAERgSMUE2MTI1NDk4MkEwMkNCNDYyAA==,9431bdc0-7a42-4f5e-a86a-fc2b174f08bf,705ebb7f-2697-4d69-9872-c863f714d164,f2743829-9058-4a1e-aaf0-1a536e6508b9
7fa40ff1-a4fa-4231-b8fc-a093e50d2636,Hi,INCOMING,2026-06-16 23:29:31,wamid.HBgMOTE5OTA1OTQxNzI4FQIAEhggQUM4QkU2NjZFQkQ3RDcyNjMxRDA3QUVCQjdBNDcxODgA,9431bdc0-7a42-4f5e-a86a-fc2b174f08bf,705ebb7f-2697-4d69-9872-c863f714d164,f2743829-9058-4a1e-aaf0-1a536e6508b9
2412d8fe-0513-4446-9723-bb72a197cfac,"≡ƒæï Hello Himanshu!
Welcome to *Gyan VaniAI*.

Please choose from our services below ≡ƒæç

Options: ≡ƒÆ╗ Book Appointment, ≡ƒÆ╗ Enquire Now, Appoitments, ≡ƒôé About & Contact, ≡ƒåÿ Human Support, ≡ƒÄ½ Get Support",OUTGOING,2026-06-16 23:29:32.753822,wamid.HBgMOTE5OTA1OTQxNzI4FQIAERgSRjE3M0Y3MkUwOEJCNEIzN0I2AA==,9431bdc0-7a42-4f5e-a86a-fc2b174f08bf,705ebb7f-2697-4d69-9872-c863f714d164,f2743829-9058-4a1e-aaf0-1a536e6508b9
05649fd3-2c31-4ae9-97db-ab1c23f2e0f4,Hi,INCOMING,2026-06-16 23:29:39,wamid.HBgMOTE5OTA1OTQxNzI4FQIAEhggQUMwOUZBQjE3MzQwRjRBQzk1MTEyMUI5RkJFRTI1QUYA,9431bdc0-7a42-4f5e-a86a-fc2b174f08bf,705ebb7f-2697-4d69-9872-c863f714d164,f2743829-9058-4a1e-aaf0-1a536e6508b9
8c167ca5-7f49-4291-8815-641d18aa26aa,"≡ƒæï Hello Himanshu!
Welcome to *Gyan VaniAI*.

Please choose from our services below ≡ƒæç

Options: ≡ƒÆ╗ Book Appointment, ≡ƒÆ╗ Enquire Now, Appoitments, ≡ƒôé About & Contact, ≡ƒåÿ Human Support, ≡ƒÄ½ Get Support",OUTGOING,2026-06-16 23:29:43.290235,wamid.HBgMOTE5OTA1OTQxNzI4FQIAERgSOTMyQjVGNTlFMTVCRkNGRDk2AA==,9431bdc0-7a42-4f5e-a86a-fc2b174f08bf,705ebb7f-2697-4d69-9872-c863f714d164,f2743829-9058-4a1e-aaf0-1a536e6508b9
72ffc7dd-dd5d-463f-a904-efed54745643,≡ƒÄ½ Get Support,INCOMING,2026-06-16 23:29:47,wamid.HBgMOTE5OTA1OTQxNzI4FQIAEhggQUM5N0UxODg5NjZGODEyQTU3Njk5Qzc4OTJFRTRGQ0QA,9431bdc0-7a42-4f5e-a86a-fc2b174f08bf,705ebb7f-2697-4d69-9872-c863f714d164,f2743829-9058-4a1e-aaf0-1a536e6508b9
48726c02-3d55-4c9e-bea8-2a7f3c2c8c79,≡ƒæñ What is your name?,OUTGOING,2026-06-16 23:29:48.548954,wamid.HBgMOTE5OTA1OTQxNzI4FQIAERgSQjY5N0NCOTc0NDdCNUZCODEzAA==,9431bdc0-7a42-4f5e-a86a-fc2b174f08bf,705ebb7f-2697-4d69-9872-c863f714d164,f2743829-9058-4a1e-aaf0-1a536e6508b9
0ed93221-adb0-4f3e-a2ab-2c6fd057cbb7,Him,INCOMING,2026-06-16 23:29:50,wamid.HBgMOTE5OTA1OTQxNzI4FQIAEhggQUM3N0QxMzVBOUM5NjIzOEM2NUJBMzNFREI2NDVFNDQA,9431bdc0-7a42-4f5e-a86a-fc2b174f08bf,705ebb7f-2697-4d69-9872-c863f714d164,f2743829-9058-4a1e-aaf0-1a536e6508b9
5f21ef6b-86e8-4c8d-b5a8-489ac3c38c6e,≡ƒôº Please provide your email address so our support team can reach you:,OUTGOING,2026-06-16 23:29:51.530963,wamid.HBgMOTE5OTA1OTQxNzI4FQIAERgSQzhBOTc3QkE5MTA5QkJDN0JGAA==,9431bdc0-7a42-4f5e-a86a-fc2b174f08bf,705ebb7f-2697-4d69-9872-c863f714d164,f2743829-9058-4a1e-aaf0-1a536e6508b9
977f02bf-086f-449b-afe9-4182f06bc572,Hkbharti77@gmail.com,INCOMING,2026-06-16 23:29:59,wamid.HBgMOTE5OTA1OTQxNzI4FQIAEhggQUM4NjgyQ0U3M0UxQTIyQjQ0MkUwOTg4ODE0QzlGODYA,9431bdc0-7a42-4f5e-a86a-fc2b174f08bf,705ebb7f-2697-4d69-9872-c863f714d164,f2743829-9058-4a1e-aaf0-1a536e6508b9
31968756-6797-4e2b-b537-6d3df65aba80,≡ƒô▒ What is your phone number?,OUTGOING,2026-06-16 23:30:00.083008,wamid.HBgMOTE5OTA1OTQxNzI4FQIAERgSMzYyM0VDQkY0M0E1RTVDOEVDAA==,9431bdc0-7a42-4f5e-a86a-fc2b174f08bf,705ebb7f-2697-4d69-9872-c863f714d164,f2743829-9058-4a1e-aaf0-1a536e6508b9
9adc73af-56e7-45cc-985e-911f27783a3d,70500 47159,INCOMING,2026-06-16 23:30:05,wamid.HBgMOTE5OTA1OTQxNzI4FQIAEhggQUMyQzQxNjlCMjFFNDRCQkMyREEwQUZENTNDNDE5RUUA,9431bdc0-7a42-4f5e-a86a-fc2b174f08bf,705ebb7f-2697-4d69-9872-c863f714d164,f2743829-9058-4a1e-aaf0-1a536e6508b9
b49b454f-3b24-44cf-aaf4-d9ae4d916e78,"≡ƒÅ╖∩╕Å What category best describes your issue? (e.g., Billing, Technical, General)

Options: Project Query, Revision Request, Delivery Query, Pricing, NDA & Contract, General",OUTGOING,2026-06-16 23:30:06.190926,wamid.HBgMOTE5OTA1OTQxNzI4FQIAERgSMkJFQTRFNDk5M0U5RDM4MzlCAA==,9431bdc0-7a42-4f5e-a86a-fc2b174f08bf,705ebb7f-2697-4d69-9872-c863f714d164,f2743829-9058-4a1e-aaf0-1a536e6508b9
2e0373c7-1368-4365-b50e-d11066f9c710,Delivery Query,INCOMING,2026-06-16 23:30:13,wamid.HBgMOTE5OTA1OTQxNzI4FQIAEhggQUM5N0UxNjZDNkU5NjE0MUE3REIwMDYwMjc2QkREOTEA,9431bdc0-7a42-4f5e-a86a-fc2b174f08bf,705ebb7f-2697-4d69-9872-c863f714d164,f2743829-9058-4a1e-aaf0-1a536e6508b9
a3c60dea-c74e-4a04-9783-fb1d311b72ed,≡ƒô¥ Please provide a brief subject for your request:,OUTGOING,2026-06-16 23:30:14.219751,wamid.HBgMOTE5OTA1OTQxNzI4FQIAERgSMkU4QkUxRkZCQTFDRDY1NTQ0AA==,9431bdc0-7a42-4f5e-a86a-fc2b174f08bf,705ebb7f-2697-4d69-9872-c863f714d164,f2743829-9058-4a1e-aaf0-1a536e6508b9
fb2aa96e-2298-42ac-960c-63e9db16ee88,Testing Testing,INCOMING,2026-06-16 23:30:23,wamid.HBgMOTE5OTA1OTQxNzI4FQIAEhggQUNDRkRCOUZDQkRGRDBEOTk4NzNFM0JCRTdCRDdCQjYA,9431bdc0-7a42-4f5e-a86a-fc2b174f08bf,705ebb7f-2697-4d69-9872-c863f714d164,f2743829-9058-4a1e-aaf0-1a536e6508b9
79141e26-f2a7-48fd-a0f8-ae453393b4a4,≡ƒÆ¼ Please describe the issue you are facing or how we can help you today:,OUTGOING,2026-06-16 23:30:24.448761,wamid.HBgMOTE5OTA1OTQxNzI4FQIAERgSRkM4RkMxRUE0Q0ZDODI0NTAwAA==,9431bdc0-7a42-4f5e-a86a-fc2b174f08bf,705ebb7f-2697-4d69-9872-c863f714d164,f2743829-9058-4a1e-aaf0-1a536e6508b9
e926d53f-9424-4f1e-bcc2-63ed7f0b80b2,Testing Testing Testing,INCOMING,2026-06-16 23:30:43,wamid.HBgMOTE5OTA1OTQxNzI4FQIAEhggQUM0N0QwNDc4NUVFRDFFOUUwOTA0MDlCOTU4RDg4NzEA,9431bdc0-7a42-4f5e-a86a-fc2b174f08bf,705ebb7f-2697-4d69-9872-c863f714d164,f2743829-9058-4a1e-aaf0-1a536e6508b9
df60bedc-baaf-468a-9f48-9204b6408b3c,Γ£à Thank you for contacting support! We've received your request and will get back to you shortly.,OUTGOING,2026-06-16 23:30:53.452545,wamid.HBgMOTE5OTA1OTQxNzI4FQIAERgSNjgxOTRDNTEwNjQ3MUFEQjYwAA==,9431bdc0-7a42-4f5e-a86a-fc2b174f08bf,705ebb7f-2697-4d69-9872-c863f714d164,f2743829-9058-4a1e-aaf0-1a536e6508b9
7a65d5ea-adad-4730-a8f6-38626fc43afb,Hi,INCOMING,2026-06-16 23:39:38,wamid.HBgMOTE5OTA1OTQxNzI4FQIAEhggQUM0RTY4QjAyQzIwNDgwRjA0NUEwN0Y4QTM4Qjk1QzYA,9431bdc0-7a42-4f5e-a86a-fc2b174f08bf,705ebb7f-2697-4d69-9872-c863f714d164,f2743829-9058-4a1e-aaf0-1a536e6508b9
1d00c2cf-8edb-4665-b973-3a39e8f83f88,"≡ƒæï Hello Himanshu!
Welcome to *Gyan VaniAI*.

Please choose from our services below ≡ƒæç

Options: ≡ƒÆ╗ Book Appointment, ≡ƒÆ╗ Enquire Now, Appoitments, ≡ƒôé About & Contact, ≡ƒåÿ Human Support, ≡ƒÄ½ Get Support",OUTGOING,2026-06-16 23:39:42.487513,wamid.HBgMOTE5OTA1OTQxNzI4FQIAERgSMDYyMzM5NTZBOUVENzgwQUVGAA==,9431bdc0-7a42-4f5e-a86a-fc2b174f08bf,705ebb7f-2697-4d69-9872-c863f714d164,f2743829-9058-4a1e-aaf0-1a536e6508b9
ad100b85-e2e3-480d-9394-d66eff1e16c3,≡ƒÆ╗ Enquire Now,INCOMING,2026-06-16 23:39:58,wamid.HBgMOTE5OTA1OTQxNzI4FQIAEhggQUMzMzU5MDFDQ0NEN0YzN0ZFMjM0RjU4MjU5RDAxQTEA,9431bdc0-7a42-4f5e-a86a-fc2b174f08bf,705ebb7f-2697-4d69-9872-c863f714d164,f2743829-9058-4a1e-aaf0-1a536e6508b9
9d9c8c94-2149-4d63-bbba-52a6bb5fafbc,≡ƒæï What is your full name?,OUTGOING,2026-06-16 23:40:00.558009,wamid.HBgMOTE5OTA1OTQxNzI4FQIAERgSNDhBOUQ5ODFFNUMwMjA5NDQzAA==,9431bdc0-7a42-4f5e-a86a-fc2b174f08bf,705ebb7f-2697-4d69-9872-c863f714d164,f2743829-9058-4a1e-aaf0-1a536e6508b9
2b48dcde-e0c9-489a-adfd-0d71f41fa68a,H,INCOMING,2026-06-16 23:40:06,wamid.HBgMOTE5OTA1OTQxNzI4FQIAEhggQUNDMjI3NjU0REU3M0YyNzhFQzFGNDM3ODJBMEQ4NzQA,9431bdc0-7a42-4f5e-a86a-fc2b174f08bf,705ebb7f-2697-4d69-9872-c863f714d164,f2743829-9058-4a1e-aaf0-1a536e6508b9
b90cb3e1-c1f7-4483-b445-20e421412d46,ΓÜá∩╕Å Name is too short. Please enter your full name (minimum 2 characters).,OUTGOING,2026-06-16 23:40:07.676009,wamid.HBgMOTE5OTA1OTQxNzI4FQIAERgSQTFBMDNEMDhGOTNGRjNCMzU0AA==,9431bdc0-7a42-4f5e-a86a-fc2b174f08bf,705ebb7f-2697-4d69-9872-c863f714d164,f2743829-9058-4a1e-aaf0-1a536e6508b9
7a42ac16-32d1-4838-a751-549487e73ac2,≡ƒæï What is your full name?,OUTGOING,2026-06-16 23:40:08.301692,wamid.HBgMOTE5OTA1OTQxNzI4FQIAERgSNkQ0RTI3NDkwMjhGQjVENUQ1AA==,9431bdc0-7a42-4f5e-a86a-fc2b174f08bf,705ebb7f-2697-4d69-9872-c863f714d164,f2743829-9058-4a1e-aaf0-1a536e6508b9
976b810f-a975-4bc4-9f7b-e3c75d369932,Himanshu,INCOMING,2026-06-16 23:40:15,wamid.HBgMOTE5OTA1OTQxNzI4FQIAEhggQUM2NEM4Q0RBMTA0NDJBMTUzRTk3M0Y5NTEyMjFBRTIA,9431bdc0-7a42-4f5e-a86a-fc2b174f08bf,705ebb7f-2697-4d69-9872-c863f714d164,f2743829-9058-4a1e-aaf0-1a536e6508b9
d258ad21-4250-4738-9926-159fba6e01a0,≡ƒô▒ Please provide your contact number:,OUTGOING,2026-06-16 23:40:16.015772,wamid.HBgMOTE5OTA1OTQxNzI4FQIAERgSOUYxRTMzMjE5NzdDMTNGQjFCAA==,9431bdc0-7a42-4f5e-a86a-fc2b174f08bf,705ebb7f-2697-4d69-9872-c863f714d164,f2743829-9058-4a1e-aaf0-1a536e6508b9
05d079bd-a436-4a4b-9266-99f156a4e769,23455,INCOMING,2026-06-16 23:40:20,wamid.HBgMOTE5OTA1OTQxNzI4FQIAEhggQUMyNzI5NEM2RTYxMUFGRThGM0U1RjkzRjJDMDc3RkUA,9431bdc0-7a42-4f5e-a86a-fc2b174f08bf,705ebb7f-2697-4d69-9872-c863f714d164,f2743829-9058-4a1e-aaf0-1a536e6508b9
10b41bba-26c1-4dff-bdb9-ddcca780aae5,"ΓÜá∩╕Å That doesn't look like a valid phone number. Please enter a valid number (e.g., +1234567890).",OUTGOING,2026-06-16 23:40:21.588939,wamid.HBgMOTE5OTA1OTQxNzI4FQIAERgSMTY0MUI2RjJBMTlCMjE0QkIzAA==,9431bdc0-7a42-4f5e-a86a-fc2b174f08bf,705ebb7f-2697-4d69-9872-c863f714d164,f2743829-9058-4a1e-aaf0-1a536e6508b9
4bcde5f6-5780-4480-b99d-68f6516fee4e,≡ƒô▒ Please provide your contact number:,OUTGOING,2026-06-16 23:40:22.244696,wamid.HBgMOTE5OTA1OTQxNzI4FQIAERgSMkQ3RUY0QzdBRUIxM0EzNkNEAA==,9431bdc0-7a42-4f5e-a86a-fc2b174f08bf,705ebb7f-2697-4d69-9872-c863f714d164,f2743829-9058-4a1e-aaf0-1a536e6508b9
cb74a738-2f40-4bb3-a4d0-0b73d991e80f,70500 47159,INCOMING,2026-06-16 23:40:28,wamid.HBgMOTE5OTA1OTQxNzI4FQIAEhggQUM2NUY4MzI5QzgwMkNDQTA4Mjg1QzlBM0Q5RDEwQUQA,9431bdc0-7a42-4f5e-a86a-fc2b174f08bf,705ebb7f-2697-4d69-9872-c863f714d164,f2743829-9058-4a1e-aaf0-1a536e6508b9
c52e6f10-f36c-44b7-b334-b6c5e5945818,≡ƒô⌐ What is your email address?,OUTGOING,2026-06-16 23:40:29.022887,wamid.HBgMOTE5OTA1OTQxNzI4FQIAERgSMTZCOTk2MkIyMDI5OTc5QUE0AA==,9431bdc0-7a42-4f5e-a86a-fc2b174f08bf,705ebb7f-2697-4d69-9872-c863f714d164,f2743829-9058-4a1e-aaf0-1a536e6508b9
9f3b4330-8fca-43db-99c0-4961b63f0655,Hjkkk,INCOMING,2026-06-16 23:40:33,wamid.HBgMOTE5OTA1OTQxNzI4FQIAEhggQUM1RTlFNDMxMEMyOUI0RTQyQUM5QTgyODc5QzY2ODEA,9431bdc0-7a42-4f5e-a86a-fc2b174f08bf,705ebb7f-2697-4d69-9872-c863f714d164,f2743829-9058-4a1e-aaf0-1a536e6508b9
3a04f2d5-20ab-465f-a5c5-52d2fa654a9f,"ΓÜá∩╕Å That doesn't look like a valid email address. Please enter a valid email (e.g., name@example.com).",OUTGOING,2026-06-16 23:40:34.174061,wamid.HBgMOTE5OTA1OTQxNzI4FQIAERgSMTAyQ0FGNjcyNTk1N0NBRTgwAA==,9431bdc0-7a42-4f5e-a86a-fc2b174f08bf,705ebb7f-2697-4d69-9872-c863f714d164,f2743829-9058-4a1e-aaf0-1a536e6508b9
677d9472-cd1a-4b5d-a48e-6a3026811558,≡ƒô⌐ What is your email address?,OUTGOING,2026-06-16 23:40:34.754128,wamid.HBgMOTE5OTA1OTQxNzI4FQIAERgSMUVBNjc1QjYyQ0E4NDEzRUVBAA==,9431bdc0-7a42-4f5e-a86a-fc2b174f08bf,705ebb7f-2697-4d69-9872-c863f714d164,f2743829-9058-4a1e-aaf0-1a536e6508b9
d6106320-c874-47d6-8005-68560e959d37,Hkbharti77@gmail.com,INCOMING,2026-06-16 23:40:41,wamid.HBgMOTE5OTA1OTQxNzI4FQIAEhggQUNDRDQ0RkVFMTgwODlEMzhERDk0RjRBRjg1NjhBM0EA,9431bdc0-7a42-4f5e-a86a-fc2b174f08bf,705ebb7f-2697-4d69-9872-c863f714d164,f2743829-9058-4a1e-aaf0-1a536e6508b9
e584c35b-5a4c-46cf-b6c1-ea1a83890204,"≡ƒôï Which service category are you interested in?

Options: Consultation, Installation/Setup, Repair/Maintenance, Other",OUTGOING,2026-06-16 23:40:41.82243,wamid.HBgMOTE5OTA1OTQxNzI4FQIAERgSMjBCNkRCNkM5MzQyRkUxQ0UyAA==,9431bdc0-7a42-4f5e-a86a-fc2b174f08bf,705ebb7f-2697-4d69-9872-c863f714d164,f2743829-9058-4a1e-aaf0-1a536e6508b9
2ae8e8e5-7d6b-4e28-97c4-c35dc5b9be80,Installation/Setup,INCOMING,2026-06-16 23:40:47,wamid.HBgMOTE5OTA1OTQxNzI4FQIAEhggQUM0RDU3NUM4NDVFM0QzODlEQ0ZCREVGQzQ5NERCOUYA,9431bdc0-7a42-4f5e-a86a-fc2b174f08bf,705ebb7f-2697-4d69-9872-c863f714d164,f2743829-9058-4a1e-aaf0-1a536e6508b9
52a879bc-418a-45e7-835b-aa037178f9d2,Testing Testing Testing,INCOMING,2026-06-16 23:40:54,wamid.HBgMOTE5OTA1OTQxNzI4FQIAEhggQUM3RDEzNTU2MTkxMzBFNjc2RTg4N0ZEMTlGNDc3NzgA,9431bdc0-7a42-4f5e-a86a-fc2b174f08bf,705ebb7f-2697-4d69-9872-c863f714d164,f2743829-9058-4a1e-aaf0-1a536e6508b9
98cd6c7e-1ad4-4202-9c21-df75f69c5cc4,≡ƒô¥ Please describe your specific requirement in detail:,OUTGOING,2026-06-16 23:40:48.664005,wamid.HBgMOTE5OTA1OTQxNzI4FQIAERgSOTM1QTkxQzEyNTY3NUJBM0UxAA==,9431bdc0-7a42-4f5e-a86a-fc2b174f08bf,705ebb7f-2697-4d69-9872-c863f714d164,f2743829-9058-4a1e-aaf0-1a536e6508b9
29c51669-41ea-4825-b836-d5719439360c,"≡ƒñ¥ *Thank you, Himanshu!*

We've noted your interest in *General Enquiry*.
Your reference number is: *GYAN-L-20260616-0001*

Our expert will contact you within 24 hours with the best options for you.",OUTGOING,2026-06-16 23:41:01.836862,wamid.HBgMOTE5OTA1OTQxNzI4FQIAERgSNkI3RjQ3NkVDNDI0QzgzMTdEAA==,9431bdc0-7a42-4f5e-a86a-fc2b174f08bf,705ebb7f-2697-4d69-9872-c863f714d164,f2743829-9058-4a1e-aaf0-1a536e6508b9
f2b7d8da-794d-4b8d-af91-1cd1f6507b3d,Hi,INCOMING,2026-06-16 23:45:59,wamid.HBgMOTE5OTA1OTQxNzI4FQIAEhggQUM2Q0M4MEFFQ0I3OTU1MjZFREQ2NUYxMEIxQTdFQUUA,9431bdc0-7a42-4f5e-a86a-fc2b174f08bf,705ebb7f-2697-4d69-9872-c863f714d164,f2743829-9058-4a1e-aaf0-1a536e6508b9
cdb15aae-e43c-4208-abd4-1e7e109d9a9b,"≡ƒæï Hello Himanshu!
Welcome to *Gyan VaniAI*.

Please choose from our services below ≡ƒæç

Options: ≡ƒÆ╗ Book Appointment, ≡ƒÆ╗ Enquire Now, Appoitments, ≡ƒôé About & Contact, ≡ƒåÿ Human Support, ≡ƒÄ½ Get Support",OUTGOING,2026-06-16 23:46:13.722474,wamid.HBgMOTE5OTA1OTQxNzI4FQIAERgSRDNEQTczOUMwMDlDNTQ5RjY0AA==,9431bdc0-7a42-4f5e-a86a-fc2b174f08bf,705ebb7f-2697-4d69-9872-c863f714d164,f2743829-9058-4a1e-aaf0-1a536e6508b9
62aa5068-8894-427c-a28c-79c5796c5541,≡ƒÄ½ Get Support,INCOMING,2026-06-16 23:46:20,wamid.HBgMOTE5OTA1OTQxNzI4FQIAEhggQUMzMENEOTU4Mjc1NTc2NUIwREY2M0Y5MTJBQ0U1Q0YA,9431bdc0-7a42-4f5e-a86a-fc2b174f08bf,705ebb7f-2697-4d69-9872-c863f714d164,f2743829-9058-4a1e-aaf0-1a536e6508b9
ac9931ca-eb36-4de5-a4b8-a2d90866f43f,"Welcome to our Support channel! Please provide a few details so we can assist you better.

≡ƒæñ What is your name?",OUTGOING,2026-06-16 23:46:21.36992,wamid.HBgMOTE5OTA1OTQxNzI4FQIAERgSQ0YwMjIxQkYzRUNBOEQxNjM0AA==,9431bdc0-7a42-4f5e-a86a-fc2b174f08bf,705ebb7f-2697-4d69-9872-c863f714d164,f2743829-9058-4a1e-aaf0-1a536e6508b9
bf44291c-fc62-4394-b402-ca5f05d3a060,Hi,INCOMING,2026-06-16 23:47:19,wamid.HBgMOTE5OTA1OTQxNzI4FQIAEhggQUNENjU1ODZEMkNCMjFFMDE1RUQ2NTcxQjk3QkU5QTAA,9431bdc0-7a42-4f5e-a86a-fc2b174f08bf,705ebb7f-2697-4d69-9872-c863f714d164,f2743829-9058-4a1e-aaf0-1a536e6508b9
0760a62b-f515-441c-8bf3-93b792eb45f5,"≡ƒæï Hello Himanshu!
Welcome to *Gyan VaniAI*.

Please choose from our services below ≡ƒæç

Options: ≡ƒÆ╗ Book Appointment, ≡ƒÆ╗ Enquire Now, Appoitments, ≡ƒôé About & Contact, ≡ƒåÿ Human Support, ≡ƒÄ½ Get Support",OUTGOING,2026-06-16 23:47:31.443424,wamid.HBgMOTE5OTA1OTQxNzI4FQIAERgSNzc1MEM2Qzg1Q0Q4Qzc0QzY3AA==,9431bdc0-7a42-4f5e-a86a-fc2b174f08bf,705ebb7f-2697-4d69-9872-c863f714d164,f2743829-9058-4a1e-aaf0-1a536e6508b9
c22cf966-a24a-4695-bafe-ad9589eceb96,Hi,INCOMING,2026-06-17 07:57:48,wamid.HBgMOTE3MDUwMDQ3MTU5FQIAEhggQUNDMDk1QkRDMzU1QjYxQkE5REJDRkUzMTdGRDIzRDQA,9431bdc0-7a42-4f5e-a86a-fc2b174f08bf,6c77c2c8-de8c-477c-b5e3-cdab13a925c6,f2743829-9058-4a1e-aaf0-1a536e6508b9
166fe043-3a50-4a96-80f2-843885681622,Hi,INCOMING,2026-06-17 08:10:33,wamid.HBgMOTE5OTA1OTQxNzI4FQIAEhggQUM2RkVFQUMyODA3QTg2QTZGMUYxN0MxNUE3QjZBMkIA,9431bdc0-7a42-4f5e-a86a-fc2b174f08bf,705ebb7f-2697-4d69-9872-c863f714d164,f2743829-9058-4a1e-aaf0-1a536e6508b9
ff41fa9b-501a-45f9-8fb1-e38c9ac98a40,"≡ƒæï Hello Himanshu!
Welcome to *Gyan VaniAI*.

Please choose from our services below ≡ƒæç

Options: ≡ƒÆ╗ Enquire Now, Appoitments, ≡ƒôé About & Contact, ≡ƒåÿ Human Support, ≡ƒÄ½ Get Support",OUTGOING,2026-06-17 08:11:01.124744,wamid.HBgMOTE5OTA1OTQxNzI4FQIAERgSRjFBOEZFOTA3NDA2MzYyRUYzAA==,9431bdc0-7a42-4f5e-a86a-fc2b174f08bf,705ebb7f-2697-4d69-9872-c863f714d164,f2743829-9058-4a1e-aaf0-1a536e6508b9
bef67227-74bd-4973-8360-bc671d0c1aa2,≡ƒÆ╗ Enquire Now,INCOMING,2026-06-17 08:11:13,wamid.HBgMOTE5OTA1OTQxNzI4FQIAEhggQUMzNjdCRUVDQzlBRENERDk3ODgwNDY3N0Q2OENCRTIA,9431bdc0-7a42-4f5e-a86a-fc2b174f08bf,705ebb7f-2697-4d69-9872-c863f714d164,f2743829-9058-4a1e-aaf0-1a536e6508b9
68deb8da-3b6e-405c-b996-b3395535e63e,≡ƒæï What is your full name?,OUTGOING,2026-06-17 08:11:18.630055,wamid.HBgMOTE5OTA1OTQxNzI4FQIAERgSQ0M1MEQxQ0U0QzMyMUQ2MTE3AA==,9431bdc0-7a42-4f5e-a86a-fc2b174f08bf,705ebb7f-2697-4d69-9872-c863f714d164,f2743829-9058-4a1e-aaf0-1a536e6508b9
79c04849-4f6a-437a-9b15-4e0ba73797c8,Hi,INCOMING,2026-06-17 08:11:23,wamid.HBgMOTE5OTA1OTQxNzI4FQIAEhggQUNEMjIxREY1NjYwNjEzNkNEMzhGQkU3OTk3QjE5QkMA,9431bdc0-7a42-4f5e-a86a-fc2b174f08bf,705ebb7f-2697-4d69-9872-c863f714d164,f2743829-9058-4a1e-aaf0-1a536e6508b9
bb822cea-4e8d-401d-b066-a47750ae9f07,≡ƒô▒ Please provide your contact number:,OUTGOING,2026-06-17 08:11:24.46888,wamid.HBgMOTE5OTA1OTQxNzI4FQIAERgSQUIzQjZCMkU2N0MwMENFQjZDAA==,9431bdc0-7a42-4f5e-a86a-fc2b174f08bf,705ebb7f-2697-4d69-9872-c863f714d164,f2743829-9058-4a1e-aaf0-1a536e6508b9
fb9f7c0e-5d96-4eaf-9ad9-7ce688567820,Cancel,INCOMING,2026-06-17 08:11:30,wamid.HBgMOTE5OTA1OTQxNzI4FQIAEhggQUMzQ0EwQTNCREU2RjYwOEIxODFDQzg5MEU2NzFBNzQA,9431bdc0-7a42-4f5e-a86a-fc2b174f08bf,705ebb7f-2697-4d69-9872-c863f714d164,f2743829-9058-4a1e-aaf0-1a536e6508b9
b19adf48-d6f9-46a8-b7ac-f51528a10887,≡ƒ¢æ Your form has been terminated.,OUTGOING,2026-06-17 08:11:31.314251,wamid.HBgMOTE5OTA1OTQxNzI4FQIAERgSRTM0RUNCNDQwNkFENkQ1NTNBAA==,9431bdc0-7a42-4f5e-a86a-fc2b174f08bf,705ebb7f-2697-4d69-9872-c863f714d164,f2743829-9058-4a1e-aaf0-1a536e6508b9
9e078fc2-18b1-489f-8e29-9045ded1fc71,"Options: ≡ƒÆ╗ Enquire Now, Appoitments, ≡ƒôé About & Contact, ≡ƒåÿ Human Support, ≡ƒÄ½ Get Support",OUTGOING,2026-06-17 08:11:32.271101,wamid.HBgMOTE5OTA1OTQxNzI4FQIAERgSQTA0MkNGMDU1MDUzQTNCNTM1AA==,9431bdc0-7a42-4f5e-a86a-fc2b174f08bf,705ebb7f-2697-4d69-9872-c863f714d164,f2743829-9058-4a1e-aaf0-1a536e6508b9
05e023dc-8a47-4dda-a4d0-fe47987b3acf,Hi,INCOMING,2026-06-17 08:15:45,wamid.HBgMOTE5OTA1OTQxNzI4FQIAEhggQUM3MDYyNzI1NUNGQUE4RkVBMzJENTc4REJBNkY5NUYA,9431bdc0-7a42-4f5e-a86a-fc2b174f08bf,705ebb7f-2697-4d69-9872-c863f714d164,f2743829-9058-4a1e-aaf0-1a536e6508b9
54266d44-d9b7-41a3-a29d-798469b5bffe,"≡ƒæï Hello Himanshu!
Welcome to *Gyan VaniAI*.

Please choose from our services below ≡ƒæç

Options: ≡ƒÆ╗ Book Service, ≡ƒÆ╗ Enquire Now, Appoitments, ≡ƒôé About & Contact, ≡ƒåÿ Human Support, ≡ƒÄ½ Get Support",OUTGOING,2026-06-17 08:15:54.268836,wamid.HBgMOTE5OTA1OTQxNzI4FQIAERgSQkVFQTkxNDhBQzBGMzAzMDAyAA==,9431bdc0-7a42-4f5e-a86a-fc2b174f08bf,705ebb7f-2697-4d69-9872-c863f714d164,f2743829-9058-4a1e-aaf0-1a536e6508b9
ccb27df8-eb36-4f48-938f-fc00de232b85,Fuck,INCOMING,2026-06-17 22:29:13,wamid.HBgMOTE5OTA1OTQxNzI4FQIAEhggQUMzRjQxQkYxQTgzOERBNTFBRUY0RUZCMjQ0MDY3RkUA,9431bdc0-7a42-4f5e-a86a-fc2b174f08bf,705ebb7f-2697-4d69-9872-c863f714d164,f2743829-9058-4a1e-aaf0-1a536e6508b9
439e5bce-517f-4972-ba60-361f4200d4d8,Fuck,INCOMING,2026-06-17 22:29:34,wamid.HBgMOTE5OTA1OTQxNzI4FQIAEhggQUNFQUVFREIxNTVFMDA2Q0NDMDU0QUY4RTYyMTlBM0IA,9431bdc0-7a42-4f5e-a86a-fc2b174f08bf,705ebb7f-2697-4d69-9872-c863f714d164,f2743829-9058-4a1e-aaf0-1a536e6508b9
01ee7892-75ba-4202-a1ea-d15626fb6dfc,Hi,INCOMING,2026-06-17 22:29:51,wamid.HBgMOTE5OTA1OTQxNzI4FQIAEhggQUNENDhCMDBDMUM3OUZBRTY5QTQxRjUzRjFBNTA2MjQA,9431bdc0-7a42-4f5e-a86a-fc2b174f08bf,705ebb7f-2697-4d69-9872-c863f714d164,f2743829-9058-4a1e-aaf0-1a536e6508b9
f296fd21-f8d8-4e8e-a361-d0c0bf318499,"≡ƒæï Hello Himanshu!
Welcome to *Gyan VaniAI*.

Please choose from our services below ≡ƒæç

Options: ≡ƒÆ╗ Book Service, ≡ƒÆ╗ Enquire Now, Appoitments, ≡ƒôé About & Contact, ≡ƒåÿ Human Support, ≡ƒÄ½ Get Support",OUTGOING,2026-06-17 22:29:57.358326,wamid.HBgMOTE5OTA1OTQxNzI4FQIAERgSRDBEMUVGRTI0Q0RBRkIyMkNFAA==,9431bdc0-7a42-4f5e-a86a-fc2b174f08bf,705ebb7f-2697-4d69-9872-c863f714d164,f2743829-9058-4a1e-aaf0-1a536e6508b9
4347f18d-d582-47c4-b8b4-65b4f324f68f,Mc,INCOMING,2026-06-17 22:30:05,wamid.HBgMOTE5OTA1OTQxNzI4FQIAEhggQUM4NEY5RkQzMTNFMjlFRjQ1MUJFQ0IzMTE0NjYyMUIA,9431bdc0-7a42-4f5e-a86a-fc2b174f08bf,705ebb7f-2697-4d69-9872-c863f714d164,f2743829-9058-4a1e-aaf0-1a536e6508b9
6d23c412-ff06-48c9-aa5a-179edcb5d965,I'm having trouble connecting to my knowledge base right now. Please try again later.,OUTGOING,2026-06-17 22:30:07.572921,wamid.HBgMOTE5OTA1OTQxNzI4FQIAERgSQ0M1MjMzRUNENTE5OUNDNEQ0AA==,9431bdc0-7a42-4f5e-a86a-fc2b174f08bf,705ebb7f-2697-4d69-9872-c863f714d164,f2743829-9058-4a1e-aaf0-1a536e6508b9
bd32802b-06e1-4266-9ebb-7be9b6555299,Fuck,INCOMING,2026-06-17 22:30:16,wamid.HBgMOTE5OTA1OTQxNzI4FQIAEhggQUNDRkI0QzJGREY2RkQ3MzEwQjNDMDQ1MEM0MkFEMDkA,9431bdc0-7a42-4f5e-a86a-fc2b174f08bf,705ebb7f-2697-4d69-9872-c863f714d164,f2743829-9058-4a1e-aaf0-1a536e6508b9
19c799e5-bfb9-46fd-94b0-d8fe66a2defe,Ghhjjjjjjj,INCOMING,2026-06-17 22:31:24,wamid.HBgMOTE5OTA1OTQxNzI4FQIAEhggQUNGRjFBMjY4RTgxQTUwMTM0ODAxMDAwNjJGQTQ4NDAA,9431bdc0-7a42-4f5e-a86a-fc2b174f08bf,705ebb7f-2697-4d69-9872-c863f714d164,f2743829-9058-4a1e-aaf0-1a536e6508b9
8ac14036-2f98-4f35-887a-a675bd23839d,Fuck,INCOMING,2026-06-17 23:41:34,wamid.HBgMOTE5OTA1OTQxNzI4FQIAEhggQUM1OEZGMkJCOUNENjBGN0UxRTA1Njk4RUE1MjJFOEUA,9431bdc0-7a42-4f5e-a86a-fc2b174f08bf,705ebb7f-2697-4d69-9872-c863f714d164,f2743829-9058-4a1e-aaf0-1a536e6508b9
614890db-1297-4ebe-b09e-5953d4193d30,"We couldn't process your request. Please select an option from the menu below.

Options: ≡ƒÆ╗ Book Service, ≡ƒÆ╗ Enquire Now, Appoitments, ≡ƒôé About & Contact, ≡ƒåÿ Human Support, ≡ƒÄ½ Get Support",OUTGOING,2026-06-17 23:41:39.05992,wamid.HBgMOTE5OTA1OTQxNzI4FQIAERgSQTk0Mjc1OTcwMTFEMUY0MkQxAA==,9431bdc0-7a42-4f5e-a86a-fc2b174f08bf,705ebb7f-2697-4d69-9872-c863f714d164,f2743829-9058-4a1e-aaf0-1a536e6508b9
9c2c6de8-b4d7-4a70-99ee-f76fc3a9cc21,Fuck,INCOMING,2026-06-17 23:41:49,wamid.HBgMOTE5OTA1OTQxNzI4FQIAEhggQUM2NEZENTY1NTYzOUM0NzVDREM4MTY2MDQ0Qzg2QTIA,9431bdc0-7a42-4f5e-a86a-fc2b174f08bf,705ebb7f-2697-4d69-9872-c863f714d164,f2743829-9058-4a1e-aaf0-1a536e6508b9
b4c8f991-ce85-4420-9cd0-0404e7679e96,"We couldn't process your request. Please select an option from the menu below.

Options: ≡ƒÆ╗ Book Service, ≡ƒÆ╗ Enquire Now, Appoitments, ≡ƒôé About & Contact, ≡ƒåÿ Human Support, ≡ƒÄ½ Get Support",OUTGOING,2026-06-17 23:41:51.333473,wamid.HBgMOTE5OTA1OTQxNzI4FQIAERgSQzUzRDcxRkNDMEJEOEM2NjI5AA==,9431bdc0-7a42-4f5e-a86a-fc2b174f08bf,705ebb7f-2697-4d69-9872-c863f714d164,f2743829-9058-4a1e-aaf0-1a536e6508b9
3f31bd02-9848-409f-91e7-d31f18341e6c,Hhhjkkkkkkkk,INCOMING,2026-06-17 23:41:57,wamid.HBgMOTE5OTA1OTQxNzI4FQIAEhggQUM0QzU5RjFFREY4MThDNTNDNEQyQjJFQ0M2RTM2MTYA,9431bdc0-7a42-4f5e-a86a-fc2b174f08bf,705ebb7f-2697-4d69-9872-c863f714d164,f2743829-9058-4a1e-aaf0-1a536e6508b9
1d68bc16-66cb-4a54-b4ab-46e3210183ab,"We couldn't process your request. Please select an option from the menu below.

Options: ≡ƒÆ╗ Book Service, ≡ƒÆ╗ Enquire Now, Appoitments, ≡ƒôé About & Contact, ≡ƒåÿ Human Support, ≡ƒÄ½ Get Support",OUTGOING,2026-06-17 23:41:58.653314,wamid.HBgMOTE5OTA1OTQxNzI4FQIAERgSNDY2MzJDNDZBN0M4MkU3Q0YyAA==,9431bdc0-7a42-4f5e-a86a-fc2b174f08bf,705ebb7f-2697-4d69-9872-c863f714d164,f2743829-9058-4a1e-aaf0-1a536e6508b9
fe4d37c9-4702-4662-99e6-c49aba225548,Hi,INCOMING,2026-06-18 00:03:44,wamid.HBgMOTE5OTA1OTQxNzI4FQIAEhggQUMzNjNCNDMwRjlDRkU2MENBNjk5NkYzNjVGRUUxNUQA,9431bdc0-7a42-4f5e-a86a-fc2b174f08bf,705ebb7f-2697-4d69-9872-c863f714d164,f2743829-9058-4a1e-aaf0-1a536e6508b9
cbda8f68-4eba-43ff-b4ad-39ae05654b3b,"≡ƒæï Welcome back, Himanshu!

Thank you for connecting with Gyan VaniAI again. How can I assist you today?

Please select an option from the menu below.

Options: ≡ƒÆ╗ Book Appointment, ≡ƒÆ╗ Enquire Now, ≡ƒñû AI Solutions, ≡ƒÆ¼ WhatsApp Automation, ≡ƒîÉ Website Chat Widget, ≡ƒôé About & Contact, ≡ƒåÿ Human Support, ≡ƒÄ½ Get Support",OUTGOING,2026-06-18 00:03:51.966438,wamid.HBgMOTE5OTA1OTQxNzI4FQIAERgSMzVGMUE1RjFFRjE5QUEyM0I1AA==,9431bdc0-7a42-4f5e-a86a-fc2b174f08bf,705ebb7f-2697-4d69-9872-c863f714d164,f2743829-9058-4a1e-aaf0-1a536e6508b9
d18ea543-c090-44ac-bf03-cc30de04ac34,Hi,INCOMING,2026-06-18 00:20:02,wamid.HBgMOTE5OTA1OTQxNzI4FQIAEhggQUM2QjREMERGNjM2M0YxOENDMzlFOEZBQUNBNUU0MkEA,9431bdc0-7a42-4f5e-a86a-fc2b174f08bf,705ebb7f-2697-4d69-9872-c863f714d164,f2743829-9058-4a1e-aaf0-1a536e6508b9
e1761f18-9ccf-4ee2-b73d-784786b03217,"≡ƒæï Welcome back, Himanshu!

Thank you for connecting with Gyan VaniAI again. How can I assist you today?

Please select an option from the menu below.

Options: ≡ƒÆ╗ Book Appointment, ≡ƒÆ╗ Enquire Now, ≡ƒñû AI Solutions, ≡ƒÆ¼ WhatsApp Automation, ≡ƒîÉ Website Chat Widget, ≡ƒôé About & Contact, ≡ƒåÿ Human Support, ≡ƒÄ½ Get Support",OUTGOING,2026-06-18 00:20:07.081907,wamid.HBgMOTE5OTA1OTQxNzI4FQIAERgSQUVCMzk0MTU3ODdEODIxQjhBAA==,9431bdc0-7a42-4f5e-a86a-fc2b174f08bf,705ebb7f-2697-4d69-9872-c863f714d164,f2743829-9058-4a1e-aaf0-1a536e6508b9
287b39df-61cd-4c94-9dba-4cb049ea42c5,≡ƒñû AI Solutions,INCOMING,2026-06-18 00:20:13,wamid.HBgMOTE5OTA1OTQxNzI4FQIAEhggQUNDQjdEM0FGOTJBODE5MjgyRkM0MjQ1RDAzMTM0MTUA,9431bdc0-7a42-4f5e-a86a-fc2b174f08bf,705ebb7f-2697-4d69-9872-c863f714d164,f2743829-9058-4a1e-aaf0-1a536e6508b9
219fe2bd-a03d-485f-8915-f31be31fb8e8,"Options: ≡ƒÆ╗ Book Appointment, ≡ƒÆ╗ Enquire Now, ≡ƒñû AI Solutions, ≡ƒÆ¼ WhatsApp Automation, ≡ƒîÉ Website Chat Widget, ≡ƒôé About & Contact, ≡ƒåÿ Human Support, ≡ƒÄ½ Get Support",OUTGOING,2026-06-18 00:20:14.330645,wamid.HBgMOTE5OTA1OTQxNzI4FQIAERgSNjJGQ0JFMjU3Njk0RTI1OTQ4AA==,9431bdc0-7a42-4f5e-a86a-fc2b174f08bf,705ebb7f-2697-4d69-9872-c863f714d164,f2743829-9058-4a1e-aaf0-1a536e6508b9
d7c0ebb6-f8f9-40f7-a9e7-654f2c9f5ed9,≡ƒñû AI Solutions,INCOMING,2026-06-18 00:20:23,wamid.HBgMOTE5OTA1OTQxNzI4FQIAEhggQUM2QjI3QThGNURBRUQ0NThDMDMwQkRERTE0RDkzMzEA,9431bdc0-7a42-4f5e-a86a-fc2b174f08bf,705ebb7f-2697-4d69-9872-c863f714d164,f2743829-9058-4a1e-aaf0-1a536e6508b9
02676fce-e76b-4cbc-b6d2-c09eba5c0ee9,"Options: ≡ƒÆ╗ Book Appointment, ≡ƒÆ╗ Enquire Now, ≡ƒñû AI Solutions, ≡ƒÆ¼ WhatsApp Automation, ≡ƒîÉ Website Chat Widget, ≡ƒôé About & Contact, ≡ƒåÿ Human Support, ≡ƒÄ½ Get Support",OUTGOING,2026-06-18 00:20:24.532495,wamid.HBgMOTE5OTA1OTQxNzI4FQIAERgSMTAzNkIyQkUzQjZEMDExRjRGAA==,9431bdc0-7a42-4f5e-a86a-fc2b174f08bf,705ebb7f-2697-4d69-9872-c863f714d164,f2743829-9058-4a1e-aaf0-1a536e6508b9
b305a8b0-a6ed-4bdd-bb6b-c915ea97d73d,≡ƒÆ¼ WhatsApp Automation,INCOMING,2026-06-18 00:21:31,wamid.HBgMOTE5OTA1OTQxNzI4FQIAEhggQUNEMjA5RjcyNzYyRTMxQjQ2RTBGNTdCMjc4OTU0MjkA,9431bdc0-7a42-4f5e-a86a-fc2b174f08bf,705ebb7f-2697-4d69-9872-c863f714d164,f2743829-9058-4a1e-aaf0-1a536e6508b9
c444ba77-a0de-41a9-b814-76b19af5ce86,"Options: ≡ƒÆ╗ Book Appointment, ≡ƒÆ╗ Enquire Now, ≡ƒñû AI Solutions, ≡ƒÆ¼ WhatsApp Automation, ≡ƒîÉ Website Chat Widget, ≡ƒôé About & Contact, ≡ƒåÿ Human Support, ≡ƒÄ½ Get Support",OUTGOING,2026-06-18 00:21:32.988612,wamid.HBgMOTE5OTA1OTQxNzI4FQIAERgSMkYyMDRBMjFCMjJBQkM0RThFAA==,9431bdc0-7a42-4f5e-a86a-fc2b174f08bf,705ebb7f-2697-4d69-9872-c863f714d164,f2743829-9058-4a1e-aaf0-1a536e6508b9
c16a6052-c8e4-4975-bae7-c72f889a44d5,≡ƒÆ╗ Enquire Now,INCOMING,2026-06-18 00:21:40,wamid.HBgMOTE5OTA1OTQxNzI4FQIAEhggQUMzNDYyRUJDQUVFRjJDOTVBMzI2MkFDQzkyNzI2MzIA,9431bdc0-7a42-4f5e-a86a-fc2b174f08bf,705ebb7f-2697-4d69-9872-c863f714d164,f2743829-9058-4a1e-aaf0-1a536e6508b9
b3e56cb5-9b0c-4945-a79b-08f761777458,≡ƒæï What is your full name?,OUTGOING,2026-06-18 00:21:41.92148,wamid.HBgMOTE5OTA1OTQxNzI4FQIAERgSNzQ5OUU3NkM0NDkwRjUxRTIyAA==,9431bdc0-7a42-4f5e-a86a-fc2b174f08bf,705ebb7f-2697-4d69-9872-c863f714d164,f2743829-9058-4a1e-aaf0-1a536e6508b9
0d74498a-9d79-4eb9-bf66-d25cc61b85b8,Cancel,INCOMING,2026-06-18 00:21:47,wamid.HBgMOTE5OTA1OTQxNzI4FQIAEhggQUNFOUU2QzJDQzgyMDRDQzgzQUEyRjk1MEY1RDU0QUIA,9431bdc0-7a42-4f5e-a86a-fc2b174f08bf,705ebb7f-2697-4d69-9872-c863f714d164,f2743829-9058-4a1e-aaf0-1a536e6508b9
6910cc54-7170-4e63-be53-421990604ca2,≡ƒ¢æ Your form has been terminated.,OUTGOING,2026-06-18 00:21:48.129997,wamid.HBgMOTE5OTA1OTQxNzI4FQIAERgSMzc0ODY0OUQ0OUY1N0Y2RTAxAA==,9431bdc0-7a42-4f5e-a86a-fc2b174f08bf,705ebb7f-2697-4d69-9872-c863f714d164,f2743829-9058-4a1e-aaf0-1a536e6508b9
7a27ebc1-f14c-44e3-a6ac-4ff485f1506f,"Options: ≡ƒÆ╗ Book Appointment, ≡ƒÆ╗ Enquire Now, ≡ƒñû AI Solutions, ≡ƒÆ¼ WhatsApp Automation, ≡ƒîÉ Website Chat Widget, ≡ƒôé About & Contact, ≡ƒåÿ Human Support, ≡ƒÄ½ Get Support",OUTGOING,2026-06-18 00:21:48.951388,wamid.HBgMOTE5OTA1OTQxNzI4FQIAERgSQTgxQkZCQ0I2MzY4NjdCM0ZGAA==,9431bdc0-7a42-4f5e-a86a-fc2b174f08bf,705ebb7f-2697-4d69-9872-c863f714d164,f2743829-9058-4a1e-aaf0-1a536e6508b9
100de974-43ec-4c31-900c-15688986beef,≡ƒÆ¼ WhatsApp Automation,INCOMING,2026-06-18 00:23:35,wamid.HBgMOTE5OTA1OTQxNzI4FQIAEhggQUNCOEM2MkRGNDQxNTBDMzhBMTBCOEVDNDQ1QTJBMTcA,9431bdc0-7a42-4f5e-a86a-fc2b174f08bf,705ebb7f-2697-4d69-9872-c863f714d164,f2743829-9058-4a1e-aaf0-1a536e6508b9
c3b7c0e8-376a-45dc-ae33-8f32e55827ad,"Options: ≡ƒÆ╗ Book Appointment, ≡ƒÆ╗ Enquire Now, ≡ƒñû AI Solutions, ≡ƒÆ¼ WhatsApp Automation, ≡ƒîÉ Website Chat Widget, ≡ƒôé About & Contact, ≡ƒåÿ Human Support, ≡ƒÄ½ Get Support",OUTGOING,2026-06-18 00:23:36.495329,wamid.HBgMOTE5OTA1OTQxNzI4FQIAERgSQjcyRjkzRTQzQkYyQTRDRTNGAA==,9431bdc0-7a42-4f5e-a86a-fc2b174f08bf,705ebb7f-2697-4d69-9872-c863f714d164,f2743829-9058-4a1e-aaf0-1a536e6508b9
6e155aea-64c8-41fa-8841-0a8e8f1827d0,≡ƒñû AI Solutions,INCOMING,2026-06-18 00:28:16,wamid.HBgMOTE5OTA1OTQxNzI4FQIAEhggQUM4NzU4RTQwMzUxQzI1MEU0MzRGNDgwMjFFODQyRTgA,9431bdc0-7a42-4f5e-a86a-fc2b174f08bf,705ebb7f-2697-4d69-9872-c863f714d164,f2743829-9058-4a1e-aaf0-1a536e6508b9
50c1842b-fb05-4852-a4a3-43d6ffadf4ef,≡ƒÆ¼ WhatsApp Automation,INCOMING,2026-06-18 00:29:03,wamid.HBgMOTE5OTA1OTQxNzI4FQIAEhggQUM3ODI2RjlGNEYxRUIxRDQ1RkU5QkYyRDMyQjhFRUMA,9431bdc0-7a42-4f5e-a86a-fc2b174f08bf,705ebb7f-2697-4d69-9872-c863f714d164,f2743829-9058-4a1e-aaf0-1a536e6508b9
b3824a33-84f5-4db1-86d1-f7213c231aee,"≡ƒñû WhatsApp AI Bot

ΓÇó 24/7 Customer Support
ΓÇó Lead Capture
ΓÇó Appointment Booking
ΓÇó Multi-language Support
ΓÇó CRM Integration

Starting from Γé╣9,999/month.

Would you like a demo?",OUTGOING,2026-06-18 00:29:05.218172,wamid.HBgMOTE5OTA1OTQxNzI4FQIAERgSODc5QkE4ODU3MUQyMUM1N0REAA==,9431bdc0-7a42-4f5e-a86a-fc2b174f08bf,705ebb7f-2697-4d69-9872-c863f714d164,f2743829-9058-4a1e-aaf0-1a536e6508b9
71c21be0-544d-4ef2-8766-fbe1fb255eb8,Hi,INCOMING,2026-06-18 00:29:27,wamid.HBgMOTE5OTA1OTQxNzI4FQIAEhggQUM1RUU1NzRDQzlGMzhDN0FDRjc1QURGNTc0QUU4M0QA,9431bdc0-7a42-4f5e-a86a-fc2b174f08bf,705ebb7f-2697-4d69-9872-c863f714d164,f2743829-9058-4a1e-aaf0-1a536e6508b9
4d2fed6d-ef82-46ff-b1a6-c72603ec51ec,"≡ƒæï Welcome back, Himanshu!

Thank you for connecting with Gyan VaniAI again. How can I assist you today?

Please select an option from the menu below.

Options: ≡ƒÆ╗ Book Appointment, ≡ƒÆ╗ Enquire Now, ≡ƒñû AI Solutions, ≡ƒÆ¼ WhatsApp Automation, ≡ƒîÉ Website Chat Widget, ≡ƒôé About & Contact, ≡ƒåÿ Human Support, ≡ƒÄ½ Get Support",OUTGOING,2026-06-18 00:29:34.605867,wamid.HBgMOTE5OTA1OTQxNzI4FQIAERgSNzY2RTFDOEQzREJEODQ4OTlFAA==,9431bdc0-7a42-4f5e-a86a-fc2b174f08bf,705ebb7f-2697-4d69-9872-c863f714d164,f2743829-9058-4a1e-aaf0-1a536e6508b9
45503b2b-0f9c-43da-82cb-6498fa90424f,≡ƒñû AI Solutions,INCOMING,2026-06-18 00:29:42,wamid.HBgMOTE5OTA1OTQxNzI4FQIAEhggQUM5ODU4QzczNTM1OUE1RTAyMkRDQzI0ODVBRjE2RUEA,9431bdc0-7a42-4f5e-a86a-fc2b174f08bf,705ebb7f-2697-4d69-9872-c863f714d164,f2743829-9058-4a1e-aaf0-1a536e6508b9
3f93f77f-89d1-4d2f-bf35-1b479c2bbe21,≡ƒîÉ Website Chat Widget,INCOMING,2026-06-18 00:35:17,wamid.HBgMOTE5OTA1OTQxNzI4FQIAEhggQUNDNEE4NUVDOUU5RTIyMzkxODY5MDhBQjAwMDJGODgA,9431bdc0-7a42-4f5e-a86a-fc2b174f08bf,705ebb7f-2697-4d69-9872-c863f714d164,f2743829-9058-4a1e-aaf0-1a536e6508b9
cc80e45e-04c0-41db-b007-c40aed468e7a,"Options: ≡ƒÆ╗ Book Appointment, ≡ƒÆ╗ Enquire Now, ≡ƒñû AI Solutions, ≡ƒÆ¼ WhatsApp Automation, ≡ƒîÉ Website Chat Widget, ≡ƒôé About & Contact, ≡ƒåÿ Human Support, ≡ƒÄ½ Get Support",OUTGOING,2026-06-18 00:35:19.543897,wamid.HBgMOTE5OTA1OTQxNzI4FQIAERgSNjNERDMxQzIwMDExNUQ1Q0I4AA==,9431bdc0-7a42-4f5e-a86a-fc2b174f08bf,705ebb7f-2697-4d69-9872-c863f714d164,f2743829-9058-4a1e-aaf0-1a536e6508b9
05c9046b-7890-447c-9e4c-6e033b22ec48,≡ƒîÉ Website Chat Widget,INCOMING,2026-06-18 00:35:27,wamid.HBgMOTE5OTA1OTQxNzI4FQIAEhggQUM3MTI1QjRGMTgyQjJCMkYyMEE0NDg1NkI5Q0Q1NUEA,9431bdc0-7a42-4f5e-a86a-fc2b174f08bf,705ebb7f-2697-4d69-9872-c863f714d164,f2743829-9058-4a1e-aaf0-1a536e6508b9
ef22f92d-24e5-4a9d-a9b7-8cf68e5368f2,"≡ƒîÉ Website Chat AI

ΓÇó Website Integration
ΓÇó Lead Generation
ΓÇó FAQ Automation
ΓÇó Real-time Visitor Support

Starting from Γé╣7,999.

Would you like a demo?",OUTGOING,2026-06-18 00:35:43.467506,wamid.HBgMOTE5OTA1OTQxNzI4FQIAERgSQjYzRDk4MTE1MkQ0NjkwRUFDAA==,9431bdc0-7a42-4f5e-a86a-fc2b174f08bf,705ebb7f-2697-4d69-9872-c863f714d164,f2743829-9058-4a1e-aaf0-1a536e6508b9
37cd3331-8c5a-487b-9806-7b50cceabd08,Hi,INCOMING,2026-06-18 00:43:27,wamid.HBgMOTE5OTA1OTQxNzI4FQIAEhggQUNGMDZFODE3NDIyRjhGNkFFNjlFNURENkVEOEU2RjQA,9431bdc0-7a42-4f5e-a86a-fc2b174f08bf,705ebb7f-2697-4d69-9872-c863f714d164,f2743829-9058-4a1e-aaf0-1a536e6508b9
d166451a-61b5-438a-a564-574b3a077ac1,"≡ƒæï Welcome back, Himanshu!

Thank you for connecting with Gyan VaniAI again. How can I assist you today?

Please select an option from the menu below.

Options: ≡ƒÆ╗ Book Appointment, ≡ƒÆ╗ Enquire Now, ≡ƒñû AI Solutions, ≡ƒÆ¼ WhatsApp Automation, ≡ƒîÉ Website Chat Widget, ≡ƒôé About & Contact, ≡ƒåÿ Human Support, ≡ƒÄ½ Get Support",OUTGOING,2026-06-18 00:43:31.267565,wamid.HBgMOTE5OTA1OTQxNzI4FQIAERgSNEMzMUM3QjBDRTk1OTRDRDNCAA==,9431bdc0-7a42-4f5e-a86a-fc2b174f08bf,705ebb7f-2697-4d69-9872-c863f714d164,f2743829-9058-4a1e-aaf0-1a536e6508b9
2d4c5fed-859c-40d4-a92d-9b415c9ea765,≡ƒñû AI Solutions,INCOMING,2026-06-18 00:43:39,wamid.HBgMOTE5OTA1OTQxNzI4FQIAEhggQUM2NEQ4NzVFQkYxMTc1REY0MDFBQjI2NTg1MkY2MEEA,9431bdc0-7a42-4f5e-a86a-fc2b174f08bf,705ebb7f-2697-4d69-9872-c863f714d164,f2743829-9058-4a1e-aaf0-1a536e6508b9
165f6e91-11db-4342-921b-24c1a128906c,Sent Catalog Menu,OUTGOING,2026-06-18 00:43:40.876268,wamid.HBgMOTE5OTA1OTQxNzI4FQIAERgSOEE4RkNGNzdGNjA4MTc2RDRBAA==,9431bdc0-7a42-4f5e-a86a-fc2b174f08bf,705ebb7f-2697-4d69-9872-c863f714d164,f2743829-9058-4a1e-aaf0-1a536e6508b9
7c317175-4edd-418f-9e41-c41b1ee73f3a,WhatsApp AI Assistant,INCOMING,2026-06-18 00:43:50,wamid.HBgMOTE5OTA1OTQxNzI4FQIAEhggQUNFM0QwRjc2OEJGRTBFMDFDMzk5NkE0QTI3NzhGMTAA,9431bdc0-7a42-4f5e-a86a-fc2b174f08bf,705ebb7f-2697-4d69-9872-c863f714d164,f2743829-9058-4a1e-aaf0-1a536e6508b9
cf825d50-aab1-44ba-b67a-157c85eb9114,"*WhatsApp AI Assistant*

Transform your WhatsApp into a powerful 24/7 AI-powered customer engagement platform. Our WhatsApp AI Bot automatically handles customer inquiries, captures leads, qualifies prospects, shares product and service information, schedules appointments, and provides instant support without human intervention. Designed for businesses of all sizes, it helps improve response times, increase conversions, and reduce operational workload.



Key Features:

ΓÇó 24/7 Automated Customer Support

ΓÇó Lead Capture & Qualification

ΓÇó Appointment & Booking Management

ΓÇó Product & Service Information Sharing

ΓÇó Multi-language Conversations

ΓÇó CRM & Business System Integration

ΓÇó Analytics & Conversation Insights

ΓÇó Custom Business Workflows



Starting from Γé╣9,999/month.",OUTGOING,2026-06-18 00:43:51.480402,wamid.HBgMOTE5OTA1OTQxNzI4FQIAERgSNDcyNDhGN0RFNDgzREU1Q0NDAA==,9431bdc0-7a42-4f5e-a86a-fc2b174f08bf,705ebb7f-2697-4d69-9872-c863f714d164,f2743829-9058-4a1e-aaf0-1a536e6508b9
219055e5-890d-4b6c-bc6f-b961caaa5024,Hi,INCOMING,2026-06-18 00:44:08,wamid.HBgMOTE5OTA1OTQxNzI4FQIAEhggQUNCM0Y5RkIzQURBNjFGMzQ0QTU2OTdERkQ3NjVFM0QA,9431bdc0-7a42-4f5e-a86a-fc2b174f08bf,705ebb7f-2697-4d69-9872-c863f714d164,f2743829-9058-4a1e-aaf0-1a536e6508b9
fe0a2860-0f15-43ca-8d50-fb47a11975e7,"≡ƒæï Welcome back, Himanshu!

Thank you for connecting with Gyan VaniAI again. How can I assist you today?

Please select an option from the menu below.

Options: ≡ƒÆ╗ Book Appointment, ≡ƒÆ╗ Enquire Now, ≡ƒñû AI Solutions, ≡ƒÆ¼ WhatsApp Automation, ≡ƒîÉ Website Chat Widget, ≡ƒôé About & Contact, ≡ƒåÿ Human Support, ≡ƒÄ½ Get Support",OUTGOING,2026-06-18 00:44:11.382729,wamid.HBgMOTE5OTA1OTQxNzI4FQIAERgSNDFEODkyQjlCMTk0MDdFQjE5AA==,9431bdc0-7a42-4f5e-a86a-fc2b174f08bf,705ebb7f-2697-4d69-9872-c863f714d164,f2743829-9058-4a1e-aaf0-1a536e6508b9
d405da6b-fcec-47ae-a4c9-4a006d971a45,≡ƒñû AI Solutions,INCOMING,2026-06-18 00:44:17,wamid.HBgMOTE5OTA1OTQxNzI4FQIAEhggQUM2NDk0NTlDQ0M3MDc4QTZFMUIwM0QwQ0Y5RjY2RTEA,9431bdc0-7a42-4f5e-a86a-fc2b174f08bf,705ebb7f-2697-4d69-9872-c863f714d164,f2743829-9058-4a1e-aaf0-1a536e6508b9
54abb96a-4e25-4882-9e64-3e2d76c59dc9,Sent Catalog Menu,OUTGOING,2026-06-18 00:44:18.352543,wamid.HBgMOTE5OTA1OTQxNzI4FQIAERgSMTI1ODY2NEU0NzhBNDRGRkM1AA==,9431bdc0-7a42-4f5e-a86a-fc2b174f08bf,705ebb7f-2697-4d69-9872-c863f714d164,f2743829-9058-4a1e-aaf0-1a536e6508b9
15df682f-e4a2-4c53-bf13-de2b12842cf8,AI Appointments,INCOMING,2026-06-18 00:44:33,wamid.HBgMOTE5OTA1OTQxNzI4FQIAEhggQUNFRDdCNjFFMTJCMTgzMEY0OTJDNjQ5Mjk5MDQxOUQA,9431bdc0-7a42-4f5e-a86a-fc2b174f08bf,705ebb7f-2697-4d69-9872-c863f714d164,f2743829-9058-4a1e-aaf0-1a536e6508b9
cd4f692b-ad88-4d14-aa88-7025f9895606,"*AI Appointments*

Simplify appointment scheduling with an AI-powered booking system that automates the entire process. Customers can schedule consultations, meetings, demos, or services directly through WhatsApp or your website. The system manages availability, sends reminders, reduces no-shows, and ensures a smooth booking experience for both businesses and customers.



Key Features:

ΓÇó Automated Appointment Booking

ΓÇó Calendar Integration

ΓÇó Instant Confirmations

ΓÇó Automated Reminders

ΓÇó Rescheduling & Cancellation Support

ΓÇó Customer Information Collection

ΓÇó Booking Analytics

ΓÇó WhatsApp & Website Integration



Starting from Γé╣12,999.",OUTGOING,2026-06-18 00:44:34.263297,wamid.HBgMOTE5OTA1OTQxNzI4FQIAERgSMkY0RDFERTFGNEI1QzRDNTQ4AA==,9431bdc0-7a42-4f5e-a86a-fc2b174f08bf,705ebb7f-2697-4d69-9872-c863f714d164,f2743829-9058-4a1e-aaf0-1a536e6508b9
0e2fd3d3-88ba-4bf2-801e-bb2cc6deb9ed,Hi,INCOMING,2026-06-18 00:50:37,wamid.HBgMOTE5OTA1OTQxNzI4FQIAEhggQUM4ODMzQTk3MTU4OTdDRkU4QzZEMDMwRDg2Q0Q0MUMA,9431bdc0-7a42-4f5e-a86a-fc2b174f08bf,705ebb7f-2697-4d69-9872-c863f714d164,f2743829-9058-4a1e-aaf0-1a536e6508b9
b9a42584-5471-4270-a5bc-1e253fad855b,"≡ƒæï Welcome back, Himanshu!

Thank you for connecting with Gyan VaniAI again. How can I assist you today?

Please select an option from the menu below.

Options: ≡ƒÆ╗ Book Appointment, ≡ƒÆ╗ Enquire Now, ≡ƒñû AI Solutions, ≡ƒÆ¼ WhatsApp Automation, ≡ƒîÉ Website Chat Widget, ≡ƒôé About & Contact, ≡ƒåÿ Human Support, ≡ƒÄ½ Get Support",OUTGOING,2026-06-18 00:50:43.203291,wamid.HBgMOTE5OTA1OTQxNzI4FQIAERgSNkFFMDFFNzgyMjNBQzBGMTgxAA==,9431bdc0-7a42-4f5e-a86a-fc2b174f08bf,705ebb7f-2697-4d69-9872-c863f714d164,f2743829-9058-4a1e-aaf0-1a536e6508b9
04513a6d-5d11-4f2f-8be9-16f7bd4d0eb6,≡ƒñû AI Solutions,INCOMING,2026-06-18 00:50:51,wamid.HBgMOTE5OTA1OTQxNzI4FQIAEhggQUNFNDBCMkE2MjA3QjkwMzgxMjdFQUNCNzE2NTZDREMA,9431bdc0-7a42-4f5e-a86a-fc2b174f08bf,705ebb7f-2697-4d69-9872-c863f714d164,f2743829-9058-4a1e-aaf0-1a536e6508b9
a2332939-bfa9-4d24-aaae-ea6c67aaa492,Sent Catalog Menu,OUTGOING,2026-06-18 00:50:53.584164,wamid.HBgMOTE5OTA1OTQxNzI4FQIAERgSNkZBMDUwNEJCMUUyMUNEOTE5AA==,9431bdc0-7a42-4f5e-a86a-fc2b174f08bf,705ebb7f-2697-4d69-9872-c863f714d164,f2743829-9058-4a1e-aaf0-1a536e6508b9
6e02445e-688c-43fb-be27-612dec5df992,WhatsApp AI Assistant,INCOMING,2026-06-18 00:51:25,wamid.HBgMOTE5OTA1OTQxNzI4FQIAEhggQUM2ODFDREYzRkU5MjAyNUY3Mzg2MDczQTQ0QzdFMDYA,9431bdc0-7a42-4f5e-a86a-fc2b174f08bf,705ebb7f-2697-4d69-9872-c863f714d164,f2743829-9058-4a1e-aaf0-1a536e6508b9
0811d04b-296d-4e16-b2cc-19887a670a38,"*WhatsApp AI Assistant*

Transform your WhatsApp into a powerful 24/7 AI-powered customer engagement platform. Our WhatsApp AI Bot automatically handles customer inquiries, captures leads, qualifies prospects, shares product and service information, schedules appointments, and provides instant support without human intervention. Designed for businesses of all sizes, it helps improve response times, increase conversions, and reduce operational workload.



Key Features:

ΓÇó 24/7 Automated Customer Support

ΓÇó Lead Capture & Qualification

ΓÇó Appointment & Booking Management

ΓÇó Product & Service Information Sharing

ΓÇó Multi-language Conversations

ΓÇó CRM & Business System Integration

ΓÇó Analytics & Conversation Insights

ΓÇó Custom Business Workflows



Starting from Γé╣9,999/month.",OUTGOING,2026-06-18 00:51:26.683502,wamid.HBgMOTE5OTA1OTQxNzI4FQIAERgSNkU2NEYwMTMyMTQ5MENEOUE1AA==,9431bdc0-7a42-4f5e-a86a-fc2b174f08bf,705ebb7f-2697-4d69-9872-c863f714d164,f2743829-9058-4a1e-aaf0-1a536e6508b9
0ad87d43-d429-4830-83a1-276714c9204a,≡ƒÄô Education AI Bot,INCOMING,2026-06-18 00:56:12,wamid.HBgMOTE5OTA1OTQxNzI4FQIAEhggQUMxM0YwRUE3OEI5ODg3Q0RFOTJBODc3OThCMERBRTIA,9431bdc0-7a42-4f5e-a86a-fc2b174f08bf,705ebb7f-2697-4d69-9872-c863f714d164,f2743829-9058-4a1e-aaf0-1a536e6508b9
746555da-ea1a-40a2-b8a8-11601442a69a,"≡ƒæï Welcome back, HIMANSHU!

Thank you for connecting with Gyan VaniAI again. How can I assist you today?

Please select an option from the menu below.

Options: ≡ƒÆ╗ Book Appointment, ≡ƒÆ╗ Enquire Now, ≡ƒñû AI Solutions, ≡ƒÆ¼ WhatsApp Automation, ≡ƒîÉ Website Chat Widget, ≡ƒôé About & Contact, ≡ƒåÿ Human Support, ≡ƒÄ½ Get Support",OUTGOING,2026-06-23 00:09:41.286041,wamid.HBgMOTE3MDUwMDQ3MTU5FQIAERgSMUQ3QkQwODE2M0MxQzQ2QUI1AA==,9431bdc0-7a42-4f5e-a86a-fc2b174f08bf,6c77c2c8-de8c-477c-b5e3-cdab13a925c6,f2743829-9058-4a1e-aaf0-1a536e6508b9
5c69fad7-ddd0-4a04-b75d-2041f24bbad7,≡ƒÄ½ Get Support,INCOMING,2026-06-23 00:09:57,wamid.HBgMOTE3MDUwMDQ3MTU5FQIAEhggQUMwMDc1RjQzNjg1Mzg1ODRBRUUxQ0U1Q0Q0MzVGQzAA,9431bdc0-7a42-4f5e-a86a-fc2b174f08bf,6c77c2c8-de8c-477c-b5e3-cdab13a925c6,f2743829-9058-4a1e-aaf0-1a536e6508b9
c2269ba9-d48c-45f1-89dc-5f2de44ee8ae,"*≡ƒÄô Education AI Bot*

The Education AI Bot is built specifically for schools, colleges, universities, and training institutes. It assists students and parents by answering admission queries, sharing course details, providing fee information, guiding applicants through enrollment processes, and offering instant support. This solution improves engagement while reducing administrative workload.



Key Features:

ΓÇó Admission Assistance

ΓÇó Student Query Resolution

ΓÇó Course & Program Information

ΓÇó Fee & Eligibility Guidance

ΓÇó Enrollment Support

ΓÇó Student Engagement Automation

ΓÇó Multi-language Communication

ΓÇó 24/7 Availability



Starting from Γé╣19,999.",OUTGOING,2026-06-18 00:56:14.931477,wamid.HBgMOTE5OTA1OTQxNzI4FQIAERgSNDNDN0ZDMDI4RjNCOThENzVEAA==,9431bdc0-7a42-4f5e-a86a-fc2b174f08bf,705ebb7f-2697-4d69-9872-c863f714d164,f2743829-9058-4a1e-aaf0-1a536e6508b9
6499d99a-e6d2-4e15-a6c8-94af5d1db3b5,What is ai solutions,INCOMING,2026-06-18 00:57:06,wamid.HBgMOTE5OTA1OTQxNzI4FQIAEhggQUNCRDI0ODdFQkY4MkMyOUMyMUMyNkYwRjJCNEQ1NzIA,9431bdc0-7a42-4f5e-a86a-fc2b174f08bf,705ebb7f-2697-4d69-9872-c863f714d164,f2743829-9058-4a1e-aaf0-1a536e6508b9
b2ecfefd-2928-43ba-937e-35d1e8f86892,"GYANI VANIAI provides AI-powered digital business solutions that leverage AI-driven automation to save time, reduce costs, and drive measurable growth. These intelligent solutions include AI-powered bots for platforms like WhatsApp, Telegram, Instagram, and website chat, serving as 24/7 virtual assistants.",OUTGOING,2026-06-18 00:57:11.756475,wamid.HBgMOTE5OTA1OTQxNzI4FQIAERgSRkRCQkM1OUZBRUMwNDMwMTcyAA==,9431bdc0-7a42-4f5e-a86a-fc2b174f08bf,705ebb7f-2697-4d69-9872-c863f714d164,f2743829-9058-4a1e-aaf0-1a536e6508b9
cc9c695d-aade-4c00-8ddf-4185e5f5fda0,Enquire Now,INCOMING,2026-06-18 00:57:20,wamid.HBgMOTE5OTA1OTQxNzI4FQIAEhggQUM3NjIwNzcwQUFDMDYzM0YyODhCNURFQThBNkQxRUUA,9431bdc0-7a42-4f5e-a86a-fc2b174f08bf,705ebb7f-2697-4d69-9872-c863f714d164,f2743829-9058-4a1e-aaf0-1a536e6508b9
94bc328d-7620-4126-84f0-840bdf78d793,≡ƒæï What is your full name?,OUTGOING,2026-06-18 00:57:21.530501,wamid.HBgMOTE5OTA1OTQxNzI4FQIAERgSMzYyQzEyRDIyNTYxMUJBRUE0AA==,9431bdc0-7a42-4f5e-a86a-fc2b174f08bf,705ebb7f-2697-4d69-9872-c863f714d164,f2743829-9058-4a1e-aaf0-1a536e6508b9
05c6a784-be46-403a-9512-bba05644c9a7,Cancel,INCOMING,2026-06-18 00:57:26,wamid.HBgMOTE5OTA1OTQxNzI4FQIAEhggQUM5Q0E1NTE2OEJERjk1RTg0QzlGN0IzRjM5OUQ3RjkA,9431bdc0-7a42-4f5e-a86a-fc2b174f08bf,705ebb7f-2697-4d69-9872-c863f714d164,f2743829-9058-4a1e-aaf0-1a536e6508b9
b5344c51-a754-421c-90c9-e83ffc877dfd,≡ƒ¢æ Your form has been terminated.,OUTGOING,2026-06-18 00:57:27.335196,wamid.HBgMOTE5OTA1OTQxNzI4FQIAERgSMDEwMkRGNkIyMDUzQzE0OUFBAA==,9431bdc0-7a42-4f5e-a86a-fc2b174f08bf,705ebb7f-2697-4d69-9872-c863f714d164,f2743829-9058-4a1e-aaf0-1a536e6508b9
cdc77608-e76a-4de5-ae8d-74b46833d10d,"Options: ≡ƒÆ╗ Book Appointment, ≡ƒÆ╗ Enquire Now, ≡ƒñû AI Solutions, ≡ƒÆ¼ WhatsApp Automation, ≡ƒîÉ Website Chat Widget, ≡ƒôé About & Contact, ≡ƒåÿ Human Support, ≡ƒÄ½ Get Support",OUTGOING,2026-06-18 00:57:28.029611,wamid.HBgMOTE5OTA1OTQxNzI4FQIAERgSNDEzOTRCOTk4QkZGRTA4RDIyAA==,9431bdc0-7a42-4f5e-a86a-fc2b174f08bf,705ebb7f-2697-4d69-9872-c863f714d164,f2743829-9058-4a1e-aaf0-1a536e6508b9
fa108d41-2ab6-4976-9949-8875932df796,hi,INCOMING,2026-06-18 22:20:23,wamid.HBgMOTE5OTA1OTQxNzI4FQIAEhgWM0VCMDFDMTA5MUEwQTU5QkZDN0VDOAA=,9431bdc0-7a42-4f5e-a86a-fc2b174f08bf,705ebb7f-2697-4d69-9872-c863f714d164,f2743829-9058-4a1e-aaf0-1a536e6508b9
4cb45d34-44a8-4405-83fc-b119c9c96f27,"≡ƒæï Welcome back, Himanshu!

Thank you for connecting with Gyan VaniAI again. How can I assist you today?

Please select an option from the menu below.

Options: ≡ƒÆ╗ Book Appointment, ≡ƒÆ╗ Enquire Now, ≡ƒñû AI Solutions, ≡ƒÆ¼ WhatsApp Automation, ≡ƒîÉ Website Chat Widget, ≡ƒôé About & Contact, ≡ƒåÿ Human Support, ≡ƒÄ½ Get Support",OUTGOING,2026-06-18 22:20:38.091831,wamid.HBgMOTE5OTA1OTQxNzI4FQIAERgSOTgyNzVCQTJEMjA4MjRGMTI2AA==,9431bdc0-7a42-4f5e-a86a-fc2b174f08bf,705ebb7f-2697-4d69-9872-c863f714d164,f2743829-9058-4a1e-aaf0-1a536e6508b9
2de5f53c-7811-4148-bf15-98def99818de,Hi,INCOMING,2026-06-18 22:32:11,wamid.HBgMOTE3MDUwMDQ3MTU5FQIAEhggQUNERjNCN0UyOEJEOEMyOTRGOURCMjJDQURFMUQ1RjgA,9431bdc0-7a42-4f5e-a86a-fc2b174f08bf,6c77c2c8-de8c-477c-b5e3-cdab13a925c6,f2743829-9058-4a1e-aaf0-1a536e6508b9
e30ad536-9c60-474c-b9e2-0e8b896e3903,"≡ƒæï Welcome back, HIMANSHU!

Thank you for connecting with Gyan VaniAI again. How can I assist you today?

Please select an option from the menu below.

Options: ≡ƒÆ╗ Book Appointment, ≡ƒÆ╗ Enquire Now, ≡ƒñû AI Solutions, ≡ƒÆ¼ WhatsApp Automation, ≡ƒîÉ Website Chat Widget, ≡ƒôé About & Contact, ≡ƒåÿ Human Support, ≡ƒÄ½ Get Support",OUTGOING,2026-06-18 22:32:25.140562,wamid.HBgMOTE3MDUwMDQ3MTU5FQIAERgSNzJDN0ZEMjQ1ODI5RTUyRUIxAA==,9431bdc0-7a42-4f5e-a86a-fc2b174f08bf,6c77c2c8-de8c-477c-b5e3-cdab13a925c6,f2743829-9058-4a1e-aaf0-1a536e6508b9
a1783ad5-8484-437c-8f56-33bad67fd516,≡ƒîÉ Website Chat Widget,INCOMING,2026-06-18 22:32:41,wamid.HBgMOTE3MDUwMDQ3MTU5FQIAEhggQUM3M0Q0MjA2NTk4NzA1NTdEOUQ3MjM4ODY1NkRDQUIA,9431bdc0-7a42-4f5e-a86a-fc2b174f08bf,6c77c2c8-de8c-477c-b5e3-cdab13a925c6,f2743829-9058-4a1e-aaf0-1a536e6508b9
81b7277e-14e0-4429-80dd-a179a8e8a968,"≡ƒîÉ Website Chat AI

ΓÇó Website Integration
ΓÇó Lead Generation
ΓÇó FAQ Automation
ΓÇó Real-time Visitor Support

Starting from Γé╣7,999.

Would you like a demo?",OUTGOING,2026-06-18 22:32:42.60985,wamid.HBgMOTE3MDUwMDQ3MTU5FQIAERgSMDI4RDcxMTY1REVBNTlBNTgwAA==,9431bdc0-7a42-4f5e-a86a-fc2b174f08bf,6c77c2c8-de8c-477c-b5e3-cdab13a925c6,f2743829-9058-4a1e-aaf0-1a536e6508b9
f9019458-cf6d-43f2-ba4b-0254fc393ddf,≡ƒôé About & Contact,INCOMING,2026-06-18 22:32:54,wamid.HBgMOTE3MDUwMDQ3MTU5FQIAEhggQUM0RDFCNThFMjIxMTVBNzc1NDEzMjcxQTM5ODBEMUMA,9431bdc0-7a42-4f5e-a86a-fc2b174f08bf,6c77c2c8-de8c-477c-b5e3-cdab13a925c6,f2743829-9058-4a1e-aaf0-1a536e6508b9
9012f597-d89c-4dce-9759-dce7621d35f9,"Gyan VaniAI provides AI-powered business automation solutions including WhatsApp AI assistants, customer support automation, lead management, appointment booking, website chat widgets, and intelligent customer engagement tools. Our mission is to help businesses improve customer communication, automate repetitive tasks, and increase operational efficiency through modern AI technology.

Phone: 7050047159
Email: hkbharti77@gmail.com
Address: SmiriBakthiyarpur, Saharsa, Bihar",OUTGOING,2026-06-18 22:32:55.653969,wamid.HBgMOTE3MDUwMDQ3MTU5FQIAERgSODI2QkY1NTNCQzc4NzA5NjNEAA==,9431bdc0-7a42-4f5e-a86a-fc2b174f08bf,6c77c2c8-de8c-477c-b5e3-cdab13a925c6,f2743829-9058-4a1e-aaf0-1a536e6508b9
8e057087-2be1-4d2b-b8b0-f45ca5f94b3e,Hi,INCOMING,2026-06-18 22:53:27,wamid.HBgMOTE3MDUwMDQ3MTU5FQIAEhggQUM4RTkyMUNGMTVCMDU5RDY2QTUxODU2MEU3MjhCMjYA,9431bdc0-7a42-4f5e-a86a-fc2b174f08bf,6c77c2c8-de8c-477c-b5e3-cdab13a925c6,f2743829-9058-4a1e-aaf0-1a536e6508b9
71580026-2b15-4982-b7a1-51371cb6c08b,"≡ƒæï Welcome back, HIMANSHU!

Thank you for connecting with Gyan VaniAI again. How can I assist you today?

Please select an option from the menu below.

Options: ≡ƒÆ╗ Book Appointment, ≡ƒÆ╗ Enquire Now, ≡ƒñû AI Solutions, ≡ƒÆ¼ WhatsApp Automation, ≡ƒîÉ Website Chat Widget, ≡ƒôé About & Contact, ≡ƒåÿ Human Support, ≡ƒÄ½ Get Support",OUTGOING,2026-06-18 22:53:32.846872,wamid.HBgMOTE3MDUwMDQ3MTU5FQIAERgSMTE1QTFCQzBDRkUzMTVFRjA5AA==,9431bdc0-7a42-4f5e-a86a-fc2b174f08bf,6c77c2c8-de8c-477c-b5e3-cdab13a925c6,f2743829-9058-4a1e-aaf0-1a536e6508b9
1313fdcd-1aa3-4ed9-a34c-514b8c2f8603,≡ƒÆ╗ Enquire Now,INCOMING,2026-06-18 22:53:40,wamid.HBgMOTE3MDUwMDQ3MTU5FQIAEhggQUM1OURFMEU1RTBDNDVGMjZDMTYzNzRCNDE0RDVEQTIA,9431bdc0-7a42-4f5e-a86a-fc2b174f08bf,6c77c2c8-de8c-477c-b5e3-cdab13a925c6,f2743829-9058-4a1e-aaf0-1a536e6508b9
0468c3b8-6169-473c-99b0-99e289423de4,≡ƒæï What is your full name?,OUTGOING,2026-06-18 22:53:41.825794,wamid.HBgMOTE3MDUwMDQ3MTU5FQIAERgSMDU5MjI4RTIyMTA3MzA0QjdEAA==,9431bdc0-7a42-4f5e-a86a-fc2b174f08bf,6c77c2c8-de8c-477c-b5e3-cdab13a925c6,f2743829-9058-4a1e-aaf0-1a536e6508b9
f1f6eea7-1606-42cd-86aa-77b937e9b50c,Cancel,INCOMING,2026-06-18 22:53:46,wamid.HBgMOTE3MDUwMDQ3MTU5FQIAEhggQUMxMTVBRERBNEJERDEzQzA2QjhGMDREMkRGMTU1NDYA,9431bdc0-7a42-4f5e-a86a-fc2b174f08bf,6c77c2c8-de8c-477c-b5e3-cdab13a925c6,f2743829-9058-4a1e-aaf0-1a536e6508b9
bcde88a2-6a63-4cdf-ab50-a3d687a86016,≡ƒ¢æ Your form has been terminated.,OUTGOING,2026-06-18 22:53:47.663577,wamid.HBgMOTE3MDUwMDQ3MTU5FQIAERgSREJGMzFCNTgxQ0ZDQjBBODA0AA==,9431bdc0-7a42-4f5e-a86a-fc2b174f08bf,6c77c2c8-de8c-477c-b5e3-cdab13a925c6,f2743829-9058-4a1e-aaf0-1a536e6508b9
2fc89e4f-894b-4694-a78b-d3ed5b81bdad,Ai Solutions,INCOMING,2026-06-18 22:53:56,wamid.HBgMOTE3MDUwMDQ3MTU5FQIAEhggQUNFQTNGQ0FDNDY5QzU4RUVBNDJFOUQ4QjcyQ0QyMjUA,9431bdc0-7a42-4f5e-a86a-fc2b174f08bf,6c77c2c8-de8c-477c-b5e3-cdab13a925c6,f2743829-9058-4a1e-aaf0-1a536e6508b9
11affc9e-2027-4ddf-8fcb-92861c7eb3df,Sent Catalog Menu,OUTGOING,2026-06-18 22:53:57.597588,wamid.HBgMOTE3MDUwMDQ3MTU5FQIAERgSNDQ1RTUxN0MzRjM5RkVEQjA0AA==,9431bdc0-7a42-4f5e-a86a-fc2b174f08bf,6c77c2c8-de8c-477c-b5e3-cdab13a925c6,f2743829-9058-4a1e-aaf0-1a536e6508b9
adc0ceb1-e67b-4750-9822-8c5e663b1868,Custom AI Automation,INCOMING,2026-06-18 22:54:04,wamid.HBgMOTE3MDUwMDQ3MTU5FQIAEhggQUMzMTI4ODY2NTM0QzZFOUU3MzJDMjI3QzA3RDYwN0IA,9431bdc0-7a42-4f5e-a86a-fc2b174f08bf,6c77c2c8-de8c-477c-b5e3-cdab13a925c6,f2743829-9058-4a1e-aaf0-1a536e6508b9
11694c9b-a924-465c-af0e-a55e6e54a557,Hi,INCOMING,2026-06-23 00:20:17,wamid.HBgMOTE3MDUwMDQ3MTU5FQIAEhggQUM1MDJCQTkyOTVFRUREOEIxM0MwMUFGOTlFRTNGRTIA,9431bdc0-7a42-4f5e-a86a-fc2b174f08bf,6c77c2c8-de8c-477c-b5e3-cdab13a925c6,f2743829-9058-4a1e-aaf0-1a536e6508b9
a55fcb0a-1a67-4442-8526-3b3c0040a679,Hi,INCOMING,2026-06-23 22:40:49,wamid.HBgMOTE5OTA1OTQxNzI4FQIAEhggQUNBQTZCQkI1RDI4NDUwQzU0NjIwNDJEMDAxQzZEQzkA,9431bdc0-7a42-4f5e-a86a-fc2b174f08bf,705ebb7f-2697-4d69-9872-c863f714d164,f2743829-9058-4a1e-aaf0-1a536e6508b9
72be3e67-22b4-4473-bb7a-84de18dbe8ae,"*Custom AI Automation*

Optimize business operations with custom AI automation solutions tailored to your organization's needs. We build intelligent systems that automate repetitive tasks, integrate with CRMs, streamline workflows, improve customer support, and provide actionable business insights. These solutions help businesses scale efficiently while reducing manual effort and operational costs.



Key Features:

ΓÇó Custom Workflow Automation

ΓÇó CRM Integration

ΓÇó Lead Management Automation

ΓÇó Customer Support Automation

ΓÇó Data Processing & Reporting

ΓÇó Process Optimization

ΓÇó Business Intelligence Dashboards

ΓÇó Scalable Enterprise Solutions



Starting from Γé╣24,999.",OUTGOING,2026-06-18 22:54:05.37938,wamid.HBgMOTE3MDUwMDQ3MTU5FQIAERgSQThGRDE3RTI0NTU1NjhERkM5AA==,9431bdc0-7a42-4f5e-a86a-fc2b174f08bf,6c77c2c8-de8c-477c-b5e3-cdab13a925c6,f2743829-9058-4a1e-aaf0-1a536e6508b9
e573a63b-0ba7-4752-8b0f-8f8a8964d474,≡ƒîÉ Website Chat Widget,INCOMING,2026-06-18 22:54:25,wamid.HBgMOTE3MDUwMDQ3MTU5FQIAEhggQUNCRDBGMUFFOTg1N0M3ODY2MEQyN0EyNTZDQTQ3QkMA,9431bdc0-7a42-4f5e-a86a-fc2b174f08bf,6c77c2c8-de8c-477c-b5e3-cdab13a925c6,f2743829-9058-4a1e-aaf0-1a536e6508b9
da5afb73-115a-4b81-a8ca-61c6a4e221db,"≡ƒîÉ Website Chat AI

ΓÇó Website Integration
ΓÇó Lead Generation
ΓÇó FAQ Automation
ΓÇó Real-time Visitor Support

Starting from Γé╣7,999.

Would you like a demo?",OUTGOING,2026-06-18 22:54:26.780291,wamid.HBgMOTE3MDUwMDQ3MTU5FQIAERgSQkQ0QUJEMDc0ODAwQjhFQzQ5AA==,9431bdc0-7a42-4f5e-a86a-fc2b174f08bf,6c77c2c8-de8c-477c-b5e3-cdab13a925c6,f2743829-9058-4a1e-aaf0-1a536e6508b9
da1830fe-e46b-4b7b-9f88-226fa733ef57,Hi,INCOMING,2026-06-18 23:20:07,wamid.HBgMOTE3MDUwMDQ3MTU5FQIAEhggQUM4MjdCMTg0MkYxRDBCMjk1RkMwMDlGQTY5MThBMTIA,9431bdc0-7a42-4f5e-a86a-fc2b174f08bf,6c77c2c8-de8c-477c-b5e3-cdab13a925c6,f2743829-9058-4a1e-aaf0-1a536e6508b9
d8ef4401-edac-488d-87f6-13a7a223395e,"≡ƒæï Welcome back, HIMANSHU!

Thank you for connecting with Gyan VaniAI again. How can I assist you today?

Please select an option from the menu below.

Options: ≡ƒÆ╗ Book Appointment, ≡ƒÆ╗ Enquire Now, ≡ƒñû AI Solutions, ≡ƒÆ¼ WhatsApp Automation, ≡ƒîÉ Website Chat Widget, ≡ƒôé About & Contact, ≡ƒåÿ Human Support, ≡ƒÄ½ Get Support",OUTGOING,2026-06-18 23:20:15.13027,wamid.HBgMOTE3MDUwMDQ3MTU5FQIAERgSQzU1NjM1RTZEQ0RFMjc0OUY4AA==,9431bdc0-7a42-4f5e-a86a-fc2b174f08bf,6c77c2c8-de8c-477c-b5e3-cdab13a925c6,f2743829-9058-4a1e-aaf0-1a536e6508b9
1d842e32-8b92-4b55-a931-d25ae76aa192,≡ƒÆ╗ Book Appointment,INCOMING,2026-06-18 23:20:24,wamid.HBgMOTE3MDUwMDQ3MTU5FQIAEhggQUM5QUYwRjY4REJCQzg2MTZEQzgyMDAwQ0NEMkU2OTMA,9431bdc0-7a42-4f5e-a86a-fc2b174f08bf,6c77c2c8-de8c-477c-b5e3-cdab13a925c6,f2743829-9058-4a1e-aaf0-1a536e6508b9
d4f0b696-e535-449c-af35-be64241f3812,≡ƒæï What is your full name?,OUTGOING,2026-06-18 23:20:25.319403,wamid.HBgMOTE3MDUwMDQ3MTU5FQIAERgSQzU0RDc4QzY3NEE1QUU1RDI2AA==,9431bdc0-7a42-4f5e-a86a-fc2b174f08bf,6c77c2c8-de8c-477c-b5e3-cdab13a925c6,f2743829-9058-4a1e-aaf0-1a536e6508b9
5762ff72-d95f-490e-992f-9c36812d4319,Himanshu,INCOMING,2026-06-18 23:20:31,wamid.HBgMOTE3MDUwMDQ3MTU5FQIAEhggQUM1RjYxQjc1QzA4MzJEQkNCNzg3OEE1QkJBNENDOUEA,9431bdc0-7a42-4f5e-a86a-fc2b174f08bf,6c77c2c8-de8c-477c-b5e3-cdab13a925c6,f2743829-9058-4a1e-aaf0-1a536e6508b9
c052a465-9721-4287-bd2e-03b29c605c22,≡ƒô▒ Please provide your contact number:,OUTGOING,2026-06-18 23:20:31.968504,wamid.HBgMOTE3MDUwMDQ3MTU5FQIAERgSQUU4NEY1RDFDOTVEMkUyQkQ4AA==,9431bdc0-7a42-4f5e-a86a-fc2b174f08bf,6c77c2c8-de8c-477c-b5e3-cdab13a925c6,f2743829-9058-4a1e-aaf0-1a536e6508b9
5bbc0ab3-7b8e-4d43-8e4d-d7ebe4f87be1,7050047159,INCOMING,2026-06-18 23:20:41,wamid.HBgMOTE3MDUwMDQ3MTU5FQIAEhggQUM1MTEzQkRCNkMxNzk1MTQ2MUQ3QTRCRjQ4OTkwNEIA,9431bdc0-7a42-4f5e-a86a-fc2b174f08bf,6c77c2c8-de8c-477c-b5e3-cdab13a925c6,f2743829-9058-4a1e-aaf0-1a536e6508b9
2aa9087f-868a-45eb-9302-ff36914b70ac,≡ƒô⌐ What is your email address?,OUTGOING,2026-06-18 23:20:42.430719,wamid.HBgMOTE3MDUwMDQ3MTU5FQIAERgSNEExRkNBQjQ3N0EwODBEQzdDAA==,9431bdc0-7a42-4f5e-a86a-fc2b174f08bf,6c77c2c8-de8c-477c-b5e3-cdab13a925c6,f2743829-9058-4a1e-aaf0-1a536e6508b9
88a77780-8daf-4d3b-9bad-b489d7a49d2d,Hkbharti77@gmail.com,INCOMING,2026-06-18 23:20:47,wamid.HBgMOTE3MDUwMDQ3MTU5FQIAEhggQUNBNTU5RTlCRjUwNThGNjVERkU2Q0M4MjNGQ0I0RjYA,9431bdc0-7a42-4f5e-a86a-fc2b174f08bf,6c77c2c8-de8c-477c-b5e3-cdab13a925c6,f2743829-9058-4a1e-aaf0-1a536e6508b9
10e37e33-b547-40a6-b7ef-d3b1e0dcbc00,"≡ƒôï Which service category are you interested in?

Options: Consultation, Installation/Setup, Repair/Maintenance, Other",OUTGOING,2026-06-18 23:20:48.500664,wamid.HBgMOTE3MDUwMDQ3MTU5FQIAERgSRjIyQjI4RkRBODhDMTA4Q0QzAA==,9431bdc0-7a42-4f5e-a86a-fc2b174f08bf,6c77c2c8-de8c-477c-b5e3-cdab13a925c6,f2743829-9058-4a1e-aaf0-1a536e6508b9
366d9b9c-721e-4243-a70b-4242959f4f14,Installation/Setup,INCOMING,2026-06-18 23:20:53,wamid.HBgMOTE3MDUwMDQ3MTU5FQIAEhggQUNBRUIwOTY5NUJEMjg4MkU0MUJFM0ZBQUY4REI4RkIA,9431bdc0-7a42-4f5e-a86a-fc2b174f08bf,6c77c2c8-de8c-477c-b5e3-cdab13a925c6,f2743829-9058-4a1e-aaf0-1a536e6508b9
b8a7494f-a636-48ec-aa3b-24e3bac3bc15,≡ƒô¥ Please describe your specific requirement in detail:,OUTGOING,2026-06-18 23:20:54.29878,wamid.HBgMOTE3MDUwMDQ3MTU5FQIAERgSNzlFM0QxNDA5QTYyOEUwNjk1AA==,9431bdc0-7a42-4f5e-a86a-fc2b174f08bf,6c77c2c8-de8c-477c-b5e3-cdab13a925c6,f2743829-9058-4a1e-aaf0-1a536e6508b9
3489292b-c010-4e99-a826-89f181bb9766,Testing Testing,INCOMING,2026-06-18 23:20:59,wamid.HBgMOTE3MDUwMDQ3MTU5FQIAEhggQUM3QjVCMDU5Q0REQzFFRTNFNzM2N0M3RjRDQ0M2Q0QA,9431bdc0-7a42-4f5e-a86a-fc2b174f08bf,6c77c2c8-de8c-477c-b5e3-cdab13a925c6,f2743829-9058-4a1e-aaf0-1a536e6508b9
6233a331-6f09-4613-bddd-230a6e24e918,Hi,INCOMING,2026-06-18 23:23:47,wamid.HBgMOTE3MDUwMDQ3MTU5FQIAEhggQUNDMTJBREI5OUQzNzc1NjRDRUZGNTk0NEE3RThGMDgA,9431bdc0-7a42-4f5e-a86a-fc2b174f08bf,6c77c2c8-de8c-477c-b5e3-cdab13a925c6,f2743829-9058-4a1e-aaf0-1a536e6508b9
b70ffe58-0dbb-47c4-83ee-9e5da98ed716,Hi,INCOMING,2026-06-18 23:26:32,wamid.HBgMOTE3MDUwMDQ3MTU5FQIAEhggQUMxMTBGMTIzMkY4OUYyMEExNzI0OTJGMjk1OTkzM0IA,9431bdc0-7a42-4f5e-a86a-fc2b174f08bf,6c77c2c8-de8c-477c-b5e3-cdab13a925c6,f2743829-9058-4a1e-aaf0-1a536e6508b9
9046db1f-ba03-4266-b248-6e9a4531ab7c,Cancel,INCOMING,2026-06-18 23:26:40,wamid.HBgMOTE3MDUwMDQ3MTU5FQIAEhggQUNFQzBERkRDMjA2NzVGMEZBMzNERkFFOEQ0NzU4N0MA,9431bdc0-7a42-4f5e-a86a-fc2b174f08bf,6c77c2c8-de8c-477c-b5e3-cdab13a925c6,f2743829-9058-4a1e-aaf0-1a536e6508b9
9e857074-d623-430b-af4f-8c917c46a16c,≡ƒÆ╗ Book Appointment,INCOMING,2026-06-18 23:26:58,wamid.HBgMOTE5OTA1OTQxNzI4FQIAEhggQUM4MTVDRjQ5MUM0NTEzRUM3NDNEMEJBQTlEMjQzQjcA,9431bdc0-7a42-4f5e-a86a-fc2b174f08bf,705ebb7f-2697-4d69-9872-c863f714d164,f2743829-9058-4a1e-aaf0-1a536e6508b9
f1470f3d-6e49-4f4d-bd00-e2588ee72e0f,Γ£à Your appointment has been booked! Our team will confirm the exact time shortly.,OUTGOING,2026-06-18 23:28:33.082697,wamid.HBgMOTE3MDUwMDQ3MTU5FQIAERgSQTM3RjE4Q0JCQjdGNDhFRjEyAA==,9431bdc0-7a42-4f5e-a86a-fc2b174f08bf,6c77c2c8-de8c-477c-b5e3-cdab13a925c6,f2743829-9058-4a1e-aaf0-1a536e6508b9
89743bd3-1748-4159-86b7-50764ceea2c3,≡ƒ¢æ Your form has been terminated.,OUTGOING,2026-06-18 23:28:34.390568,wamid.HBgMOTE3MDUwMDQ3MTU5FQIAERgSMTQ2MjE2NTlFRjlDM0M1RUUwAA==,9431bdc0-7a42-4f5e-a86a-fc2b174f08bf,6c77c2c8-de8c-477c-b5e3-cdab13a925c6,f2743829-9058-4a1e-aaf0-1a536e6508b9
52329b78-61c6-4f90-aae7-8652aaa55a86,"Options: ≡ƒÆ╗ Book Appointment, ≡ƒÆ╗ Enquire Now, ≡ƒñû AI Solutions, ≡ƒÆ¼ WhatsApp Automation, ≡ƒîÉ Website Chat Widget, ≡ƒôé About & Contact, ≡ƒåÿ Human Support, ≡ƒÄ½ Get Support",OUTGOING,2026-06-18 23:28:34.391807,wamid.HBgMOTE3MDUwMDQ3MTU5FQIAERgSN0EyRjk3NUVDNEU3QzM4QzM1AA==,9431bdc0-7a42-4f5e-a86a-fc2b174f08bf,6c77c2c8-de8c-477c-b5e3-cdab13a925c6,f2743829-9058-4a1e-aaf0-1a536e6508b9
f6f02060-a485-4b1c-9876-4eb6ddaf2e4b,≡ƒæï What is your full name?,OUTGOING,2026-06-18 23:28:35.487965,wamid.HBgMOTE5OTA1OTQxNzI4FQIAERgSNTJFNDcwMjM3MkNDMzc3RUExAA==,9431bdc0-7a42-4f5e-a86a-fc2b174f08bf,705ebb7f-2697-4d69-9872-c863f714d164,f2743829-9058-4a1e-aaf0-1a536e6508b9
6e77eec8-2e65-407d-8b67-62764692db0a,Hi,INCOMING,2026-06-18 23:29:56,wamid.HBgMOTE3MDUwMDQ3MTU5FQIAEhggQUNGQThEMTlGNDM5MTk2ODEzODZFNkQ3MkZCMTZGNUUA,9431bdc0-7a42-4f5e-a86a-fc2b174f08bf,6c77c2c8-de8c-477c-b5e3-cdab13a925c6,f2743829-9058-4a1e-aaf0-1a536e6508b9
1caafed1-f8fe-4624-9ee1-acada659cbd0,"≡ƒæï Welcome back, HIMANSHU!

Thank you for connecting with Gyan VaniAI again. How can I assist you today?

Please select an option from the menu below.

Options: ≡ƒÆ╗ Book Appointment, ≡ƒÆ╗ Enquire Now, ≡ƒñû AI Solutions, ≡ƒÆ¼ WhatsApp Automation, ≡ƒîÉ Website Chat Widget, ≡ƒôé About & Contact, ≡ƒåÿ Human Support, ≡ƒÄ½ Get Support",OUTGOING,2026-06-18 23:30:01.52546,wamid.HBgMOTE3MDUwMDQ3MTU5FQIAERgSNTNEQTcwQUJGRTlDNzFFNjlFAA==,9431bdc0-7a42-4f5e-a86a-fc2b174f08bf,6c77c2c8-de8c-477c-b5e3-cdab13a925c6,f2743829-9058-4a1e-aaf0-1a536e6508b9
886e1e0f-e8de-4164-a8f7-9a8c280ec39c,Cancel,INCOMING,2026-06-18 23:30:12,wamid.HBgMOTE5OTA1OTQxNzI4FQIAEhggQUM3Q0VCNjJFMzRGQTNGODZFMTE5NEQ1NzRCNDdBRDUA,9431bdc0-7a42-4f5e-a86a-fc2b174f08bf,705ebb7f-2697-4d69-9872-c863f714d164,f2743829-9058-4a1e-aaf0-1a536e6508b9
009e8d63-a7be-4227-88d2-06ae17ab8753,≡ƒ¢æ Your form has been terminated.,OUTGOING,2026-06-18 23:30:13.105073,wamid.HBgMOTE5OTA1OTQxNzI4FQIAERgSRUYwMDMzOEFGMkU4MDE2Qjc1AA==,9431bdc0-7a42-4f5e-a86a-fc2b174f08bf,705ebb7f-2697-4d69-9872-c863f714d164,f2743829-9058-4a1e-aaf0-1a536e6508b9
96816677-21e0-49f0-95cc-e3d267b3bc59,Hi,INCOMING,2026-06-23 00:09:27,wamid.HBgMOTE3MDUwMDQ3MTU5FQIAEhggQUNGQzFGMjAxREYwMjRDMUYzOEEzQTYwQTc2NzM5MzIA,9431bdc0-7a42-4f5e-a86a-fc2b174f08bf,6c77c2c8-de8c-477c-b5e3-cdab13a925c6,f2743829-9058-4a1e-aaf0-1a536e6508b9
90598c52-a5a1-4fd0-95f7-649c71129954,"Welcome to our Support channel! Please provide a few details so we can assist you better.

≡ƒæñ What is your name?",OUTGOING,2026-06-23 00:09:58.285942,wamid.HBgMOTE3MDUwMDQ3MTU5FQIAERgSQjcwNkZCMkFEMjYzQjM3QzEzAA==,9431bdc0-7a42-4f5e-a86a-fc2b174f08bf,6c77c2c8-de8c-477c-b5e3-cdab13a925c6,f2743829-9058-4a1e-aaf0-1a536e6508b9
0c9c5ff8-156c-43d1-a587-d01659804235,"≡ƒæï Welcome back, Himanshu!

Thank you for connecting with Gyan VaniAI again. How can I assist you today?

Please select an option from the menu below.

Options: ≡ƒÆ╗ Book Appointment, ≡ƒÆ╗ Enquire Now, ≡ƒñû AI Solutions, ≡ƒÆ¼ WhatsApp Automation, ≡ƒîÉ Website Chat Widget, ≡ƒôé About & Contact, ≡ƒåÿ Human Support, ≡ƒÄ½ Get Support",OUTGOING,2026-06-23 22:40:57.43032,wamid.HBgMOTE5OTA1OTQxNzI4FQIAERgSRkUzNzZENkRERDAyMzJDNjNDAA==,9431bdc0-7a42-4f5e-a86a-fc2b174f08bf,705ebb7f-2697-4d69-9872-c863f714d164,f2743829-9058-4a1e-aaf0-1a536e6508b9
543c3f64-b4ae-4014-aee1-5a5f5e877e20,≡ƒÄ½ Get Support,INCOMING,2026-06-23 22:41:34,wamid.HBgMOTE5OTA1OTQxNzI4FQIAEhggQUMyNDlGQzRBQjczNjE1RDdGNDRCQjhCMUU3OTY1N0UA,9431bdc0-7a42-4f5e-a86a-fc2b174f08bf,705ebb7f-2697-4d69-9872-c863f714d164,f2743829-9058-4a1e-aaf0-1a536e6508b9
4abc4341-14fb-43c5-80a5-66905d0af942,"Welcome to our Support channel! Please provide a few details so we can assist you better.

≡ƒæñ What is your name?",OUTGOING,2026-06-23 22:41:36.031433,wamid.HBgMOTE5OTA1OTQxNzI4FQIAERgSQTVGOUIyMkE4M0VEN0Y4MTAyAA==,9431bdc0-7a42-4f5e-a86a-fc2b174f08bf,705ebb7f-2697-4d69-9872-c863f714d164,f2743829-9058-4a1e-aaf0-1a536e6508b9
5b9d0074-3165-47bb-ae04-e21c8c9fff74,H,INCOMING,2026-06-23 22:41:41,wamid.HBgMOTE5OTA1OTQxNzI4FQIAEhggQUM4MzRCNEQzODc4MEFEQTlERTYyMkEwMjMwQTUxRjIA,9431bdc0-7a42-4f5e-a86a-fc2b174f08bf,705ebb7f-2697-4d69-9872-c863f714d164,f2743829-9058-4a1e-aaf0-1a536e6508b9
19d78dad-60b7-451c-a703-f554f0427d65,ΓÜá∩╕Å Name is too short. Please enter your full name (minimum 2 characters).,OUTGOING,2026-06-23 22:41:42.703904,wamid.HBgMOTE5OTA1OTQxNzI4FQIAERgSOTM5OTc1NDkzNzE1NDI0NzlEAA==,9431bdc0-7a42-4f5e-a86a-fc2b174f08bf,705ebb7f-2697-4d69-9872-c863f714d164,f2743829-9058-4a1e-aaf0-1a536e6508b9
496a58dd-85a8-4d4a-8a7c-ff0bc697172e,"Welcome to our Support channel! Please provide a few details so we can assist you better.

≡ƒæñ What is your name?",OUTGOING,2026-06-23 22:41:43.398529,wamid.HBgMOTE5OTA1OTQxNzI4FQIAERgSN0UwQzUwNjE5MEVBQ0YxMDkzAA==,9431bdc0-7a42-4f5e-a86a-fc2b174f08bf,705ebb7f-2697-4d69-9872-c863f714d164,f2743829-9058-4a1e-aaf0-1a536e6508b9
2cbbe526-35b5-4d7e-aafc-b90d22735d9f,Himanshu,INCOMING,2026-06-23 22:41:50,wamid.HBgMOTE5OTA1OTQxNzI4FQIAEhggQUM5Q0YwOTJDMkZDQ0ExOTNERUUxOTVFQzk0MTFCMjgA,9431bdc0-7a42-4f5e-a86a-fc2b174f08bf,705ebb7f-2697-4d69-9872-c863f714d164,f2743829-9058-4a1e-aaf0-1a536e6508b9
90a0ffb4-04d6-4771-8afd-baf5e6166a4a,≡ƒôº Please provide your email address so our support team can reach you:,OUTGOING,2026-06-23 22:41:51.754581,wamid.HBgMOTE5OTA1OTQxNzI4FQIAERgSRDVFRDRERURFQTk1QzY2QkU4AA==,9431bdc0-7a42-4f5e-a86a-fc2b174f08bf,705ebb7f-2697-4d69-9872-c863f714d164,f2743829-9058-4a1e-aaf0-1a536e6508b9
7153e78f-7c9e-42db-805f-293644c56823,H,INCOMING,2026-06-23 22:41:55,wamid.HBgMOTE5OTA1OTQxNzI4FQIAEhggQUM5Q0QzRjMzMTQwODI5MTM1RTA3NzkwQ0I2NDA5NjMA,9431bdc0-7a42-4f5e-a86a-fc2b174f08bf,705ebb7f-2697-4d69-9872-c863f714d164,f2743829-9058-4a1e-aaf0-1a536e6508b9
544632a3-7163-40e3-ac2a-803176c020d6,"ΓÜá∩╕Å That doesn't look like a valid email address. Please enter a valid email (e.g., name@example.com).",OUTGOING,2026-06-23 22:41:56.669419,wamid.HBgMOTE5OTA1OTQxNzI4FQIAERgSMUFCRTc3MjRDQjg3QjdBMDU2AA==,9431bdc0-7a42-4f5e-a86a-fc2b174f08bf,705ebb7f-2697-4d69-9872-c863f714d164,f2743829-9058-4a1e-aaf0-1a536e6508b9
af875ae6-1258-47fc-a8b2-055036c93a0e,≡ƒôº Please provide your email address so our support team can reach you:,OUTGOING,2026-06-23 22:41:57.540075,wamid.HBgMOTE5OTA1OTQxNzI4FQIAERgSNzgzNzc3MDU2OEZFQ0QwQjMyAA==,9431bdc0-7a42-4f5e-a86a-fc2b174f08bf,705ebb7f-2697-4d69-9872-c863f714d164,f2743829-9058-4a1e-aaf0-1a536e6508b9
161d1ed7-322a-4f54-878a-72477b176c75,Himanshu.bharti@mobiloitte.com,INCOMING,2026-06-23 22:42:05,wamid.HBgMOTE5OTA1OTQxNzI4FQIAEhggQUNBREFGNTdBRDY5NkQ3MDU2RTFBMTM5ODdGNUVGRTcA,9431bdc0-7a42-4f5e-a86a-fc2b174f08bf,705ebb7f-2697-4d69-9872-c863f714d164,f2743829-9058-4a1e-aaf0-1a536e6508b9
dd0bd374-2e55-439c-88ff-e082423e25ea,≡ƒô▒ What is your phone number?,OUTGOING,2026-06-23 22:42:06.810224,wamid.HBgMOTE5OTA1OTQxNzI4FQIAERgSMEVDNkI2N0ZCQjVEMUE5NTlBAA==,9431bdc0-7a42-4f5e-a86a-fc2b174f08bf,705ebb7f-2697-4d69-9872-c863f714d164,f2743829-9058-4a1e-aaf0-1a536e6508b9
c9207aa5-46ab-4718-a72e-8d72056f9759,70500 47159,INCOMING,2026-06-23 22:42:30,wamid.HBgMOTE5OTA1OTQxNzI4FQIAEhggQUMwNjU5RDdEMDhGNTAwRDYyRTJCRkY2OTc2OEQ1RDMA,9431bdc0-7a42-4f5e-a86a-fc2b174f08bf,705ebb7f-2697-4d69-9872-c863f714d164,f2743829-9058-4a1e-aaf0-1a536e6508b9
48ec3f70-0ec8-466d-998f-28563c35aa53,"≡ƒÅ╖∩╕Å What category best describes your issue? (e.g., Billing, Technical, General)

Options: General, Technical, Billing, Account Issue, Feature Request",OUTGOING,2026-06-23 22:42:31.0796,wamid.HBgMOTE5OTA1OTQxNzI4FQIAERgSNzFGOTBDMjAyMDY1NTk0QTJDAA==,9431bdc0-7a42-4f5e-a86a-fc2b174f08bf,705ebb7f-2697-4d69-9872-c863f714d164,f2743829-9058-4a1e-aaf0-1a536e6508b9
8ce2c647-712a-4466-92b3-40348245c38d,Account Issue,INCOMING,2026-06-23 22:42:38,wamid.HBgMOTE5OTA1OTQxNzI4FQIAEhggQUM0RDlDREU3QzYwQ0JDNjBFQjc3MzIyNDMwNTFFMjYA,9431bdc0-7a42-4f5e-a86a-fc2b174f08bf,705ebb7f-2697-4d69-9872-c863f714d164,f2743829-9058-4a1e-aaf0-1a536e6508b9
6720ca60-49bd-491d-8bdb-7815322206fc,≡ƒô¥ Please provide a brief subject for your request:,OUTGOING,2026-06-23 22:42:39.592181,wamid.HBgMOTE5OTA1OTQxNzI4FQIAERgSMjRENzg4NDMyMTdCQjE5RTFCAA==,9431bdc0-7a42-4f5e-a86a-fc2b174f08bf,705ebb7f-2697-4d69-9872-c863f714d164,f2743829-9058-4a1e-aaf0-1a536e6508b9
b60f3642-fd74-412c-80ae-d06938a45424,Testing,INCOMING,2026-06-23 22:42:50,wamid.HBgMOTE5OTA1OTQxNzI4FQIAEhggQUNBNjYwODlDQTlGQzgxQTJBM0FBMUUwOUM1NDRDQjEA,9431bdc0-7a42-4f5e-a86a-fc2b174f08bf,705ebb7f-2697-4d69-9872-c863f714d164,f2743829-9058-4a1e-aaf0-1a536e6508b9
2fddd530-07a0-4a1c-bb26-63d61b4e777b,Testing Testing,INCOMING,2026-06-23 22:43:10,wamid.HBgMOTE5OTA1OTQxNzI4FQIAEhggQUMzNjU5MTNBMUVGMkQzRTI3NTg3OTFEOEU4NDMzRjgA,9431bdc0-7a42-4f5e-a86a-fc2b174f08bf,705ebb7f-2697-4d69-9872-c863f714d164,f2743829-9058-4a1e-aaf0-1a536e6508b9
1a577cc4-4410-4d57-9066-8e6052f46ef2,Hi,INCOMING,2026-06-23 22:51:24,wamid.HBgMOTE5OTA1OTQxNzI4FQIAEhggQUMxMThDMkUxQjJEQUQ4Qjg1NkRFRkI3NDBERkJFRjUA,9431bdc0-7a42-4f5e-a86a-fc2b174f08bf,705ebb7f-2697-4d69-9872-c863f714d164,f2743829-9058-4a1e-aaf0-1a536e6508b9
ee726c7a-11ef-4880-b0bc-1afa862ae43f,Γ£à Thank you for contacting support! We've received your request and will get back to you shortly.,OUTGOING,2026-06-23 22:51:39.995497,wamid.HBgMOTE5OTA1OTQxNzI4FQIAERgSQzMwRTM3MTE5NEVCQzY2NUU4AA==,9431bdc0-7a42-4f5e-a86a-fc2b174f08bf,705ebb7f-2697-4d69-9872-c863f714d164,f2743829-9058-4a1e-aaf0-1a536e6508b9
efbed1fe-c84d-47fd-be38-cfd098101ab6,Hi,INCOMING,2026-06-27 17:42:27,wamid.HBgMOTE3MDUwMDQ3MTU5FQIAEhggQUNBMzVDMkZDRjU1MkNENjExQ0JEOEQxRDMzQ0FGOTIA,9431bdc0-7a42-4f5e-a86a-fc2b174f08bf,6c77c2c8-de8c-477c-b5e3-cdab13a925c6,f2743829-9058-4a1e-aaf0-1a536e6508b9
c3e92e75-ae0d-4bc2-bac9-e29b495ad75e,"≡ƒæï Welcome back, HIMANSHU!

Thank you for connecting with Gyan VaniAI again. How can I assist you today?

Please select an option from the menu below.

Options: ≡ƒÆ╗ Enquire Now, ≡ƒñû AI Solutions, ≡ƒÆ¼ WhatsApp Automation, ≡ƒîÉ Website Chat Widget, ≡ƒôé About & Contact, ≡ƒåÿ Human Support, ≡ƒÄ½ Get Support",OUTGOING,2026-06-27 17:42:40.547872,wamid.HBgMOTE3MDUwMDQ3MTU5FQIAERgSN0U4ODBFRUZCQjQ2MzVDNUFCAA==,9431bdc0-7a42-4f5e-a86a-fc2b174f08bf,6c77c2c8-de8c-477c-b5e3-cdab13a925c6,f2743829-9058-4a1e-aaf0-1a536e6508b9
9c0522c4-2af7-4a6d-a4c2-270cf86028d4,≡ƒÆ╗ Enquire Now,INCOMING,2026-06-27 17:43:09,wamid.HBgMOTE3MDUwMDQ3MTU5FQIAEhggQUMxRTBGNDNDQUQwMUVCQUZGQjc3RDRBNDBDNEJFM0UA,9431bdc0-7a42-4f5e-a86a-fc2b174f08bf,6c77c2c8-de8c-477c-b5e3-cdab13a925c6,f2743829-9058-4a1e-aaf0-1a536e6508b9
3194dc26-c40d-4e76-8ebe-c8b0db1b3fd6,≡ƒæï What is your full name?,OUTGOING,2026-06-27 17:43:10.780169,wamid.HBgMOTE3MDUwMDQ3MTU5FQIAERgSREI5NjQxNkYxRjA3NzhEODVCAA==,9431bdc0-7a42-4f5e-a86a-fc2b174f08bf,6c77c2c8-de8c-477c-b5e3-cdab13a925c6,f2743829-9058-4a1e-aaf0-1a536e6508b9
aeaa52b9-4712-42ae-9656-e65e0bd5327e,Himanshu,INCOMING,2026-06-27 17:43:16,wamid.HBgMOTE3MDUwMDQ3MTU5FQIAEhggQUMzMjIwQ0MxNUM1NEU0ODc5OUUwM0M5NzVENEY1MjcA,9431bdc0-7a42-4f5e-a86a-fc2b174f08bf,6c77c2c8-de8c-477c-b5e3-cdab13a925c6,f2743829-9058-4a1e-aaf0-1a536e6508b9
205aa69b-da90-44a5-ab38-32d0cf2c36a9,≡ƒô▒ Please provide your contact number:,OUTGOING,2026-06-27 17:43:17.323599,wamid.HBgMOTE3MDUwMDQ3MTU5FQIAERgSODI0RkE5NjVBQUJDRDI2QjNGAA==,9431bdc0-7a42-4f5e-a86a-fc2b174f08bf,6c77c2c8-de8c-477c-b5e3-cdab13a925c6,f2743829-9058-4a1e-aaf0-1a536e6508b9
bf31a3ca-7e54-4ec3-b68b-96b4cdec71bf,Hhh,INCOMING,2026-06-27 17:43:23,wamid.HBgMOTE3MDUwMDQ3MTU5FQIAEhggQUM0NkJFQzY2NjI1MzAyMDhGMjQ1QUE0MTdDODk5NzIA,9431bdc0-7a42-4f5e-a86a-fc2b174f08bf,6c77c2c8-de8c-477c-b5e3-cdab13a925c6,f2743829-9058-4a1e-aaf0-1a536e6508b9
9ea32cc8-ad30-40de-bcb4-02d89076ef7b,"ΓÜá∩╕Å That doesn't look like a valid phone number. Please enter a valid number (e.g., +1234567890).",OUTGOING,2026-06-27 17:43:25.013246,wamid.HBgMOTE3MDUwMDQ3MTU5FQIAERgSMTEzN0Y3RTQ5OEYwQkMwMjg3AA==,9431bdc0-7a42-4f5e-a86a-fc2b174f08bf,6c77c2c8-de8c-477c-b5e3-cdab13a925c6,f2743829-9058-4a1e-aaf0-1a536e6508b9
daf2aeec-23ce-4faf-a490-d85810f29fce,≡ƒô▒ Please provide your contact number:,OUTGOING,2026-06-27 17:43:25.967404,wamid.HBgMOTE3MDUwMDQ3MTU5FQIAERgSQjI1RDFBNEMzMTE5NUY5NEZCAA==,9431bdc0-7a42-4f5e-a86a-fc2b174f08bf,6c77c2c8-de8c-477c-b5e3-cdab13a925c6,f2743829-9058-4a1e-aaf0-1a536e6508b9
f38f7756-6d6d-4da2-92c3-810878f01503,70500 47159,INCOMING,2026-06-27 17:43:28,wamid.HBgMOTE3MDUwMDQ3MTU5FQIAEhggQUMxN0NCMzBFNUE2NEQ3QTRDNTM1Qjg2M0FGMDU4ODAA,9431bdc0-7a42-4f5e-a86a-fc2b174f08bf,6c77c2c8-de8c-477c-b5e3-cdab13a925c6,f2743829-9058-4a1e-aaf0-1a536e6508b9
9e6fce76-ad65-45a6-9958-f3fafe5f6fd9,≡ƒô⌐ What is your email address?,OUTGOING,2026-06-27 17:43:29.078904,wamid.HBgMOTE3MDUwMDQ3MTU5FQIAERgSOTI2MTEwREFERjkwMkVDNTgyAA==,9431bdc0-7a42-4f5e-a86a-fc2b174f08bf,6c77c2c8-de8c-477c-b5e3-cdab13a925c6,f2743829-9058-4a1e-aaf0-1a536e6508b9
3dafa16f-820f-4572-920a-2b6ee27a21e6,Hkbharti77@gmail.com,INCOMING,2026-06-27 17:43:37,wamid.HBgMOTE3MDUwMDQ3MTU5FQIAEhggQUM2QUNFMkYwM0M4QUFDODA4MkMxODBGRTAxRDI5OTcA,9431bdc0-7a42-4f5e-a86a-fc2b174f08bf,6c77c2c8-de8c-477c-b5e3-cdab13a925c6,f2743829-9058-4a1e-aaf0-1a536e6508b9
85e9da08-fe86-49af-a584-5d410257d5fc,"≡ƒôï Which service category are you interested in?

Options: Consultation, Installation/Setup, Repair/Maintenance, Other",OUTGOING,2026-06-27 17:43:38.428769,wamid.HBgMOTE3MDUwMDQ3MTU5FQIAERgSREJGMDUyNEM5RDI0NjM4NkM4AA==,9431bdc0-7a42-4f5e-a86a-fc2b174f08bf,6c77c2c8-de8c-477c-b5e3-cdab13a925c6,f2743829-9058-4a1e-aaf0-1a536e6508b9
fd118df9-f811-4214-9cf1-b753c6e1cb24,≡ƒô¥ Please describe your specific requirement in detail:,OUTGOING,2026-06-27 17:43:45.293236,wamid.HBgMOTE3MDUwMDQ3MTU5FQIAERgSMzY5QkMyRkI4NjlDMkQ1QUIzAA==,9431bdc0-7a42-4f5e-a86a-fc2b174f08bf,6c77c2c8-de8c-477c-b5e3-cdab13a925c6,f2743829-9058-4a1e-aaf0-1a536e6508b9
528d42b3-1ca5-417a-a36d-5cae1f3e2ad3,"≡ƒñ¥ *Thank you, Himanshu!*

We've noted your interest in *General Enquiry*.
Your reference number is: *GYANF2-L260627-0004*

Our expert will contact you within 24 hours with the best options for you.",OUTGOING,2026-06-27 17:43:59.930789,wamid.HBgMOTE3MDUwMDQ3MTU5FQIAERgSREEyREI3QkIyMzIwRjZGOUE5AA==,9431bdc0-7a42-4f5e-a86a-fc2b174f08bf,6c77c2c8-de8c-477c-b5e3-cdab13a925c6,f2743829-9058-4a1e-aaf0-1a536e6508b9
ad068452-2ce9-4a44-b2f1-e8c71bb55810,Sent Catalog Menu,OUTGOING,2026-06-27 17:45:54.217718,wamid.HBgMOTE3MDUwMDQ3MTU5FQIAERgSMUZERjNEMzdFMTBBMjEwQUQ2AA==,9431bdc0-7a42-4f5e-a86a-fc2b174f08bf,6c77c2c8-de8c-477c-b5e3-cdab13a925c6,f2743829-9058-4a1e-aaf0-1a536e6508b9
5e92a38c-fb9b-4531-a9d4-db57141f40dd,"*AI Appointments*

Simplify appointment scheduling with an AI-powered booking system that automates the entire process. Customers can schedule consultations, meetings, demos, or services directly through WhatsApp or your website. The system manages availability, sends reminders, reduces no-shows, and ensures a smooth booking experience for both businesses and customers.



Key Features:

ΓÇó Automated Appointment Booking

ΓÇó Calendar Integration

ΓÇó Instant Confirmations

ΓÇó Automated Reminders

ΓÇó Rescheduling & Cancellation Support

ΓÇó Customer Information Collection

ΓÇó Booking Analytics

ΓÇó WhatsApp & Website Integration



Starting from Γé╣12,999.",OUTGOING,2026-06-27 17:46:01.608741,wamid.HBgMOTE3MDUwMDQ3MTU5FQIAERgSNUJCQjNCQkIxQTE3MzREOEIwAA==,9431bdc0-7a42-4f5e-a86a-fc2b174f08bf,6c77c2c8-de8c-477c-b5e3-cdab13a925c6,f2743829-9058-4a1e-aaf0-1a536e6508b9
352603da-7594-48cc-833f-806701bd981f,"≡ƒæï Welcome back, HIMANSHU!

Thank you for connecting with Gyan VaniAI again. How can I assist you today?

Please select an option from the menu below.

Options: ≡ƒÆ╗ Book Appointment, ≡ƒÆ╗ Enquire Now, ≡ƒñû AI Solutions, ≡ƒÆ¼ WhatsApp Automation, ≡ƒîÉ Website Chat Widget, ≡ƒôé About & Contact, ≡ƒåÿ Human Support, ≡ƒÄ½ Get Support",OUTGOING,2026-06-27 17:46:20.109713,wamid.HBgMOTE3MDUwMDQ3MTU5FQIAERgSOTE0RjM3M0UzQzEyMTVDQkJEAA==,9431bdc0-7a42-4f5e-a86a-fc2b174f08bf,6c77c2c8-de8c-477c-b5e3-cdab13a925c6,f2743829-9058-4a1e-aaf0-1a536e6508b9
022f2b8e-3a62-4a04-9e6e-eab5490fb977,≡ƒæï What is your full name?,OUTGOING,2026-06-27 17:46:32.922324,wamid.HBgMOTE3MDUwMDQ3MTU5FQIAERgSMzBEMzg1Rjg4MUE5NTgwQjBBAA==,9431bdc0-7a42-4f5e-a86a-fc2b174f08bf,6c77c2c8-de8c-477c-b5e3-cdab13a925c6,f2743829-9058-4a1e-aaf0-1a536e6508b9
d72502cb-4c3b-4de2-92e3-77ceca4581eb,≡ƒô▒ Please provide your contact number:,OUTGOING,2026-06-27 17:46:36.294418,wamid.HBgMOTE3MDUwMDQ3MTU5FQIAERgSOTMzOTVBMTNFOUZGQTU0RDkwAA==,9431bdc0-7a42-4f5e-a86a-fc2b174f08bf,6c77c2c8-de8c-477c-b5e3-cdab13a925c6,f2743829-9058-4a1e-aaf0-1a536e6508b9
96d19dba-23e0-4085-a6d4-6cd684aebf8f,"ΓÜá∩╕Å That doesn't look like a valid phone number. Please enter a valid number (e.g., +1234567890).",OUTGOING,2026-06-27 17:46:39.873973,wamid.HBgMOTE3MDUwMDQ3MTU5FQIAERgSMzg4NjJCQkQ0OTcxNjM1NTRGAA==,9431bdc0-7a42-4f5e-a86a-fc2b174f08bf,6c77c2c8-de8c-477c-b5e3-cdab13a925c6,f2743829-9058-4a1e-aaf0-1a536e6508b9
c5c91163-6ea4-492e-b29b-5e1ffe1793c7,≡ƒô▒ Please provide your contact number:,OUTGOING,2026-06-27 17:46:40.802869,wamid.HBgMOTE3MDUwMDQ3MTU5FQIAERgSQ0FEMEVCODEyMDI5MEM5ODVDAA==,9431bdc0-7a42-4f5e-a86a-fc2b174f08bf,6c77c2c8-de8c-477c-b5e3-cdab13a925c6,f2743829-9058-4a1e-aaf0-1a536e6508b9
32642aef-df5d-4d01-82aa-53716d7f2dcb,≡ƒô⌐ What is your email address?,OUTGOING,2026-06-27 17:46:42.640123,wamid.HBgMOTE3MDUwMDQ3MTU5FQIAERgSMDYxRUJBNkU5QTBCRDI1MDhBAA==,9431bdc0-7a42-4f5e-a86a-fc2b174f08bf,6c77c2c8-de8c-477c-b5e3-cdab13a925c6,f2743829-9058-4a1e-aaf0-1a536e6508b9
0b2656f7-906a-44cb-a668-4a7ae0a56e51,"≡ƒôï Which service category are you interested in?

Options: Consultation, Installation/Setup, Repair/Maintenance, Other",OUTGOING,2026-06-27 17:46:51.652516,wamid.HBgMOTE3MDUwMDQ3MTU5FQIAERgSREU2QTQzMEE1N0EzRDM1RTBGAA==,9431bdc0-7a42-4f5e-a86a-fc2b174f08bf,6c77c2c8-de8c-477c-b5e3-cdab13a925c6,f2743829-9058-4a1e-aaf0-1a536e6508b9
21d4cbd2-b9d7-49aa-ad5f-530daa88f251,≡ƒô¥ Please describe your specific requirement in detail:,OUTGOING,2026-06-27 17:46:57.891211,wamid.HBgMOTE3MDUwMDQ3MTU5FQIAERgSNTQ4QTEzRjU1OTE5MDlCQUVFAA==,9431bdc0-7a42-4f5e-a86a-fc2b174f08bf,6c77c2c8-de8c-477c-b5e3-cdab13a925c6,f2743829-9058-4a1e-aaf0-1a536e6508b9
ae31f797-4afd-42bb-a2da-afddc2e8e2ce,"≡ƒñ¥ *Thank you, Him!*

We've noted your interest in *General Enquiry*.
Your reference number is: *GYANF2-L260627-0005*

Our expert will contact you within 24 hours with the best options for you.",OUTGOING,2026-06-27 17:47:10.287059,wamid.HBgMOTE3MDUwMDQ3MTU5FQIAERgSQTkwRjRGRkE2NUVCNjhERkNEAA==,9431bdc0-7a42-4f5e-a86a-fc2b174f08bf,6c77c2c8-de8c-477c-b5e3-cdab13a925c6,f2743829-9058-4a1e-aaf0-1a536e6508b9
4bc8a68d-a6eb-468f-8237-ac690f41d131,Installation/Setup,INCOMING,2026-06-27 17:43:43,wamid.HBgMOTE3MDUwMDQ3MTU5FQIAEhggQUNDM0Y5MTUwMjYxREU0RThDQUJDRDVGM0IwOUVEQzQA,9431bdc0-7a42-4f5e-a86a-fc2b174f08bf,6c77c2c8-de8c-477c-b5e3-cdab13a925c6,f2743829-9058-4a1e-aaf0-1a536e6508b9
c34120a1-0255-4fc8-9294-5aa564588d21,Testing Testing,INCOMING,2026-06-27 17:43:51,wamid.HBgMOTE3MDUwMDQ3MTU5FQIAEhggQUM1QzgxMDFDQTg2QkU0OEY3M0U5ODQxMjNBRURDQzEA,9431bdc0-7a42-4f5e-a86a-fc2b174f08bf,6c77c2c8-de8c-477c-b5e3-cdab13a925c6,f2743829-9058-4a1e-aaf0-1a536e6508b9
ab2bf982-bb3f-434f-abf9-1515f3ea7c4e,Ai Solutions,INCOMING,2026-06-27 17:45:51,wamid.HBgMOTE3MDUwMDQ3MTU5FQIAEhggQUM0MDNFQzk0NThEOTE4RDYyMDQ3MDcxNjZCNzgzRDMA,9431bdc0-7a42-4f5e-a86a-fc2b174f08bf,6c77c2c8-de8c-477c-b5e3-cdab13a925c6,f2743829-9058-4a1e-aaf0-1a536e6508b9
32151329-2010-4f87-a2f5-9f65ff2e8e60,AI Appointments,INCOMING,2026-06-27 17:46:00,wamid.HBgMOTE3MDUwMDQ3MTU5FQIAEhggQUNFNzU4NUE5NEFBQzdGNzAwNThGNkNGQ0YyRDlDOTMA,9431bdc0-7a42-4f5e-a86a-fc2b174f08bf,6c77c2c8-de8c-477c-b5e3-cdab13a925c6,f2743829-9058-4a1e-aaf0-1a536e6508b9
4d121e52-5317-44f6-9c59-04730ddc1efe,Hi,INCOMING,2026-06-27 17:46:15,wamid.HBgMOTE3MDUwMDQ3MTU5FQIAEhggQUMwRjVEQkEzRjM4NjM2RTgzMDVDQzdFQjBBQTA1OTAA,9431bdc0-7a42-4f5e-a86a-fc2b174f08bf,6c77c2c8-de8c-477c-b5e3-cdab13a925c6,f2743829-9058-4a1e-aaf0-1a536e6508b9
c268b2d0-8c77-412c-9546-97f601ba0751,≡ƒÆ╗ Enquire Now,INCOMING,2026-06-27 17:46:31,wamid.HBgMOTE3MDUwMDQ3MTU5FQIAEhggQUNBQjBENUYwRTdBRDg5NUYyQzUwNjE2QjY3MkI0NEIA,9431bdc0-7a42-4f5e-a86a-fc2b174f08bf,6c77c2c8-de8c-477c-b5e3-cdab13a925c6,f2743829-9058-4a1e-aaf0-1a536e6508b9
fa23161d-5c5f-4ea3-a9c3-3c20aa9997de,Him,INCOMING,2026-06-27 17:46:35,wamid.HBgMOTE3MDUwMDQ3MTU5FQIAEhggQUMwNUZFQzBBRTI4NDhDN0YwMkNENDBERUI5QzRFMzkA,9431bdc0-7a42-4f5e-a86a-fc2b174f08bf,6c77c2c8-de8c-477c-b5e3-cdab13a925c6,f2743829-9058-4a1e-aaf0-1a536e6508b9
ea8e7bbb-145b-4070-9e18-50b962fd13c0,Hkbharti77@gmail.com,INCOMING,2026-06-27 17:46:38,wamid.HBgMOTE3MDUwMDQ3MTU5FQIAEhggQUM4RDRFNDgwOTJBRDJFRjBCRjkxOURGOTAzMzg5MTMA,9431bdc0-7a42-4f5e-a86a-fc2b174f08bf,6c77c2c8-de8c-477c-b5e3-cdab13a925c6,f2743829-9058-4a1e-aaf0-1a536e6508b9
365dfe81-f344-4e75-acf3-b1b6f132d27a,70500 47159,INCOMING,2026-06-27 17:46:41,wamid.HBgMOTE3MDUwMDQ3MTU5FQIAEhggQUNEMDM1MTU5MkMxOTFGRUY2Qjg2NzA5OUZDMDdCQTkA,9431bdc0-7a42-4f5e-a86a-fc2b174f08bf,6c77c2c8-de8c-477c-b5e3-cdab13a925c6,f2743829-9058-4a1e-aaf0-1a536e6508b9
08d666fa-9b59-4db6-8fe0-919328153c6e,Hkbharti77@gmail.com,INCOMING,2026-06-27 17:46:50,wamid.HBgMOTE3MDUwMDQ3MTU5FQIAEhggQUNBQkJEMjBDRjAzQjVCQTU3MjZDMDc1OUMzNzU3MjgA,9431bdc0-7a42-4f5e-a86a-fc2b174f08bf,6c77c2c8-de8c-477c-b5e3-cdab13a925c6,f2743829-9058-4a1e-aaf0-1a536e6508b9
59664788-5fb9-446d-8936-b722d7374841,Consultation,INCOMING,2026-06-27 17:46:56,wamid.HBgMOTE3MDUwMDQ3MTU5FQIAEhggQUNBNkY5Njg1MjY2MkUxQTU5MzVCM0FBOUJCMjJGMkYA,9431bdc0-7a42-4f5e-a86a-fc2b174f08bf,6c77c2c8-de8c-477c-b5e3-cdab13a925c6,f2743829-9058-4a1e-aaf0-1a536e6508b9
baf6271f-abcf-4dd7-a162-0ca1d7eee461,Yyvv. Ghh,INCOMING,2026-06-27 17:47:03,wamid.HBgMOTE3MDUwMDQ3MTU5FQIAEhggQUNFMDZEMDk3RjFDRTNDMDdBMTU5NkRGOEQ4QzM4RkUA,9431bdc0-7a42-4f5e-a86a-fc2b174f08bf,6c77c2c8-de8c-477c-b5e3-cdab13a925c6,f2743829-9058-4a1e-aaf0-1a536e6508b9
23bf2878-c561-4734-bb55-02cb854ef4e2,Hi,INCOMING,2026-06-27 17:52:48,wamid.HBgMOTE3MDUwMDQ3MTU5FQIAEhggQUM5NTE1OUE0QjAzMUE2NEQ3NzM2OTAwMzkzQzQwNjUA,9431bdc0-7a42-4f5e-a86a-fc2b174f08bf,6c77c2c8-de8c-477c-b5e3-cdab13a925c6,f2743829-9058-4a1e-aaf0-1a536e6508b9
0e2f327f-06bb-4ff1-87dd-38dd6f2230a9,"≡ƒæï Welcome back, HIMANSHU!

Thank you for connecting with Gyan VaniAI again. How can I assist you today?

Please select an option from the menu below.

Options: ≡ƒÆ╗ Book Appointment, ≡ƒÆ╗ Enquire Now, ≡ƒñû AI Solutions, ≡ƒÆ¼ WhatsApp Automation, ≡ƒîÉ Website Chat Widget, ≡ƒôé About & Contact, ≡ƒåÿ Human Support, ≡ƒÄ½ Get Support",OUTGOING,2026-06-27 17:52:55.588334,wamid.HBgMOTE3MDUwMDQ3MTU5FQIAERgSNEE3RUIyNDQxNzhGQTg2QUY4AA==,9431bdc0-7a42-4f5e-a86a-fc2b174f08bf,6c77c2c8-de8c-477c-b5e3-cdab13a925c6,f2743829-9058-4a1e-aaf0-1a536e6508b9
e22971b8-888e-4f64-91f2-ce0b0c091708,≡ƒÆ╗ Enquire Now,INCOMING,2026-06-27 17:53:01,wamid.HBgMOTE3MDUwMDQ3MTU5FQIAEhggQUM2MDA2NDg1NjA5RTI0NDcwRjYzNTA3MjJDMTU4OTIA,9431bdc0-7a42-4f5e-a86a-fc2b174f08bf,6c77c2c8-de8c-477c-b5e3-cdab13a925c6,f2743829-9058-4a1e-aaf0-1a536e6508b9
e9a25667-91c3-4b32-a124-998939e6d4f6,≡ƒæï What is your full name?,OUTGOING,2026-06-27 17:53:02.52377,wamid.HBgMOTE3MDUwMDQ3MTU5FQIAERgSMEM2Mjk1MEY2QjA1OENCMzIwAA==,9431bdc0-7a42-4f5e-a86a-fc2b174f08bf,6c77c2c8-de8c-477c-b5e3-cdab13a925c6,f2743829-9058-4a1e-aaf0-1a536e6508b9
1262aaff-1132-4194-9da1-6dd099b3d3e8,Himanshu,INCOMING,2026-06-27 17:53:05,wamid.HBgMOTE3MDUwMDQ3MTU5FQIAEhggQUM2MDdBOEUwMkVDQjk4RkVDQzU4MzNFNkQ5NUIxOTIA,9431bdc0-7a42-4f5e-a86a-fc2b174f08bf,6c77c2c8-de8c-477c-b5e3-cdab13a925c6,f2743829-9058-4a1e-aaf0-1a536e6508b9
c5d26157-02b5-4e2b-939d-f8a8e80c9c7d,≡ƒô▒ Please provide your contact number:,OUTGOING,2026-06-27 17:53:06.528909,wamid.HBgMOTE3MDUwMDQ3MTU5FQIAERgSRjA5RDEzQUQ1ODc2MUQ3QUU2AA==,9431bdc0-7a42-4f5e-a86a-fc2b174f08bf,6c77c2c8-de8c-477c-b5e3-cdab13a925c6,f2743829-9058-4a1e-aaf0-1a536e6508b9
ea6508ba-5be3-4dbc-92f8-a568bd19553f,70500 47159,INCOMING,2026-06-27 17:53:11,wamid.HBgMOTE3MDUwMDQ3MTU5FQIAEhggQUM3OTJCQjc4QTZDMDhFNkIxNzkxNEQzNzI3NUU5MjIA,9431bdc0-7a42-4f5e-a86a-fc2b174f08bf,6c77c2c8-de8c-477c-b5e3-cdab13a925c6,f2743829-9058-4a1e-aaf0-1a536e6508b9
64a677a9-de87-48ad-bb09-57a29613ff34,≡ƒô⌐ What is your email address?,OUTGOING,2026-06-27 17:53:12.76886,wamid.HBgMOTE3MDUwMDQ3MTU5FQIAERgSRkJFREQ5RjI0ODI3NkU5MTAwAA==,9431bdc0-7a42-4f5e-a86a-fc2b174f08bf,6c77c2c8-de8c-477c-b5e3-cdab13a925c6,f2743829-9058-4a1e-aaf0-1a536e6508b9
ac8bedd5-8ced-4747-8171-ba5bfcdb5a9e,Hkbharti77@gmail.com,INCOMING,2026-06-27 17:53:20,wamid.HBgMOTE3MDUwMDQ3MTU5FQIAEhggQUMyQjQ3MjQ4NkQyNkQ2RUUyQjgwQTM2QjNCNDA1N0UA,9431bdc0-7a42-4f5e-a86a-fc2b174f08bf,6c77c2c8-de8c-477c-b5e3-cdab13a925c6,f2743829-9058-4a1e-aaf0-1a536e6508b9
2ac78e03-4d26-42f0-aebb-2e4546a69b76,"≡ƒôï Which service category are you interested in?

Options: Consultation, Installation/Setup, Repair/Maintenance, Other",OUTGOING,2026-06-27 17:53:22.705099,wamid.HBgMOTE3MDUwMDQ3MTU5FQIAERgSMERGMDBDNkQ0RDlCMUI3RTFBAA==,9431bdc0-7a42-4f5e-a86a-fc2b174f08bf,6c77c2c8-de8c-477c-b5e3-cdab13a925c6,f2743829-9058-4a1e-aaf0-1a536e6508b9
961b7b49-5cf6-4dbe-bca7-d1a849172ce3,Consultation,INCOMING,2026-06-27 17:53:28,wamid.HBgMOTE3MDUwMDQ3MTU5FQIAEhggQUM0QzU0NEI1OTExMjU3QjI1MjgzNURGNEJDQTY2MjAA,9431bdc0-7a42-4f5e-a86a-fc2b174f08bf,6c77c2c8-de8c-477c-b5e3-cdab13a925c6,f2743829-9058-4a1e-aaf0-1a536e6508b9
d455617e-9499-4f7c-93bd-de6f52518db2,≡ƒô¥ Please describe your specific requirement in detail:,OUTGOING,2026-06-27 17:53:29.251237,wamid.HBgMOTE3MDUwMDQ3MTU5FQIAERgSM0Q1NTI4QUQwMjg5REVEQzU4AA==,9431bdc0-7a42-4f5e-a86a-fc2b174f08bf,6c77c2c8-de8c-477c-b5e3-cdab13a925c6,f2743829-9058-4a1e-aaf0-1a536e6508b9
e4165da4-c1e7-40ee-92c7-a123a2df2881,Testing Testing Testing,INCOMING,2026-06-27 17:53:38,wamid.HBgMOTE3MDUwMDQ3MTU5FQIAEhggQUM1QzFBQ0VFQTA1Qjg5RkM5QThERjJBQjVCQTdGOEUA,9431bdc0-7a42-4f5e-a86a-fc2b174f08bf,6c77c2c8-de8c-477c-b5e3-cdab13a925c6,f2743829-9058-4a1e-aaf0-1a536e6508b9
9af73733-6b63-42fa-991a-3555ccacd64b,"≡ƒñ¥ *Thank you, Himanshu!*

We've noted your interest in *General Enquiry*.
Your reference number is: *GYANF2-L260627-0006*

Our expert will contact you within 24 hours with the best options for you.",OUTGOING,2026-06-27 17:53:46.519262,wamid.HBgMOTE3MDUwMDQ3MTU5FQIAERgSNkNGNDQ2QTMwQjg1RDc5N0M2AA==,9431bdc0-7a42-4f5e-a86a-fc2b174f08bf,6c77c2c8-de8c-477c-b5e3-cdab13a925c6,f2743829-9058-4a1e-aaf0-1a536e6508b9
70bed039-968f-4267-a52a-f66ace99d5ae,≡ƒÆ╗ Enquire Now,INCOMING,2026-06-27 17:58:41,wamid.HBgMOTE3MDUwMDQ3MTU5FQIAEhggQUMzNEZDNTIzNkVCNUJENTQ1NDgwNTc1QzhFNzFFQUEA,9431bdc0-7a42-4f5e-a86a-fc2b174f08bf,6c77c2c8-de8c-477c-b5e3-cdab13a925c6,f2743829-9058-4a1e-aaf0-1a536e6508b9
3f3bf422-0530-47e0-ad22-325a0d6c9266,≡ƒæï What is your full name?,OUTGOING,2026-06-27 17:58:45.135167,wamid.HBgMOTE3MDUwMDQ3MTU5FQIAERgSMkE4RjIxRjM0ODYzMjdDNUU0AA==,9431bdc0-7a42-4f5e-a86a-fc2b174f08bf,6c77c2c8-de8c-477c-b5e3-cdab13a925c6,f2743829-9058-4a1e-aaf0-1a536e6508b9
b5cbe4ae-688f-44a1-a519-3973665addee,Himanshu,INCOMING,2026-06-27 17:58:47,wamid.HBgMOTE3MDUwMDQ3MTU5FQIAEhggQUNGMkIyMUExRkU5NEY5NkVBREUzOUUwODA1MzVEM0IA,9431bdc0-7a42-4f5e-a86a-fc2b174f08bf,6c77c2c8-de8c-477c-b5e3-cdab13a925c6,f2743829-9058-4a1e-aaf0-1a536e6508b9
753a438c-c831-4601-ad2d-6184870696fd,≡ƒô▒ Please provide your contact number:,OUTGOING,2026-06-27 17:58:48.433867,wamid.HBgMOTE3MDUwMDQ3MTU5FQIAERgSQTIxNzVGRTIwNjMxQ0M4QUZEAA==,9431bdc0-7a42-4f5e-a86a-fc2b174f08bf,6c77c2c8-de8c-477c-b5e3-cdab13a925c6,f2743829-9058-4a1e-aaf0-1a536e6508b9
f89bed99-21e9-4006-b325-7e85a26be052,70500 47159,INCOMING,2026-06-27 17:58:50,wamid.HBgMOTE3MDUwMDQ3MTU5FQIAEhggQUMyODVEN0U0QURBN0VDRkI1NDBBRjAyODEyRjRFMjMA,9431bdc0-7a42-4f5e-a86a-fc2b174f08bf,6c77c2c8-de8c-477c-b5e3-cdab13a925c6,f2743829-9058-4a1e-aaf0-1a536e6508b9
25fbe8ee-549c-4e82-ae98-393525fa1639,≡ƒô⌐ What is your email address?,OUTGOING,2026-06-27 17:58:51.009778,wamid.HBgMOTE3MDUwMDQ3MTU5FQIAERgSMTkzM0E5Q0VCQzk5QzVFRDQ4AA==,9431bdc0-7a42-4f5e-a86a-fc2b174f08bf,6c77c2c8-de8c-477c-b5e3-cdab13a925c6,f2743829-9058-4a1e-aaf0-1a536e6508b9
4577c87e-d98f-4682-8093-a3deafd156ab,Hkbharti77@gmail.com,INCOMING,2026-06-27 17:58:53,wamid.HBgMOTE3MDUwMDQ3MTU5FQIAEhggQUNBNzREQUQxMzg1MUM1OTMzNkJEMUE3OTI1N0YzQTEA,9431bdc0-7a42-4f5e-a86a-fc2b174f08bf,6c77c2c8-de8c-477c-b5e3-cdab13a925c6,f2743829-9058-4a1e-aaf0-1a536e6508b9
05e7990e-4d4e-4ae5-b694-26bb418f71a5,"≡ƒôï Which service category are you interested in?

Options: Consultation, Installation/Setup, Repair/Maintenance, Other",OUTGOING,2026-06-27 17:58:54.268848,wamid.HBgMOTE3MDUwMDQ3MTU5FQIAERgSQkEwNjM1NUE1QUIwNjc2RTQ3AA==,9431bdc0-7a42-4f5e-a86a-fc2b174f08bf,6c77c2c8-de8c-477c-b5e3-cdab13a925c6,f2743829-9058-4a1e-aaf0-1a536e6508b9
44a89cc0-abc0-4ab5-b9e1-660890b2e6cb,Installation/Setup,INCOMING,2026-06-27 17:58:59,wamid.HBgMOTE3MDUwMDQ3MTU5FQIAEhggQUM4MDg3MDE4QTlGOUZDQzlBOUZGRjAzQTc4RTczQzYA,9431bdc0-7a42-4f5e-a86a-fc2b174f08bf,6c77c2c8-de8c-477c-b5e3-cdab13a925c6,f2743829-9058-4a1e-aaf0-1a536e6508b9
07aa2c5a-5ead-452e-b6ac-11439f1db528,≡ƒô¥ Please describe your specific requirement in detail:,OUTGOING,2026-06-27 17:59:00.78817,wamid.HBgMOTE3MDUwMDQ3MTU5FQIAERgSMTI4REQyOEJDNDBENUQ3NjUzAA==,9431bdc0-7a42-4f5e-a86a-fc2b174f08bf,6c77c2c8-de8c-477c-b5e3-cdab13a925c6,f2743829-9058-4a1e-aaf0-1a536e6508b9
5cd3da69-f60f-4986-bc99-cfb5ed12a728,"≡ƒñ¥ *Thank you, Himanshu!*

We've noted your interest in *General Enquiry*.
Your reference number is: *GYANF2-L260627-0007*

Our expert will contact you within 24 hours with the best options for you.",OUTGOING,2026-06-27 17:59:14.236682,wamid.HBgMOTE3MDUwMDQ3MTU5FQIAERgSODI0QjJDNEUxMEM5RUEyNTQ3AA==,9431bdc0-7a42-4f5e-a86a-fc2b174f08bf,6c77c2c8-de8c-477c-b5e3-cdab13a925c6,f2743829-9058-4a1e-aaf0-1a536e6508b9
f0c41b90-712a-4c9a-b554-7ba57bedc96e,Treat me,INCOMING,2026-06-27 17:59:06,wamid.HBgMOTE3MDUwMDQ3MTU5FQIAEhggQUNCNEI4MkQzNEI4OEEzQ0JDN0YzRkJDQ0VGOTI2OTEA,9431bdc0-7a42-4f5e-a86a-fc2b174f08bf,6c77c2c8-de8c-477c-b5e3-cdab13a925c6,f2743829-9058-4a1e-aaf0-1a536e6508b9
74cf4f56-e181-4b6a-8e1a-c53646e51cbf,Hi,INCOMING,2026-06-27 18:14:50,wamid.HBgMOTE3MDUwMDQ3MTU5FQIAEhggQUM0NkFBMDlFMDZDRUExRjBCOTk2MUQyQjlDM0JCQTQA,9431bdc0-7a42-4f5e-a86a-fc2b174f08bf,6c77c2c8-de8c-477c-b5e3-cdab13a925c6,f2743829-9058-4a1e-aaf0-1a536e6508b9
d6653215-fcdb-44d7-bbf3-70b4edf0b090,"≡ƒæï Welcome back, HIMANSHU!

Thank you for connecting with Gyan VaniAI again. How can I assist you today?

Please select an option from the menu below.

Options: ≡ƒÆ╗ Enquire Now, ≡ƒñû AI Solutions, ≡ƒÆ¼ WhatsApp Automation, ≡ƒîÉ Website Chat Widget, ≡ƒôé About & Contact, ≡ƒåÿ Human Support, ≡ƒÄ½ Get Support",OUTGOING,2026-06-27 18:14:57.842891,wamid.HBgMOTE3MDUwMDQ3MTU5FQIAERgSQTY5MkUxMjFFMjZDQjFGRjUwAA==,9431bdc0-7a42-4f5e-a86a-fc2b174f08bf,6c77c2c8-de8c-477c-b5e3-cdab13a925c6,f2743829-9058-4a1e-aaf0-1a536e6508b9
90246a38-b0e6-416c-bdda-ca70946938b3,≡ƒÆ╗ Enquire Now,INCOMING,2026-06-27 18:15:18,wamid.HBgMOTE3MDUwMDQ3MTU5FQIAEhggQUM4QjhDRjM4NzYxRkIwNzA2M0UyM0I4MEJCMUIyRjkA,9431bdc0-7a42-4f5e-a86a-fc2b174f08bf,6c77c2c8-de8c-477c-b5e3-cdab13a925c6,f2743829-9058-4a1e-aaf0-1a536e6508b9
b064328f-cd89-4df0-b82a-725cb361000e,≡ƒæï What is your full name?,OUTGOING,2026-06-27 18:15:20.586842,wamid.HBgMOTE3MDUwMDQ3MTU5FQIAERgSQTM2RkZBRTVDNTk0MkQzMThDAA==,9431bdc0-7a42-4f5e-a86a-fc2b174f08bf,6c77c2c8-de8c-477c-b5e3-cdab13a925c6,f2743829-9058-4a1e-aaf0-1a536e6508b9
1cd8a14b-5478-4693-872c-d85d1c021d30,Him,INCOMING,2026-06-27 18:15:24,wamid.HBgMOTE3MDUwMDQ3MTU5FQIAEhggQUMzQ0I2N0Y0MTU1QzJCRTAyQkQ2NkNGN0EzQzVDRDEA,9431bdc0-7a42-4f5e-a86a-fc2b174f08bf,6c77c2c8-de8c-477c-b5e3-cdab13a925c6,f2743829-9058-4a1e-aaf0-1a536e6508b9
8f2ab8e3-bc81-4417-92b9-02af43980301,≡ƒô▒ Please provide your contact number:,OUTGOING,2026-06-27 18:15:25.632879,wamid.HBgMOTE3MDUwMDQ3MTU5FQIAERgSNTQxQUQ0QjZCMUIzRUREN0UxAA==,9431bdc0-7a42-4f5e-a86a-fc2b174f08bf,6c77c2c8-de8c-477c-b5e3-cdab13a925c6,f2743829-9058-4a1e-aaf0-1a536e6508b9
dde38a6f-487a-4db5-871a-b05df8e0e3c9,70500 47159,INCOMING,2026-06-27 18:15:27,wamid.HBgMOTE3MDUwMDQ3MTU5FQIAEhggQUM2NTBFNTkwNDhENzA1MUVBOUU2NDI0Q0JBQTY1N0MA,9431bdc0-7a42-4f5e-a86a-fc2b174f08bf,6c77c2c8-de8c-477c-b5e3-cdab13a925c6,f2743829-9058-4a1e-aaf0-1a536e6508b9
0dd6e588-840e-4e49-852e-13888bd93026,≡ƒô⌐ What is your email address?,OUTGOING,2026-06-27 18:15:29.319536,wamid.HBgMOTE3MDUwMDQ3MTU5FQIAERgSQjNFMUYwODg0MzI2OUMxRjM2AA==,9431bdc0-7a42-4f5e-a86a-fc2b174f08bf,6c77c2c8-de8c-477c-b5e3-cdab13a925c6,f2743829-9058-4a1e-aaf0-1a536e6508b9
5686f74b-d6d0-49c4-bbf9-734929334eb2,Hkbharti77@gmail.com,INCOMING,2026-06-27 18:15:29,wamid.HBgMOTE3MDUwMDQ3MTU5FQIAEhggQUNGNTk0NzQ2RjUzRTA1RUE2Nzc5OTI1N0M4NzZBNDYA,9431bdc0-7a42-4f5e-a86a-fc2b174f08bf,6c77c2c8-de8c-477c-b5e3-cdab13a925c6,f2743829-9058-4a1e-aaf0-1a536e6508b9
f978641b-6701-4a2b-abf0-f94905ecde29,"≡ƒôï Which service category are you interested in?

Options: Consultation, Installation/Setup, Repair/Maintenance, Other",OUTGOING,2026-06-27 18:15:30.743876,wamid.HBgMOTE3MDUwMDQ3MTU5FQIAERgSMTZBMDlEQjEwNUYxODY2MjI2AA==,9431bdc0-7a42-4f5e-a86a-fc2b174f08bf,6c77c2c8-de8c-477c-b5e3-cdab13a925c6,f2743829-9058-4a1e-aaf0-1a536e6508b9
1ef9ae5e-a2b7-45e5-9f29-6132ea27146f,Installation/Setup,INCOMING,2026-06-27 18:15:35,wamid.HBgMOTE3MDUwMDQ3MTU5FQIAEhggQUNBQUY5QTYxNjM5NzREQzY4Qzk3QkEwQUQ0MTI4NTkA,9431bdc0-7a42-4f5e-a86a-fc2b174f08bf,6c77c2c8-de8c-477c-b5e3-cdab13a925c6,f2743829-9058-4a1e-aaf0-1a536e6508b9
efffcf95-f655-4239-b1aa-3f15710dc974,≡ƒô¥ Please describe your specific requirement in detail:,OUTGOING,2026-06-27 18:15:37.021729,wamid.HBgMOTE3MDUwMDQ3MTU5FQIAERgSMzVDNjQzMURDNjVEOEMxMTFDAA==,9431bdc0-7a42-4f5e-a86a-fc2b174f08bf,6c77c2c8-de8c-477c-b5e3-cdab13a925c6,f2743829-9058-4a1e-aaf0-1a536e6508b9
0ab3aea9-e95b-422f-b079-0604f673d70b,Yes please,INCOMING,2026-06-27 18:15:44,wamid.HBgMOTE3MDUwMDQ3MTU5FQIAEhggQUNGQkQ4NEM2NjAzNjFFQkUxQTY2QjlDQzdGQTdFMzgA,9431bdc0-7a42-4f5e-a86a-fc2b174f08bf,6c77c2c8-de8c-477c-b5e3-cdab13a925c6,f2743829-9058-4a1e-aaf0-1a536e6508b9
f7f19730-fe68-4628-b44c-61f3d4f2646a,"≡ƒñ¥ *Thank you, Him!*

We've noted your interest in *General Enquiry*.
Your reference number is: *GYANF2-L260627-0008*

Our expert will contact you within 24 hours with the best options for you.",OUTGOING,2026-06-27 18:15:53.769941,wamid.HBgMOTE3MDUwMDQ3MTU5FQIAERgSRjlEQTJCOUJCMTExRkZBNzA2AA==,9431bdc0-7a42-4f5e-a86a-fc2b174f08bf,6c77c2c8-de8c-477c-b5e3-cdab13a925c6,f2743829-9058-4a1e-aaf0-1a536e6508b9
2a921eab-70c0-4789-9c2d-d1fd214799aa,Website Chat AI,INCOMING,2026-06-27 18:16:31,wamid.HBgMOTE3MDUwMDQ3MTU5FQIAEhggQUNDNDI1NzVEOTVFQjVGNEJFMkU1RDRBQUIzMEI4MDMA,9431bdc0-7a42-4f5e-a86a-fc2b174f08bf,6c77c2c8-de8c-477c-b5e3-cdab13a925c6,f2743829-9058-4a1e-aaf0-1a536e6508b9
c18daa64-5911-4122-99d6-fce783ad8b7c,"≡ƒîÉ Website Chat AI

ΓÇó Website Integration
ΓÇó Lead Generation
ΓÇó FAQ Automation
ΓÇó Real-time Visitor Support

Starting from Γé╣7,999.

Would you like a demo?",OUTGOING,2026-06-27 18:16:33.192025,wamid.HBgMOTE3MDUwMDQ3MTU5FQIAERgSQjJBMEE4RkU5OTQ3RDNBNzk0AA==,9431bdc0-7a42-4f5e-a86a-fc2b174f08bf,6c77c2c8-de8c-477c-b5e3-cdab13a925c6,f2743829-9058-4a1e-aaf0-1a536e6508b9
174b8928-d35b-4aa2-b3ad-3de049a9fd88,Enquire Now,INCOMING,2026-06-27 18:27:41,wamid.HBgMOTE3MDUwMDQ3MTU5FQIAEhggQUMxNjkyNTQwN0RDQkJENDRBNkZDM0YwMjk5MkQ1MEEA,9431bdc0-7a42-4f5e-a86a-fc2b174f08bf,6c77c2c8-de8c-477c-b5e3-cdab13a925c6,f2743829-9058-4a1e-aaf0-1a536e6508b9
65ac0e4f-4f76-4516-9069-5c4b5c5c0383,≡ƒæï What is your full name?,OUTGOING,2026-06-27 18:27:44.47238,wamid.HBgMOTE3MDUwMDQ3MTU5FQIAERgSOUEyQjAyNERBMDBENDVFQ0U0AA==,9431bdc0-7a42-4f5e-a86a-fc2b174f08bf,6c77c2c8-de8c-477c-b5e3-cdab13a925c6,f2743829-9058-4a1e-aaf0-1a536e6508b9
8474b530-541b-49a1-8112-3f0d988088c2,Himanshu,INCOMING,2026-06-27 18:27:47,wamid.HBgMOTE3MDUwMDQ3MTU5FQIAEhggQUMyODFERkYzQzBFM0NDQjI1MTQzNThCNTA1MTY0MjQA,9431bdc0-7a42-4f5e-a86a-fc2b174f08bf,6c77c2c8-de8c-477c-b5e3-cdab13a925c6,f2743829-9058-4a1e-aaf0-1a536e6508b9
c98f5c56-e1c6-4898-b66f-34fd8c95db3e,≡ƒô▒ Please provide your contact number:,OUTGOING,2026-06-27 18:27:48.829995,wamid.HBgMOTE3MDUwMDQ3MTU5FQIAERgSMjZCQTlDMDU3NkM2M0U1RDFCAA==,9431bdc0-7a42-4f5e-a86a-fc2b174f08bf,6c77c2c8-de8c-477c-b5e3-cdab13a925c6,f2743829-9058-4a1e-aaf0-1a536e6508b9
65fc5833-e072-4073-887d-3b13fa0b15eb,70500 47159,INCOMING,2026-06-27 18:27:50,wamid.HBgMOTE3MDUwMDQ3MTU5FQIAEhggQUNERDZBREVEMEFGMzBFNzU5Q0VFQTQzQkE0QUI3MjkA,9431bdc0-7a42-4f5e-a86a-fc2b174f08bf,6c77c2c8-de8c-477c-b5e3-cdab13a925c6,f2743829-9058-4a1e-aaf0-1a536e6508b9
e554c09e-14f7-491c-9105-67128680c52a,≡ƒô⌐ What is your email address?,OUTGOING,2026-06-27 18:27:51.496524,wamid.HBgMOTE3MDUwMDQ3MTU5FQIAERgSOTM2RUMyMDJEQjgxRUVDQUM0AA==,9431bdc0-7a42-4f5e-a86a-fc2b174f08bf,6c77c2c8-de8c-477c-b5e3-cdab13a925c6,f2743829-9058-4a1e-aaf0-1a536e6508b9
7b10c99b-97fd-440b-aa84-575e25c276ec,Hkbharti77@gmail.com,INCOMING,2026-06-27 18:27:54,wamid.HBgMOTE3MDUwMDQ3MTU5FQIAEhggQUMzMjdBRjMxQ0VGNDdBNzQ1RUMzNjZFQjg0NDM5MUUA,9431bdc0-7a42-4f5e-a86a-fc2b174f08bf,6c77c2c8-de8c-477c-b5e3-cdab13a925c6,f2743829-9058-4a1e-aaf0-1a536e6508b9
8467fda8-c610-4087-b237-480466624135,"≡ƒôï Which service category are you interested in?

Options: Consultation, Installation/Setup, Repair/Maintenance, Other",OUTGOING,2026-06-27 18:27:55.588969,wamid.HBgMOTE3MDUwMDQ3MTU5FQIAERgSMzZCMjMyMkU0MzI0ODZEOEFCAA==,9431bdc0-7a42-4f5e-a86a-fc2b174f08bf,6c77c2c8-de8c-477c-b5e3-cdab13a925c6,f2743829-9058-4a1e-aaf0-1a536e6508b9
c2aa51c5-d7be-4847-b143-4e81fedfbb2b,Installation/Setup,INCOMING,2026-06-27 18:28:00,wamid.HBgMOTE3MDUwMDQ3MTU5FQIAEhggQUNDN0U1NzIyMkRERDVBMjU1MjRDNUVFNzcyMDBFNEQA,9431bdc0-7a42-4f5e-a86a-fc2b174f08bf,6c77c2c8-de8c-477c-b5e3-cdab13a925c6,f2743829-9058-4a1e-aaf0-1a536e6508b9
d75e78bb-5aeb-4acc-aed2-ad5dc169769f,≡ƒô¥ Please describe your specific requirement in detail:,OUTGOING,2026-06-27 18:28:01.631108,wamid.HBgMOTE3MDUwMDQ3MTU5FQIAERgSNDkwNzk4OUJFRjE4QTIzQjI4AA==,9431bdc0-7a42-4f5e-a86a-fc2b174f08bf,6c77c2c8-de8c-477c-b5e3-cdab13a925c6,f2743829-9058-4a1e-aaf0-1a536e6508b9
b81bb93d-b87f-4110-bb64-04d452a250cc,Testing Testing,INCOMING,2026-06-27 18:28:06,wamid.HBgMOTE3MDUwMDQ3MTU5FQIAEhggQUM2NTJBRDkwRjgyNkRDREM5Qjc5Nzc2NzUxNDQ2MDIA,9431bdc0-7a42-4f5e-a86a-fc2b174f08bf,6c77c2c8-de8c-477c-b5e3-cdab13a925c6,f2743829-9058-4a1e-aaf0-1a536e6508b9
c767ad92-3872-4b01-b4e4-fedc38ac0f84,"≡ƒñ¥ *Thank you, Himanshu!*

We've noted your interest in *General Enquiry*.
Your reference number is: *GYANF2-L260627-0009*

Our expert will contact you within 24 hours with the best options for you.",OUTGOING,2026-06-27 18:28:14.635687,wamid.HBgMOTE3MDUwMDQ3MTU5FQIAERgSRTA4MTI3RkMwRDVERTg4N0IyAA==,9431bdc0-7a42-4f5e-a86a-fc2b174f08bf,6c77c2c8-de8c-477c-b5e3-cdab13a925c6,f2743829-9058-4a1e-aaf0-1a536e6508b9
982e8fcc-f294-45c1-aca4-fa5186f48f03,Hi,INCOMING,2026-06-27 22:07:49,wamid.HBgMOTE3MDUwMDQ3MTU5FQIAEhggQUNBNkFGNTA5QTMzRTk1MkY2QkNEQTRBQUZEMzUzOUMA,9431bdc0-7a42-4f5e-a86a-fc2b174f08bf,6c77c2c8-de8c-477c-b5e3-cdab13a925c6,f2743829-9058-4a1e-aaf0-1a536e6508b9
ef7138b1-5fb6-4642-af74-a5abf3b9c2cf,"≡ƒæï Welcome back, HIMANSHU!

Thank you for connecting with Gyan VaniAI again. How can I assist you today?

Please select an option from the menu below.

Options: ≡ƒÆ╗ Enquire Now, ≡ƒñû AI Solutions, ≡ƒÆ¼ WhatsApp Automation, ≡ƒîÉ Website Chat Widget, ≡ƒôé About & Contact, ≡ƒåÿ Human Support, ≡ƒÄ½ Get Support",OUTGOING,2026-06-27 22:07:54.320382,wamid.HBgMOTE3MDUwMDQ3MTU5FQIAERgSNzVBNTU3Nzg1QTVFNTI4MUY5AA==,9431bdc0-7a42-4f5e-a86a-fc2b174f08bf,6c77c2c8-de8c-477c-b5e3-cdab13a925c6,f2743829-9058-4a1e-aaf0-1a536e6508b9
0341266c-b893-47bc-861e-653e2b44635c,≡ƒÆ╗ Enquire Now,INCOMING,2026-06-27 22:08:03,wamid.HBgMOTE3MDUwMDQ3MTU5FQIAEhggQUNCOTRDOEI0RkQxN0EwOUEyQTEzRUY3Rjk3OEM1QTcA,9431bdc0-7a42-4f5e-a86a-fc2b174f08bf,6c77c2c8-de8c-477c-b5e3-cdab13a925c6,f2743829-9058-4a1e-aaf0-1a536e6508b9
b5f7d75f-11cb-4865-8461-2b5a3b37eace,≡ƒæï What is your full name?,OUTGOING,2026-06-27 22:08:04.479903,wamid.HBgMOTE3MDUwMDQ3MTU5FQIAERgSNDZDODk3MEQxOTVCOUM2QUZCAA==,9431bdc0-7a42-4f5e-a86a-fc2b174f08bf,6c77c2c8-de8c-477c-b5e3-cdab13a925c6,f2743829-9058-4a1e-aaf0-1a536e6508b9
a2e6456d-2e77-4576-8531-f407195a81fd,Himanshu,INCOMING,2026-06-27 22:08:12,wamid.HBgMOTE3MDUwMDQ3MTU5FQIAEhggQUMxNkZDMjAyQzZCRkQyRDFCRTNERjQ4MDMzMzZENDgA,9431bdc0-7a42-4f5e-a86a-fc2b174f08bf,6c77c2c8-de8c-477c-b5e3-cdab13a925c6,f2743829-9058-4a1e-aaf0-1a536e6508b9
d89be0a3-d8a7-4fb9-a485-0e9756551582,70500 47159,INCOMING,2026-06-27 22:08:16,wamid.HBgMOTE3MDUwMDQ3MTU5FQIAEhggQUMwRDUyQjhBODA2QzEzNEJBNUYzMEM3MkIxMDNBRkMA,9431bdc0-7a42-4f5e-a86a-fc2b174f08bf,6c77c2c8-de8c-477c-b5e3-cdab13a925c6,f2743829-9058-4a1e-aaf0-1a536e6508b9
9f1483cd-6bc6-4a58-9113-1f7f7b3b41f8,Himanshu.bharti@mobiloitte.com,INCOMING,2026-06-27 22:08:23,wamid.HBgMOTE3MDUwMDQ3MTU5FQIAEhggQUMzMTAxQjZFNzUwQ0ZFNjVFMjQyOTE5QTVERUQ3QTkA,9431bdc0-7a42-4f5e-a86a-fc2b174f08bf,6c77c2c8-de8c-477c-b5e3-cdab13a925c6,f2743829-9058-4a1e-aaf0-1a536e6508b9
6f796b6e-4b9d-4803-8fc8-343018ad654f,Consultation,INCOMING,2026-06-27 22:08:30,wamid.HBgMOTE3MDUwMDQ3MTU5FQIAEhggQUM3NDlEODMzMTJENzc0OUUzMzUyNjY2NkM0REM5OTkA,9431bdc0-7a42-4f5e-a86a-fc2b174f08bf,6c77c2c8-de8c-477c-b5e3-cdab13a925c6,f2743829-9058-4a1e-aaf0-1a536e6508b9
288482f3-10ee-47fa-bd22-cb5640dad37b,Testing,INCOMING,2026-06-27 22:08:40,wamid.HBgMOTE3MDUwMDQ3MTU5FQIAEhggQUNBNTIwMzczNjNENTUyNTM1NjAxRTQ1NDc0M0JFMkYA,9431bdc0-7a42-4f5e-a86a-fc2b174f08bf,6c77c2c8-de8c-477c-b5e3-cdab13a925c6,f2743829-9058-4a1e-aaf0-1a536e6508b9
2da4eca4-2b26-4dde-8d27-72106156d21d,≡ƒô▒ Please provide your contact number:,OUTGOING,2026-06-27 22:08:14.203215,wamid.HBgMOTE3MDUwMDQ3MTU5FQIAERgSQzVFNzA5ODkwNkFDNjUzNDZBAA==,9431bdc0-7a42-4f5e-a86a-fc2b174f08bf,6c77c2c8-de8c-477c-b5e3-cdab13a925c6,f2743829-9058-4a1e-aaf0-1a536e6508b9
1fecbea5-5eb2-4125-afe1-65adb827ad76,≡ƒô⌐ What is your email address?,OUTGOING,2026-06-27 22:08:17.67589,wamid.HBgMOTE3MDUwMDQ3MTU5FQIAERgSOUU5N0I3OEI4NTI5QTg1MEM2AA==,9431bdc0-7a42-4f5e-a86a-fc2b174f08bf,6c77c2c8-de8c-477c-b5e3-cdab13a925c6,f2743829-9058-4a1e-aaf0-1a536e6508b9
c239e57d-b665-4ac0-be77-8757ec6e9c7f,"≡ƒôï Which service category are you interested in?

Options: Consultation, Installation/Setup, Repair/Maintenance, Other",OUTGOING,2026-06-27 22:08:24.194962,wamid.HBgMOTE3MDUwMDQ3MTU5FQIAERgSRjAxRERERTNBODIyQkE2N0U4AA==,9431bdc0-7a42-4f5e-a86a-fc2b174f08bf,6c77c2c8-de8c-477c-b5e3-cdab13a925c6,f2743829-9058-4a1e-aaf0-1a536e6508b9
33453499-6bda-4830-9f5e-c119878a6ec1,≡ƒô¥ Please describe your specific requirement in detail:,OUTGOING,2026-06-27 22:08:31.527952,wamid.HBgMOTE3MDUwMDQ3MTU5FQIAERgSQzk5Mzg2MkIxQzQ5MTk3QTVCAA==,9431bdc0-7a42-4f5e-a86a-fc2b174f08bf,6c77c2c8-de8c-477c-b5e3-cdab13a925c6,f2743829-9058-4a1e-aaf0-1a536e6508b9
3d8b2cc1-c475-4e74-8642-c35028782862,"≡ƒñ¥ *Thank you, Himanshu!*

We've noted your interest in *General Enquiry*.
Your reference number is: *GYANF2-L260627-0010*

Our expert will contact you within 24 hours with the best options for you.",OUTGOING,2026-06-27 22:08:47.330043,wamid.HBgMOTE3MDUwMDQ3MTU5FQIAERgSNTBDRUMxQkIyNzVBNEFFOUMyAA==,9431bdc0-7a42-4f5e-a86a-fc2b174f08bf,6c77c2c8-de8c-477c-b5e3-cdab13a925c6,f2743829-9058-4a1e-aaf0-1a536e6508b9
f2d2c5d7-fe93-4c6b-b175-7852a4533714,Hi,INCOMING,2026-06-27 22:19:46,wamid.HBgMOTE3MDUwMDQ3MTU5FQIAEhggQUNDQkEwRTUwQjJBN0E2NjRBQ0IxODE2NzczNTk3OUMA,9431bdc0-7a42-4f5e-a86a-fc2b174f08bf,6c77c2c8-de8c-477c-b5e3-cdab13a925c6,f2743829-9058-4a1e-aaf0-1a536e6508b9
38a3af51-48be-455a-afc9-fa398944a2b9,"≡ƒæï Welcome back, HIMANSHU!

Thank you for connecting with Gyan VaniAI again. How can I assist you today?

Please select an option from the menu below.

Options: ≡ƒÆ╗ Enquire Now, ≡ƒñû AI Solutions, ≡ƒÆ¼ WhatsApp Automation, ≡ƒîÉ Website Chat Widget, ≡ƒôé About & Contact, ≡ƒåÿ Human Support, ≡ƒÄ½ Get Support",OUTGOING,2026-06-27 22:19:51.428445,wamid.HBgMOTE3MDUwMDQ3MTU5FQIAERgSNDM0NzlGNEYxRUZERTU5N0Y1AA==,9431bdc0-7a42-4f5e-a86a-fc2b174f08bf,6c77c2c8-de8c-477c-b5e3-cdab13a925c6,f2743829-9058-4a1e-aaf0-1a536e6508b9
26817820-6bf6-4127-b34c-6bb893b73add,≡ƒÆ╗ Enquire Now,INCOMING,2026-06-27 22:19:56,wamid.HBgMOTE3MDUwMDQ3MTU5FQIAEhggQUM1NUE0MjJFOURFRDlCRTdDNjdERDBFRkUxOEVCNjcA,9431bdc0-7a42-4f5e-a86a-fc2b174f08bf,6c77c2c8-de8c-477c-b5e3-cdab13a925c6,f2743829-9058-4a1e-aaf0-1a536e6508b9
a2f826e9-db6e-41dc-ae57-5bfc1ce349a3,≡ƒæï What is your full name?,OUTGOING,2026-06-27 22:19:57.637171,wamid.HBgMOTE3MDUwMDQ3MTU5FQIAERgSQkRFMjVCOUQ0OUU3NTNGOTA3AA==,9431bdc0-7a42-4f5e-a86a-fc2b174f08bf,6c77c2c8-de8c-477c-b5e3-cdab13a925c6,f2743829-9058-4a1e-aaf0-1a536e6508b9
05c0c5ab-b752-40ab-9f5f-6713f7d37d91,Himanshu,INCOMING,2026-06-27 22:20:02,wamid.HBgMOTE3MDUwMDQ3MTU5FQIAEhggQUM5RkU4NDk0RkJBMkJBNEI5NkE2MkQ0Q0E4M0FFRjMA,9431bdc0-7a42-4f5e-a86a-fc2b174f08bf,6c77c2c8-de8c-477c-b5e3-cdab13a925c6,f2743829-9058-4a1e-aaf0-1a536e6508b9
1b0807eb-1355-45a5-95ec-28da36ebf7b0,≡ƒô▒ Please provide your contact number:,OUTGOING,2026-06-27 22:20:03.613884,wamid.HBgMOTE3MDUwMDQ3MTU5FQIAERgSN0E4MENBQzVFRTgwMUM3NjUxAA==,9431bdc0-7a42-4f5e-a86a-fc2b174f08bf,6c77c2c8-de8c-477c-b5e3-cdab13a925c6,f2743829-9058-4a1e-aaf0-1a536e6508b9
53b83947-1023-44b3-95f4-55797fb6c550,70500 47159,INCOMING,2026-06-27 22:20:06,wamid.HBgMOTE3MDUwMDQ3MTU5FQIAEhggQUNBRDk3MTU0QkM3NkFDN0QxOUEyQzIwMDM5OTlGODkA,9431bdc0-7a42-4f5e-a86a-fc2b174f08bf,6c77c2c8-de8c-477c-b5e3-cdab13a925c6,f2743829-9058-4a1e-aaf0-1a536e6508b9
2b3249a5-87cf-49a2-a080-21cfd44b7fa7,≡ƒô⌐ What is your email address?,OUTGOING,2026-06-27 22:20:07.08548,wamid.HBgMOTE3MDUwMDQ3MTU5FQIAERgSNjM0OTNGRDcyMkFFRDhCMEI1AA==,9431bdc0-7a42-4f5e-a86a-fc2b174f08bf,6c77c2c8-de8c-477c-b5e3-cdab13a925c6,f2743829-9058-4a1e-aaf0-1a536e6508b9
d14419ae-55e6-496a-9d13-677d6aa73db8,Hkbharti77@gmail.com,INCOMING,2026-06-27 22:20:10,wamid.HBgMOTE3MDUwMDQ3MTU5FQIAEhggQUM5QjMwQjhDRDVCNjM1QzM2MDJGMjhEMURBNDYyNDcA,9431bdc0-7a42-4f5e-a86a-fc2b174f08bf,6c77c2c8-de8c-477c-b5e3-cdab13a925c6,f2743829-9058-4a1e-aaf0-1a536e6508b9
005b6a52-e950-4d14-9c66-cb3423d94d7e,"≡ƒôï Which service category are you interested in?

Options: Consultation, Installation/Setup, Repair/Maintenance, Other",OUTGOING,2026-06-27 22:20:11.804313,wamid.HBgMOTE3MDUwMDQ3MTU5FQIAERgSNzAzOENFMDM2RTFDQTI3QThBAA==,9431bdc0-7a42-4f5e-a86a-fc2b174f08bf,6c77c2c8-de8c-477c-b5e3-cdab13a925c6,f2743829-9058-4a1e-aaf0-1a536e6508b9
4f5ee86f-4f22-4688-b01d-ebde175d5049,Installation/Setup,INCOMING,2026-06-27 22:20:16,wamid.HBgMOTE3MDUwMDQ3MTU5FQIAEhggQUNDMUIzMEJCMzVGQTZDQjMxOEI5NDUyOTJENERBRjYA,9431bdc0-7a42-4f5e-a86a-fc2b174f08bf,6c77c2c8-de8c-477c-b5e3-cdab13a925c6,f2743829-9058-4a1e-aaf0-1a536e6508b9
b70b8a4f-ceb1-49b6-97e5-e07265516b65,≡ƒô¥ Please describe your specific requirement in detail:,OUTGOING,2026-06-27 22:20:17.334704,wamid.HBgMOTE3MDUwMDQ3MTU5FQIAERgSNkU2RENCMTg2NDUwRDY1QjZFAA==,9431bdc0-7a42-4f5e-a86a-fc2b174f08bf,6c77c2c8-de8c-477c-b5e3-cdab13a925c6,f2743829-9058-4a1e-aaf0-1a536e6508b9
9445657f-4d49-41cf-ad8f-97c793ba355e,Treat me,INCOMING,2026-06-27 22:20:25,wamid.HBgMOTE3MDUwMDQ3MTU5FQIAEhggQUNERDEzMUJBMTZBQTQ0Mzc0ODNDODcyNTFEQjRBMjgA,9431bdc0-7a42-4f5e-a86a-fc2b174f08bf,6c77c2c8-de8c-477c-b5e3-cdab13a925c6,f2743829-9058-4a1e-aaf0-1a536e6508b9
e864a83d-eb97-4654-8d32-ae1b0c6bae0a,"≡ƒñ¥ *Thank you, Himanshu!*

We've noted your interest in *General Enquiry*.
Your reference number is: *GYANF2-L260627-0011*

Our expert will contact you within 24 hours with the best options for you.",OUTGOING,2026-06-27 22:20:31.60863,wamid.HBgMOTE3MDUwMDQ3MTU5FQIAERgSQjhENDUxNDVFODEwMkMyMTFEAA==,9431bdc0-7a42-4f5e-a86a-fc2b174f08bf,6c77c2c8-de8c-477c-b5e3-cdab13a925c6,f2743829-9058-4a1e-aaf0-1a536e6508b9
ec93af7f-f89b-4c8e-8d65-9fb0f6b86602,Hi,INCOMING,2026-06-27 22:30:13,wamid.HBgMOTE3MDUwMDQ3MTU5FQIAEhggQUNBRTZCNUJCM0U2MzA4MUE4NTFCMjM3NTRBRThEMkEA,9431bdc0-7a42-4f5e-a86a-fc2b174f08bf,6c77c2c8-de8c-477c-b5e3-cdab13a925c6,f2743829-9058-4a1e-aaf0-1a536e6508b9
d5690472-644f-4c4c-8a10-a71fd753167c,"≡ƒæï Welcome back, HIMANSHU!

Thank you for connecting with Gyan VaniAI again. How can I assist you today?

Please select an option from the menu below.

Options: ≡ƒÆ╗ Enquire Now, ≡ƒñû AI Solutions, ≡ƒÆ¼ WhatsApp Automation, ≡ƒîÉ Website Chat Widget, ≡ƒôé About & Contact, ≡ƒåÿ Human Support, ≡ƒÄ½ Get Support",OUTGOING,2026-06-27 22:30:19.532357,wamid.HBgMOTE3MDUwMDQ3MTU5FQIAERgSMjA3RDNGNDhCNUU5NjI1MjcyAA==,9431bdc0-7a42-4f5e-a86a-fc2b174f08bf,6c77c2c8-de8c-477c-b5e3-cdab13a925c6,f2743829-9058-4a1e-aaf0-1a536e6508b9
6e30f03c-01b8-40d1-a396-e1f48a00eb38,≡ƒÆ╗ Enquire Now,INCOMING,2026-06-27 22:30:25,wamid.HBgMOTE3MDUwMDQ3MTU5FQIAEhggQUM4Qjg1QkIwMjM0RDNCRUU4MzAzNUE2RjM1RUIwMTkA,9431bdc0-7a42-4f5e-a86a-fc2b174f08bf,6c77c2c8-de8c-477c-b5e3-cdab13a925c6,f2743829-9058-4a1e-aaf0-1a536e6508b9
db86f591-d019-404e-b14f-6b60f3be857d,≡ƒæï What is your full name?,OUTGOING,2026-06-27 22:30:26.577324,wamid.HBgMOTE3MDUwMDQ3MTU5FQIAERgSQTE0OEI0NkVEN0I2MUIxRkMyAA==,9431bdc0-7a42-4f5e-a86a-fc2b174f08bf,6c77c2c8-de8c-477c-b5e3-cdab13a925c6,f2743829-9058-4a1e-aaf0-1a536e6508b9
76a91445-8ba2-49de-948c-afbd894d8723,Himanshu,INCOMING,2026-06-27 22:30:32,wamid.HBgMOTE3MDUwMDQ3MTU5FQIAEhggQUM0QUY3MzNEQjgyNEY0OUZGNjhCQzZCMDRGMzgxMkEA,9431bdc0-7a42-4f5e-a86a-fc2b174f08bf,6c77c2c8-de8c-477c-b5e3-cdab13a925c6,f2743829-9058-4a1e-aaf0-1a536e6508b9
60a8347e-4f5b-419d-bd91-828cba27b63c,≡ƒô▒ Please provide your contact number:,OUTGOING,2026-06-27 22:30:33.561991,wamid.HBgMOTE3MDUwMDQ3MTU5FQIAERgSQzU5MjJBQTU5NEIzRERCQUUyAA==,9431bdc0-7a42-4f5e-a86a-fc2b174f08bf,6c77c2c8-de8c-477c-b5e3-cdab13a925c6,f2743829-9058-4a1e-aaf0-1a536e6508b9
f8b67eec-7f76-494a-8fc4-0e661f12de30,70500 47159,INCOMING,2026-06-27 22:30:36,wamid.HBgMOTE3MDUwMDQ3MTU5FQIAEhggQUNGMzIxREU5NDAyNUIxOTE0OUNGNDQxOEJDNUJCOUMA,9431bdc0-7a42-4f5e-a86a-fc2b174f08bf,6c77c2c8-de8c-477c-b5e3-cdab13a925c6,f2743829-9058-4a1e-aaf0-1a536e6508b9
1c540158-9d0b-4a0b-9010-5dcf49047d62,≡ƒô⌐ What is your email address?,OUTGOING,2026-06-27 22:30:36.983034,wamid.HBgMOTE3MDUwMDQ3MTU5FQIAERgSRjFGNkFCOUMyM0NCNzBFQjI4AA==,9431bdc0-7a42-4f5e-a86a-fc2b174f08bf,6c77c2c8-de8c-477c-b5e3-cdab13a925c6,f2743829-9058-4a1e-aaf0-1a536e6508b9
5bde80ea-a8af-405b-b992-1d076f90ae34,Hkbharti77@gmail.com,INCOMING,2026-06-27 22:30:38,wamid.HBgMOTE3MDUwMDQ3MTU5FQIAEhggQUM4QkQzNkM1N0M0NjYyNUUyQkYzOUY4NkU2ODc2ODUA,9431bdc0-7a42-4f5e-a86a-fc2b174f08bf,6c77c2c8-de8c-477c-b5e3-cdab13a925c6,f2743829-9058-4a1e-aaf0-1a536e6508b9
a2d50725-ee70-40ce-8710-568d03951535,"≡ƒôï Which service category are you interested in?

Options: Consultation, Installation/Setup, Repair/Maintenance, Other",OUTGOING,2026-06-27 22:30:39.318416,wamid.HBgMOTE3MDUwMDQ3MTU5FQIAERgSRjRGQ0MyODQ0RUEzODkyQzMyAA==,9431bdc0-7a42-4f5e-a86a-fc2b174f08bf,6c77c2c8-de8c-477c-b5e3-cdab13a925c6,f2743829-9058-4a1e-aaf0-1a536e6508b9
4a89c416-7514-4d00-833d-ee597b22a52a,Installation/Setup,INCOMING,2026-06-27 22:30:44,wamid.HBgMOTE3MDUwMDQ3MTU5FQIAEhggQUM1MUQ4QUI0QTM1RUEwNkQzMDVENDVDRjQwM0ZFMzMA,9431bdc0-7a42-4f5e-a86a-fc2b174f08bf,6c77c2c8-de8c-477c-b5e3-cdab13a925c6,f2743829-9058-4a1e-aaf0-1a536e6508b9
22d042d6-e365-4315-8f0f-dadc68a952ae,≡ƒô¥ Please describe your specific requirement in detail:,OUTGOING,2026-06-27 22:30:45.565878,wamid.HBgMOTE3MDUwMDQ3MTU5FQIAERgSOUZBNDE3MkVFMEVDRTU1NjFGAA==,9431bdc0-7a42-4f5e-a86a-fc2b174f08bf,6c77c2c8-de8c-477c-b5e3-cdab13a925c6,f2743829-9058-4a1e-aaf0-1a536e6508b9
0ab191f7-765c-48e0-9ec3-39a0d2d097fe,Testing Testing,INCOMING,2026-06-27 22:30:53,wamid.HBgMOTE3MDUwMDQ3MTU5FQIAEhggQUMzNTRDQzU4MEIxRUZENjcwNDRCQTYwNUJBNzk4NzQA,9431bdc0-7a42-4f5e-a86a-fc2b174f08bf,6c77c2c8-de8c-477c-b5e3-cdab13a925c6,f2743829-9058-4a1e-aaf0-1a536e6508b9
0d7c5037-3b9b-46cc-825f-bfd8c533b967,Gu,INCOMING,2026-06-27 22:45:19,wamid.HBgMOTE3MDUwMDQ3MTU5FQIAEhggQUNDRjU0NjRGRjQyQjhDREM4RDEwRUVCOTI5MkI4QzcA,9431bdc0-7a42-4f5e-a86a-fc2b174f08bf,6c77c2c8-de8c-477c-b5e3-cdab13a925c6,f2743829-9058-4a1e-aaf0-1a536e6508b9
9045fd1e-cdce-4c8b-b3cf-9eb473396af5,"≡ƒñ¥ *Thank you, Himanshu!*

We've noted your interest in *General Enquiry*.
Your reference number is: *GYANF2-L260627-0012*

Our expert will contact you within 24 hours with the best options for you.",OUTGOING,2026-06-27 22:30:58.78499,wamid.HBgMOTE3MDUwMDQ3MTU5FQIAERgSRUExMzhGQzhENkVGNUQwNEUzAA==,9431bdc0-7a42-4f5e-a86a-fc2b174f08bf,6c77c2c8-de8c-477c-b5e3-cdab13a925c6,f2743829-9058-4a1e-aaf0-1a536e6508b9
75b37db5-867e-48c0-b766-723c15aef4cb,Hi,INCOMING,2026-06-27 22:42:52,wamid.HBgMOTE3MDUwMDQ3MTU5FQIAEhggQUM1NjE0MzI3RUFEQTNGNDEzNEE0NEYwMzBCMzQxNUIA,9431bdc0-7a42-4f5e-a86a-fc2b174f08bf,6c77c2c8-de8c-477c-b5e3-cdab13a925c6,f2743829-9058-4a1e-aaf0-1a536e6508b9
b4fcf4db-1a90-4e61-916e-bbd0b8b99dce,"≡ƒæï Welcome back, HIMANSHU!

Thank you for connecting with Gyan VaniAI again. How can I assist you today?

Please select an option from the menu below.

Options: ≡ƒÆ╗ Enquire Now, ≡ƒñû AI Solutions, ≡ƒÆ¼ WhatsApp Automation, ≡ƒîÉ Website Chat Widget, ≡ƒôé About & Contact, ≡ƒåÿ Human Support, ≡ƒÄ½ Get Support",OUTGOING,2026-06-27 22:42:59.906815,wamid.HBgMOTE3MDUwMDQ3MTU5FQIAERgSOEJCNkJBQUMwMUEzQTRFNzQzAA==,9431bdc0-7a42-4f5e-a86a-fc2b174f08bf,6c77c2c8-de8c-477c-b5e3-cdab13a925c6,f2743829-9058-4a1e-aaf0-1a536e6508b9
77a88705-0931-4b3d-a101-ec68d6051484,≡ƒÆ╗ Enquire Now,INCOMING,2026-06-27 22:43:08,wamid.HBgMOTE3MDUwMDQ3MTU5FQIAEhggQUNFQzhCRDQ1ODk5QjlEOERBOTQ2QTE3ODIyNTNGREMA,9431bdc0-7a42-4f5e-a86a-fc2b174f08bf,6c77c2c8-de8c-477c-b5e3-cdab13a925c6,f2743829-9058-4a1e-aaf0-1a536e6508b9
edb126fb-f8f4-469a-896b-29f7742cd3b5,≡ƒæï What is your full name?,OUTGOING,2026-06-27 22:43:12.239789,wamid.HBgMOTE3MDUwMDQ3MTU5FQIAERgSNUMxQzczODYxOEE1OUVDMTc4AA==,9431bdc0-7a42-4f5e-a86a-fc2b174f08bf,6c77c2c8-de8c-477c-b5e3-cdab13a925c6,f2743829-9058-4a1e-aaf0-1a536e6508b9
4a39c37f-d6a8-4586-975a-f5de249a43b6,Himanshu,INCOMING,2026-06-27 22:43:14,wamid.HBgMOTE3MDUwMDQ3MTU5FQIAEhggQUNEQjhGN0Q3NkFGQjEyQjM0QzA0NDM5QjgyN0M2NjYA,9431bdc0-7a42-4f5e-a86a-fc2b174f08bf,6c77c2c8-de8c-477c-b5e3-cdab13a925c6,f2743829-9058-4a1e-aaf0-1a536e6508b9
6f2425f4-7d52-4a2a-902c-c594e063a0d2,≡ƒô▒ Please provide your contact number:,OUTGOING,2026-06-27 22:43:15.976086,wamid.HBgMOTE3MDUwMDQ3MTU5FQIAERgSOUIzQUM5RTI2MkVFREYxMzAwAA==,9431bdc0-7a42-4f5e-a86a-fc2b174f08bf,6c77c2c8-de8c-477c-b5e3-cdab13a925c6,f2743829-9058-4a1e-aaf0-1a536e6508b9
41cd796a-2523-4a6d-a1cf-583a4d2b4a25,70500 47159,INCOMING,2026-06-27 22:43:17,wamid.HBgMOTE3MDUwMDQ3MTU5FQIAEhggQUNBOTgzNzI0MjgwRTkyQzZFMjI3NUI4MDY4QjM5MTcA,9431bdc0-7a42-4f5e-a86a-fc2b174f08bf,6c77c2c8-de8c-477c-b5e3-cdab13a925c6,f2743829-9058-4a1e-aaf0-1a536e6508b9
671842fe-c1f6-4f1f-be3a-936265e70b6b,≡ƒô⌐ What is your email address?,OUTGOING,2026-06-27 22:43:18.940598,wamid.HBgMOTE3MDUwMDQ3MTU5FQIAERgSQ0MxQUE1NjlGRUFEMDgxRTgyAA==,9431bdc0-7a42-4f5e-a86a-fc2b174f08bf,6c77c2c8-de8c-477c-b5e3-cdab13a925c6,f2743829-9058-4a1e-aaf0-1a536e6508b9
8db80a40-237a-4e36-b00b-4d6f2ddb6bcd,Hkbharti77@gmail.com,INCOMING,2026-06-27 22:43:20,wamid.HBgMOTE3MDUwMDQ3MTU5FQIAEhggQUM0OTQyNUE2RUFDNDg4MDhFQ0QyRDhENTc4QzRGQzMA,9431bdc0-7a42-4f5e-a86a-fc2b174f08bf,6c77c2c8-de8c-477c-b5e3-cdab13a925c6,f2743829-9058-4a1e-aaf0-1a536e6508b9
b77d6a0a-586a-4dcc-99f9-f8dcf964acc0,≡ƒÄé What is your age?,OUTGOING,2026-06-27 22:43:21.512187,wamid.HBgMOTE3MDUwMDQ3MTU5FQIAERgSODJEMUE4MDNGMkNFMjhDMzY0AA==,9431bdc0-7a42-4f5e-a86a-fc2b174f08bf,6c77c2c8-de8c-477c-b5e3-cdab13a925c6,f2743829-9058-4a1e-aaf0-1a536e6508b9
931f27ac-1fbe-4db0-ab74-a9ea9262d21f,34,INCOMING,2026-06-27 22:43:27,wamid.HBgMOTE3MDUwMDQ3MTU5FQIAEhggQUNBQjEzNDJFRkVCNkExNTNGRDg4ODdEMkUwNjcwOUEA,9431bdc0-7a42-4f5e-a86a-fc2b174f08bf,6c77c2c8-de8c-477c-b5e3-cdab13a925c6,f2743829-9058-4a1e-aaf0-1a536e6508b9
b9ec8f2f-91af-465e-9900-d4033aefa320,"≡ƒæñ What is your gender?

Options: Male, Female, Other",OUTGOING,2026-06-27 22:43:28.772547,wamid.HBgMOTE3MDUwMDQ3MTU5FQIAERgSQzVEQzRCRTgwQzBBQzMwQzY5AA==,9431bdc0-7a42-4f5e-a86a-fc2b174f08bf,6c77c2c8-de8c-477c-b5e3-cdab13a925c6,f2743829-9058-4a1e-aaf0-1a536e6508b9
60d9036b-a44f-4ace-8a57-50ac06d3da62,Male,INCOMING,2026-06-27 22:43:32,wamid.HBgMOTE3MDUwMDQ3MTU5FQIAEhggQUMxNEUxRkVGNjUxMTIyMzA5MEQ1MEM1MDE0RTYxRkIA,9431bdc0-7a42-4f5e-a86a-fc2b174f08bf,6c77c2c8-de8c-477c-b5e3-cdab13a925c6,f2743829-9058-4a1e-aaf0-1a536e6508b9
989a66a4-22ff-4fcc-a5ad-2515f8d18482,≡ƒÆ░ What is your estimated budget?,OUTGOING,2026-06-27 22:43:33.450767,wamid.HBgMOTE3MDUwMDQ3MTU5FQIAERgSOTkzMzQyRkI4OUY4REJDNTc5AA==,9431bdc0-7a42-4f5e-a86a-fc2b174f08bf,6c77c2c8-de8c-477c-b5e3-cdab13a925c6,f2743829-9058-4a1e-aaf0-1a536e6508b9
e884a512-318f-4b37-aa88-3239ee475eea,45000,INCOMING,2026-06-27 22:43:39,wamid.HBgMOTE3MDUwMDQ3MTU5FQIAEhggQUNENDFFNjkzREYyNEU1M0E3QTZFMEMwMEQwNzU1MkUA,9431bdc0-7a42-4f5e-a86a-fc2b174f08bf,6c77c2c8-de8c-477c-b5e3-cdab13a925c6,f2743829-9058-4a1e-aaf0-1a536e6508b9
ca3eb6a6-92bb-412f-aa2a-1fbd6d6ec07f,≡ƒôì Please share your full address/location:,OUTGOING,2026-06-27 22:43:40.09707,wamid.HBgMOTE3MDUwMDQ3MTU5FQIAERgSMzRFNzk2ODU2RjlBNzIxOEQ1AA==,9431bdc0-7a42-4f5e-a86a-fc2b174f08bf,6c77c2c8-de8c-477c-b5e3-cdab13a925c6,f2743829-9058-4a1e-aaf0-1a536e6508b9
28e04db3-702c-4f6d-9ac2-7d03acb84a16,Fhjbjjjkkk,INCOMING,2026-06-27 22:43:47,wamid.HBgMOTE3MDUwMDQ3MTU5FQIAEhggQUM5QjU4MUE1NUU0QzM4Q0ZDMTk3QjI2QTg3NEUwRkYA,9431bdc0-7a42-4f5e-a86a-fc2b174f08bf,6c77c2c8-de8c-477c-b5e3-cdab13a925c6,f2743829-9058-4a1e-aaf0-1a536e6508b9
249e0f53-eaad-44e7-b573-aebe9c8e5194,≡ƒÅÖ∩╕Å Which city are you located in?,OUTGOING,2026-06-27 22:43:48.290681,wamid.HBgMOTE3MDUwMDQ3MTU5FQIAERgSNDY4RUE4RTA1Q0QxNkIxMzdBAA==,9431bdc0-7a42-4f5e-a86a-fc2b174f08bf,6c77c2c8-de8c-477c-b5e3-cdab13a925c6,f2743829-9058-4a1e-aaf0-1a536e6508b9
73a71d90-e026-47b2-8184-a74487aa3124,H hgcgjc vkcuyc,INCOMING,2026-06-27 22:43:53,wamid.HBgMOTE3MDUwMDQ3MTU5FQIAEhggQUNERkIyM0IxNjA4RUE3QzEyRjYwMDVCOTVEMjkwRUUA,9431bdc0-7a42-4f5e-a86a-fc2b174f08bf,6c77c2c8-de8c-477c-b5e3-cdab13a925c6,f2743829-9058-4a1e-aaf0-1a536e6508b9
db6e52da-7c3f-4409-b61b-886122be7a7c,≡ƒô« What is your pincode/zip code?,OUTGOING,2026-06-27 22:43:54.529749,wamid.HBgMOTE3MDUwMDQ3MTU5FQIAERgSMjU0MjQ1RUM4QkI4QkQ2MDNEAA==,9431bdc0-7a42-4f5e-a86a-fc2b174f08bf,6c77c2c8-de8c-477c-b5e3-cdab13a925c6,f2743829-9058-4a1e-aaf0-1a536e6508b9
2e7a5492-578e-489b-9aae-ee7184450704,454545,INCOMING,2026-06-27 22:44:00,wamid.HBgMOTE3MDUwMDQ3MTU5FQIAEhggQUM4MzJENzZFOEFGNUYwOTQ4MDE4MjExOTY0NkU4MUUA,9431bdc0-7a42-4f5e-a86a-fc2b174f08bf,6c77c2c8-de8c-477c-b5e3-cdab13a925c6,f2743829-9058-4a1e-aaf0-1a536e6508b9
1de30f50-bbbb-487d-ab68-ebfd0837a895,"≡ƒòÉ When is the best time for us to contact you?

Options: Morning (9amΓÇô12pm), Afternoon (12ΓÇô4pm), Evening (4pmΓÇô8pm)",OUTGOING,2026-06-27 22:44:01.751138,wamid.HBgMOTE3MDUwMDQ3MTU5FQIAERgSMDVFNzU4MUFFNDg2OUFGNEU5AA==,9431bdc0-7a42-4f5e-a86a-fc2b174f08bf,6c77c2c8-de8c-477c-b5e3-cdab13a925c6,f2743829-9058-4a1e-aaf0-1a536e6508b9
b517ee4a-b05d-473c-a36c-008838e56c0e,Afternoon (12ΓÇô4pm),INCOMING,2026-06-27 22:44:06,wamid.HBgMOTE3MDUwMDQ3MTU5FQIAEhggQUMwMDMwNjA1RThBNUYxOEIwRkQ1NEI0QjczNTM3OUIA,9431bdc0-7a42-4f5e-a86a-fc2b174f08bf,6c77c2c8-de8c-477c-b5e3-cdab13a925c6,f2743829-9058-4a1e-aaf0-1a536e6508b9
580bac03-7bbe-4408-94b1-ddeebec71f1f,≡ƒôà Please specify a preferred date (DD/MM/YYYY):,OUTGOING,2026-06-27 22:44:07.302486,wamid.HBgMOTE3MDUwMDQ3MTU5FQIAERgSM0VBRDk5ODQzOUZFN0I5RUFCAA==,9431bdc0-7a42-4f5e-a86a-fc2b174f08bf,6c77c2c8-de8c-477c-b5e3-cdab13a925c6,f2743829-9058-4a1e-aaf0-1a536e6508b9
cb3ef723-721b-48c8-a903-bd9a0de6ecd7,12/09/2002,INCOMING,2026-06-27 22:44:20,wamid.HBgMOTE3MDUwMDQ3MTU5FQIAEhggQUNBREYyNkI2OEM3NEQ1NDNDRUYzNzU5RUNENkNEOEIA,9431bdc0-7a42-4f5e-a86a-fc2b174f08bf,6c77c2c8-de8c-477c-b5e3-cdab13a925c6,f2743829-9058-4a1e-aaf0-1a536e6508b9
ed8328b9-cf60-4902-a6ae-ea09ba61140e,"ΓÜí How urgent is your requirement?

Options: Immediate, Within a week, Within a month, Just browsing",OUTGOING,2026-06-27 22:44:23.764645,wamid.HBgMOTE3MDUwMDQ3MTU5FQIAERgSOENFOTkzNDQ0MjhEREM3NEJFAA==,9431bdc0-7a42-4f5e-a86a-fc2b174f08bf,6c77c2c8-de8c-477c-b5e3-cdab13a925c6,f2743829-9058-4a1e-aaf0-1a536e6508b9
1cdc9106-1d9a-4bbb-95f9-d1ae77269521,Within a week,INCOMING,2026-06-27 22:44:29,wamid.HBgMOTE3MDUwMDQ3MTU5FQIAEhggQUMyMzE5MTJBNTMzMDc4NkI3RDBGMkU2M0YxQzFENUEA,9431bdc0-7a42-4f5e-a86a-fc2b174f08bf,6c77c2c8-de8c-477c-b5e3-cdab13a925c6,f2743829-9058-4a1e-aaf0-1a536e6508b9
f600d9e7-c090-4989-aca1-3decabea1172,"≡ƒôï Which service category are you interested in?

Options: Consultation, Installation/Setup, Repair/Maintenance, Other",OUTGOING,2026-06-27 22:44:30.881785,wamid.HBgMOTE3MDUwMDQ3MTU5FQIAERgSQTNEQjdENjkyODFEN0EzRjExAA==,9431bdc0-7a42-4f5e-a86a-fc2b174f08bf,6c77c2c8-de8c-477c-b5e3-cdab13a925c6,f2743829-9058-4a1e-aaf0-1a536e6508b9
86b61938-6bd1-48a6-896a-3ee1b45630e2,Consultation,INCOMING,2026-06-27 22:44:39,wamid.HBgMOTE3MDUwMDQ3MTU5FQIAEhggQUMxNDNCRjg4QjMxNTNCQUU4MUZBQUI4N0FCNzA0NjUA,9431bdc0-7a42-4f5e-a86a-fc2b174f08bf,6c77c2c8-de8c-477c-b5e3-cdab13a925c6,f2743829-9058-4a1e-aaf0-1a536e6508b9
24984d0e-62c3-4828-ba17-e0ccce5f8a6a,"≡ƒöì How did you hear about us?

Options: Google/Search, Social Media, Friend/Referral, Advertisement",OUTGOING,2026-06-27 22:44:40.988304,wamid.HBgMOTE3MDUwMDQ3MTU5FQIAERgSOUNFQUU1OUIwM0JDRTY2Njg1AA==,9431bdc0-7a42-4f5e-a86a-fc2b174f08bf,6c77c2c8-de8c-477c-b5e3-cdab13a925c6,f2743829-9058-4a1e-aaf0-1a536e6508b9
4e8cbbce-361c-41b8-b29e-1877033de48d,Social Media,INCOMING,2026-06-27 22:44:47,wamid.HBgMOTE3MDUwMDQ3MTU5FQIAEhggQUM2MDlBMEI4MTQyNkVDQUIxQTAwRDBCNTg4MjY3ODUA,9431bdc0-7a42-4f5e-a86a-fc2b174f08bf,6c77c2c8-de8c-477c-b5e3-cdab13a925c6,f2743829-9058-4a1e-aaf0-1a536e6508b9
3acbc888-39f5-4f60-8097-e4d0c2e00abd,≡ƒô¥ Please describe your specific requirement in detail:,OUTGOING,2026-06-27 22:44:48.61884,wamid.HBgMOTE3MDUwMDQ3MTU5FQIAERgSNjFCQzk3ODA0MDI2NzI0REU0AA==,9431bdc0-7a42-4f5e-a86a-fc2b174f08bf,6c77c2c8-de8c-477c-b5e3-cdab13a925c6,f2743829-9058-4a1e-aaf0-1a536e6508b9
2227ad9b-f380-4027-a957-1d60a567de02,Testing Testing,INCOMING,2026-06-27 22:44:54,wamid.HBgMOTE3MDUwMDQ3MTU5FQIAEhggQUM5RjZDODA2NjJCODZFMEFEOTE5M0M1QTU5NDM5N0YA,9431bdc0-7a42-4f5e-a86a-fc2b174f08bf,6c77c2c8-de8c-477c-b5e3-cdab13a925c6,f2743829-9058-4a1e-aaf0-1a536e6508b9
b964e8de-2a49-4649-aca1-b6b4d1ec8c42,jbnkjlkjoko,OUTGOING,2026-06-27 22:44:55.771953,wamid.HBgMOTE3MDUwMDQ3MTU5FQIAERgSNUVFOTU1OTE1NTVFNjZBODA2AA==,9431bdc0-7a42-4f5e-a86a-fc2b174f08bf,6c77c2c8-de8c-477c-b5e3-cdab13a925c6,f2743829-9058-4a1e-aaf0-1a536e6508b9
3e5d3be1-032a-4566-83f5-b9e7666bf699,: nlkjnlkjlkjk,OUTGOING,2026-06-27 22:45:20.673586,wamid.HBgMOTE3MDUwMDQ3MTU5FQIAERgSRjIwQzQ2OUE1MzEzQzcyQzA5AA==,9431bdc0-7a42-4f5e-a86a-fc2b174f08bf,6c77c2c8-de8c-477c-b5e3-cdab13a925c6,f2743829-9058-4a1e-aaf0-1a536e6508b9
1b235aa2-b48c-40a4-a702-7984ab49d441,":kjnnlklklkjl

Options: Option A, Option B, Option C",OUTGOING,2026-06-27 22:45:30.857123,wamid.HBgMOTE3MDUwMDQ3MTU5FQIAERgSNUQ3RDNDNTlFN0Y2NjkxNTAzAA==,9431bdc0-7a42-4f5e-a86a-fc2b174f08bf,6c77c2c8-de8c-477c-b5e3-cdab13a925c6,f2743829-9058-4a1e-aaf0-1a536e6508b9
4cc5d792-4086-41fb-9a42-24eacf8909f5,"jkjkj;kjlkj

Options: Option X, Option Y, Option Z",OUTGOING,2026-06-27 22:45:36.442373,wamid.HBgMOTE3MDUwMDQ3MTU5FQIAERgSNjk4QTM1MTU0MTNCQkY5QUQwAA==,9431bdc0-7a42-4f5e-a86a-fc2b174f08bf,6c77c2c8-de8c-477c-b5e3-cdab13a925c6,f2743829-9058-4a1e-aaf0-1a536e6508b9
3f58c535-1bde-4639-b112-5afc5f568c04,"≡ƒñ¥ *Thank you, Himanshu!*

We've noted your interest in *General Enquiry*.
Your reference number is: *GYANF2-L260627-0013*

Our expert will contact you within 24 hours with the best options for you.",OUTGOING,2026-06-27 22:45:45.644663,wamid.HBgMOTE3MDUwMDQ3MTU5FQIAERgSRTUyMUUxNUFEQzM4M0QzMkMxAA==,9431bdc0-7a42-4f5e-a86a-fc2b174f08bf,6c77c2c8-de8c-477c-b5e3-cdab13a925c6,f2743829-9058-4a1e-aaf0-1a536e6508b9
2fcd0c1e-175f-4484-a02d-09067d034a86,Hfxhxggdyj,INCOMING,2026-06-27 22:45:29,wamid.HBgMOTE3MDUwMDQ3MTU5FQIAEhggQUMzMDg5MUFFMDREQTZBMDdFQTU2OTlFRDM4NDY4NkQA,9431bdc0-7a42-4f5e-a86a-fc2b174f08bf,6c77c2c8-de8c-477c-b5e3-cdab13a925c6,f2743829-9058-4a1e-aaf0-1a536e6508b9
9f33ac7e-13aa-46d7-bd3d-06a8022100d9,Option B,INCOMING,2026-06-27 22:45:35,wamid.HBgMOTE3MDUwMDQ3MTU5FQIAEhggQUNDQkQ2MzI2NDE4MzdGREFDMjBGNTk2QkE5NjFCNDIA,9431bdc0-7a42-4f5e-a86a-fc2b174f08bf,6c77c2c8-de8c-477c-b5e3-cdab13a925c6,f2743829-9058-4a1e-aaf0-1a536e6508b9
614a40f5-f91e-4ca0-ab34-4099605e9f41,Option Y,INCOMING,2026-06-27 22:45:39,wamid.HBgMOTE3MDUwMDQ3MTU5FQIAEhggQUM5OTc0REQxQTEzREZFRTY2MDMzMDYwQjFFRTlFNzcA,9431bdc0-7a42-4f5e-a86a-fc2b174f08bf,6c77c2c8-de8c-477c-b5e3-cdab13a925c6,f2743829-9058-4a1e-aaf0-1a536e6508b9
4bd5efa0-e0ed-4c20-b656-c8ffb76fa4c4,Hi,INCOMING,2026-06-27 23:22:54,wamid.HBgMOTE3MDUwMDQ3MTU5FQIAEhggQUM4QzQ2MzU3RTFEMEE5OEMyMjkxQTVENkNGOTEzNzAA,9431bdc0-7a42-4f5e-a86a-fc2b174f08bf,6c77c2c8-de8c-477c-b5e3-cdab13a925c6,f2743829-9058-4a1e-aaf0-1a536e6508b9
a35939b4-17fd-41f8-8098-5ebc549e6752,"≡ƒæï Welcome back, HIMANSHU!

Thank you for connecting with Gyan VaniAI again. How can I assist you today?

Please select an option from the menu below.

Options: ≡ƒÆ╗ Enquire Now, ≡ƒñû AI Solutions, ≡ƒÆ¼ WhatsApp Automation, ≡ƒîÉ Website Chat Widget, ≡ƒôé About & Contact, ≡ƒåÿ Human Support, ≡ƒÄ½ Get Support",OUTGOING,2026-06-27 23:23:00.320438,wamid.HBgMOTE3MDUwMDQ3MTU5FQIAERgSNTIzQzAyOEYyNEEyODg3NEIyAA==,9431bdc0-7a42-4f5e-a86a-fc2b174f08bf,6c77c2c8-de8c-477c-b5e3-cdab13a925c6,f2743829-9058-4a1e-aaf0-1a536e6508b9
10c67ed7-dc51-4485-9037-45e2830d382e,≡ƒÆ╗ Enquire Now,INCOMING,2026-06-27 23:23:06,wamid.HBgMOTE3MDUwMDQ3MTU5FQIAEhggQUNCMUMwOTM4NjkxM0FDQzE4MERCQjM1MkNBMkM5ODIA,9431bdc0-7a42-4f5e-a86a-fc2b174f08bf,6c77c2c8-de8c-477c-b5e3-cdab13a925c6,f2743829-9058-4a1e-aaf0-1a536e6508b9
ca8007f4-a530-4c9e-b507-92a777befd25,≡ƒæï What is your full name?,OUTGOING,2026-06-27 23:23:07.406809,wamid.HBgMOTE3MDUwMDQ3MTU5FQIAERgSMzM0MTgwNDRGQzJDMEY4NkVFAA==,9431bdc0-7a42-4f5e-a86a-fc2b174f08bf,6c77c2c8-de8c-477c-b5e3-cdab13a925c6,f2743829-9058-4a1e-aaf0-1a536e6508b9
8170126f-8e10-45c6-a5cb-cad80f9d0c5d,Himanshu,INCOMING,2026-06-27 23:23:16,wamid.HBgMOTE3MDUwMDQ3MTU5FQIAEhggQUMxNUY1RkYzQUM0NUM1MjQwREE1ODRBMDIyMjBFRkYA,9431bdc0-7a42-4f5e-a86a-fc2b174f08bf,6c77c2c8-de8c-477c-b5e3-cdab13a925c6,f2743829-9058-4a1e-aaf0-1a536e6508b9
4bcff0d8-f512-4ee8-abff-9f3f76613e62,≡ƒô▒ Please provide your contact number:,OUTGOING,2026-06-27 23:23:17.617828,wamid.HBgMOTE3MDUwMDQ3MTU5FQIAERgSM0NBQzlGNTg5MzkzN0UyMjA3AA==,9431bdc0-7a42-4f5e-a86a-fc2b174f08bf,6c77c2c8-de8c-477c-b5e3-cdab13a925c6,f2743829-9058-4a1e-aaf0-1a536e6508b9
99f6d3f0-2490-447c-8b73-6d2c4d7f6c8e,70500 47159,INCOMING,2026-06-27 23:23:20,wamid.HBgMOTE3MDUwMDQ3MTU5FQIAEhggQUNBNzZGNjFGODhBNENERTM4QjlFQ0Q4OTc1OUY5NDMA,9431bdc0-7a42-4f5e-a86a-fc2b174f08bf,6c77c2c8-de8c-477c-b5e3-cdab13a925c6,f2743829-9058-4a1e-aaf0-1a536e6508b9
74732e2f-d849-4bf0-8e8d-2e27b7938080,≡ƒô⌐ What is your email address?,OUTGOING,2026-06-27 23:23:21.438799,wamid.HBgMOTE3MDUwMDQ3MTU5FQIAERgSMkU2QzI5Qzc5RjU5MTA5NzE4AA==,9431bdc0-7a42-4f5e-a86a-fc2b174f08bf,6c77c2c8-de8c-477c-b5e3-cdab13a925c6,f2743829-9058-4a1e-aaf0-1a536e6508b9
4c45d605-781e-4b57-a271-e4625809d226,Hkbharti77@gmail.com,INCOMING,2026-06-27 23:23:23,wamid.HBgMOTE3MDUwMDQ3MTU5FQIAEhggQUM0RTIxOEIxMEQ5M0YyNjEzNTAxM0EyMDIyNjk5MTYA,9431bdc0-7a42-4f5e-a86a-fc2b174f08bf,6c77c2c8-de8c-477c-b5e3-cdab13a925c6,f2743829-9058-4a1e-aaf0-1a536e6508b9
89b29a41-cde1-41dc-91ec-bdc1c9cb1d05,≡ƒÄé What is your age?,OUTGOING,2026-06-27 23:23:24.262853,wamid.HBgMOTE3MDUwMDQ3MTU5FQIAERgSNTg3NjdDNUUzRTU1MDJFMkQ3AA==,9431bdc0-7a42-4f5e-a86a-fc2b174f08bf,6c77c2c8-de8c-477c-b5e3-cdab13a925c6,f2743829-9058-4a1e-aaf0-1a536e6508b9
6f4a0245-2cb9-4009-a979-2c9ada666f1d,33,INCOMING,2026-06-27 23:23:30,wamid.HBgMOTE3MDUwMDQ3MTU5FQIAEhggQUM2Nzc4MDAyNEMzMDRBOUQ4MjNEMThBOEU3Rjk0RDAA,9431bdc0-7a42-4f5e-a86a-fc2b174f08bf,6c77c2c8-de8c-477c-b5e3-cdab13a925c6,f2743829-9058-4a1e-aaf0-1a536e6508b9
ae49ff88-b269-45c9-9999-1f7a4cfae7a5,"≡ƒæñ What is your gender?

Options: Male, Female, Other",OUTGOING,2026-06-27 23:23:31.463404,wamid.HBgMOTE3MDUwMDQ3MTU5FQIAERgSM0I0OUQ0MDUzNjA0RjZENDNFAA==,9431bdc0-7a42-4f5e-a86a-fc2b174f08bf,6c77c2c8-de8c-477c-b5e3-cdab13a925c6,f2743829-9058-4a1e-aaf0-1a536e6508b9
e400c51f-e15e-433c-9ad6-cba35fa8f54f,Male,INCOMING,2026-06-27 23:23:37,wamid.HBgMOTE3MDUwMDQ3MTU5FQIAEhggQUMzMEJDMUI1OUQ1QjZBODMzOUI4MUQ2MTNGQUI3MTYA,9431bdc0-7a42-4f5e-a86a-fc2b174f08bf,6c77c2c8-de8c-477c-b5e3-cdab13a925c6,f2743829-9058-4a1e-aaf0-1a536e6508b9
77194932-c4a7-43de-85d4-1cad328abbeb,≡ƒÆ░ What is your estimated budget?,OUTGOING,2026-06-27 23:23:38.301112,wamid.HBgMOTE3MDUwMDQ3MTU5FQIAERgSQjhDOTkzMERBNEFEQjQ3NzRFAA==,9431bdc0-7a42-4f5e-a86a-fc2b174f08bf,6c77c2c8-de8c-477c-b5e3-cdab13a925c6,f2743829-9058-4a1e-aaf0-1a536e6508b9
9aaacb02-693b-44a8-9a5a-8d31bc61b27f,34000,INCOMING,2026-06-27 23:23:44,wamid.HBgMOTE3MDUwMDQ3MTU5FQIAEhggQUMzQjE2MDQ0QjI4MjdBOUQwNDg5RDIxQ0UxQzlCODQA,9431bdc0-7a42-4f5e-a86a-fc2b174f08bf,6c77c2c8-de8c-477c-b5e3-cdab13a925c6,f2743829-9058-4a1e-aaf0-1a536e6508b9
a688934f-a721-4860-adcc-3737219224c7,≡ƒôì Please share your full address/location:,OUTGOING,2026-06-27 23:23:45.378177,wamid.HBgMOTE3MDUwMDQ3MTU5FQIAERgSMjY2RTRFQzE3ODA0QTI1OEU4AA==,9431bdc0-7a42-4f5e-a86a-fc2b174f08bf,6c77c2c8-de8c-477c-b5e3-cdab13a925c6,f2743829-9058-4a1e-aaf0-1a536e6508b9
7d725f58-6d7a-4668-88eb-4198698772b1,Hi hhjg hhh,INCOMING,2026-06-27 23:24:40,wamid.HBgMOTE3MDUwMDQ3MTU5FQIAEhggQUNFODdCQTM3MTkxQkQ1REJGQUQxMEE0NjY3MTY2NDYA,9431bdc0-7a42-4f5e-a86a-fc2b174f08bf,6c77c2c8-de8c-477c-b5e3-cdab13a925c6,f2743829-9058-4a1e-aaf0-1a536e6508b9
d1535a17-8d8c-41c9-b6c1-c53b18f72d89,≡ƒÅÖ∩╕Å Which city are you located in?,OUTGOING,2026-06-27 23:24:42.326657,wamid.HBgMOTE3MDUwMDQ3MTU5FQIAERgSQzNBNTEyMzMxMENENDI1MjNFAA==,9431bdc0-7a42-4f5e-a86a-fc2b174f08bf,6c77c2c8-de8c-477c-b5e3-cdab13a925c6,f2743829-9058-4a1e-aaf0-1a536e6508b9
830e824c-0592-4033-b2cc-b8c0463ee4f4,Saharsa,INCOMING,2026-06-27 23:24:49,wamid.HBgMOTE3MDUwMDQ3MTU5FQIAEhggQUNDMUM4RkFCOUJDNjE3OTI2MEQ2NzM1MTNBMTM4MkUA,9431bdc0-7a42-4f5e-a86a-fc2b174f08bf,6c77c2c8-de8c-477c-b5e3-cdab13a925c6,f2743829-9058-4a1e-aaf0-1a536e6508b9
95aaa845-400d-43cd-86fc-bbe896f2d108,≡ƒô« What is your pincode/zip code?,OUTGOING,2026-06-27 23:24:50.558482,wamid.HBgMOTE3MDUwMDQ3MTU5FQIAERgSMjkzRUFFQ0Q4ODc1NTNDMDg3AA==,9431bdc0-7a42-4f5e-a86a-fc2b174f08bf,6c77c2c8-de8c-477c-b5e3-cdab13a925c6,f2743829-9058-4a1e-aaf0-1a536e6508b9
88500549-89c0-4a55-b201-a74f75fe4f9d,567866,INCOMING,2026-06-27 23:24:58,wamid.HBgMOTE3MDUwMDQ3MTU5FQIAEhggQUNCMUE3QzFCNEQ5RjQ1REU3OTU3MkM1M0NCMjFGNUYA,9431bdc0-7a42-4f5e-a86a-fc2b174f08bf,6c77c2c8-de8c-477c-b5e3-cdab13a925c6,f2743829-9058-4a1e-aaf0-1a536e6508b9
47cfaa29-7422-41ea-b2d7-ac8c29686622,"≡ƒòÉ When is the best time for us to contact you?

Options: Morning (9amΓÇô12pm), Afternoon (12ΓÇô4pm), Evening (4pmΓÇô8pm)",OUTGOING,2026-06-27 23:24:59.744073,wamid.HBgMOTE3MDUwMDQ3MTU5FQIAERgSNkM4OUY4NzQ0MjhBNEE3MEM2AA==,9431bdc0-7a42-4f5e-a86a-fc2b174f08bf,6c77c2c8-de8c-477c-b5e3-cdab13a925c6,f2743829-9058-4a1e-aaf0-1a536e6508b9
688c6fa9-44b8-43ab-b59b-ba35c0a96bd3,Morning (9amΓÇô12pm),INCOMING,2026-06-27 23:25:03,wamid.HBgMOTE3MDUwMDQ3MTU5FQIAEhggQUM2Mjk1REVFN0M1MTU5MzhFRjVEQzIwMTczN0M1NTQA,9431bdc0-7a42-4f5e-a86a-fc2b174f08bf,6c77c2c8-de8c-477c-b5e3-cdab13a925c6,f2743829-9058-4a1e-aaf0-1a536e6508b9
707577ec-89a9-45ba-8a50-f8a62048e1e2,≡ƒôà Please specify a preferred date (DD/MM/YYYY):,OUTGOING,2026-06-27 23:25:04.650585,wamid.HBgMOTE3MDUwMDQ3MTU5FQIAERgSNDlFMUY1MTQ4MkYwNzJFNjg3AA==,9431bdc0-7a42-4f5e-a86a-fc2b174f08bf,6c77c2c8-de8c-477c-b5e3-cdab13a925c6,f2743829-9058-4a1e-aaf0-1a536e6508b9
2da4c7ba-79b3-4524-9383-020895fea7fb,20/09/2002,INCOMING,2026-06-27 23:25:19,wamid.HBgMOTE3MDUwMDQ3MTU5FQIAEhggQUM1OUQzMkVDMzhGOUVENTA4NjI3OTlDM0U1QzM2MkIA,9431bdc0-7a42-4f5e-a86a-fc2b174f08bf,6c77c2c8-de8c-477c-b5e3-cdab13a925c6,f2743829-9058-4a1e-aaf0-1a536e6508b9
fb69a5e1-5739-42a1-bbd6-dea39481777d,"ΓÜí How urgent is your requirement?

Options: Immediate, Within a week, Within a month, Just browsing",OUTGOING,2026-06-27 23:25:21.261202,wamid.HBgMOTE3MDUwMDQ3MTU5FQIAERgSMUNEMzVGRTc4N0M1QkY2OEE0AA==,9431bdc0-7a42-4f5e-a86a-fc2b174f08bf,6c77c2c8-de8c-477c-b5e3-cdab13a925c6,f2743829-9058-4a1e-aaf0-1a536e6508b9
169541b9-e0e3-4551-8958-08bf4a3469e0,Within a month,INCOMING,2026-06-27 23:25:27,wamid.HBgMOTE3MDUwMDQ3MTU5FQIAEhggQUNDMzUyMURDNjkzQkRBMTg5QjYwMzkzNUIwMTg0ODcA,9431bdc0-7a42-4f5e-a86a-fc2b174f08bf,6c77c2c8-de8c-477c-b5e3-cdab13a925c6,f2743829-9058-4a1e-aaf0-1a536e6508b9
b3d62a03-8b5d-43ed-bef1-3bda40490441,"≡ƒôï Which service category are you interested in?

Options: Consultation, Installation/Setup, Repair/Maintenance, Other",OUTGOING,2026-06-27 23:25:28.478382,wamid.HBgMOTE3MDUwMDQ3MTU5FQIAERgSMkZGQUMxNUJFREFBMTczQjM2AA==,9431bdc0-7a42-4f5e-a86a-fc2b174f08bf,6c77c2c8-de8c-477c-b5e3-cdab13a925c6,f2743829-9058-4a1e-aaf0-1a536e6508b9
8dfd1b4d-33b6-43f7-b81f-6de80bc0f52c,Hjk jjjn jjjjjj,INCOMING,2026-06-27 23:25:29,wamid.HBgMOTE3MDUwMDQ3MTU5FQIAEhggQUM2ODg3MkMzNTVCQzE0MzQwOTJBNTIwRDI5RkM4NEMA,9431bdc0-7a42-4f5e-a86a-fc2b174f08bf,6c77c2c8-de8c-477c-b5e3-cdab13a925c6,f2743829-9058-4a1e-aaf0-1a536e6508b9
ef233f59-a1aa-4118-b43b-6ab90307f0d0,"≡ƒöì How did you hear about us?

Options: Google/Search, Social Media, Friend/Referral, Advertisement",OUTGOING,2026-06-27 23:25:30.890597,wamid.HBgMOTE3MDUwMDQ3MTU5FQIAERgSRTQ2MEQ4NkUzNUUxNjdERTY5AA==,9431bdc0-7a42-4f5e-a86a-fc2b174f08bf,6c77c2c8-de8c-477c-b5e3-cdab13a925c6,f2743829-9058-4a1e-aaf0-1a536e6508b9
f8139c1a-84ad-44c9-b4f6-57241be8918b,Installation/Setup,INCOMING,2026-06-27 23:25:33,wamid.HBgMOTE3MDUwMDQ3MTU5FQIAEhggQUNCQ0ZEMDk0NUQ3MTQ4QTcwMjk0QTE5NUY1RkQ3ODkA,9431bdc0-7a42-4f5e-a86a-fc2b174f08bf,6c77c2c8-de8c-477c-b5e3-cdab13a925c6,f2743829-9058-4a1e-aaf0-1a536e6508b9
86c34b50-8989-4fba-b836-8689f57a45d3,≡ƒô¥ Please describe your specific requirement in detail:,OUTGOING,2026-06-27 23:25:34.300257,wamid.HBgMOTE3MDUwMDQ3MTU5FQIAERgSMzY1MEZENzk0ODE4NzVCMEI0AA==,9431bdc0-7a42-4f5e-a86a-fc2b174f08bf,6c77c2c8-de8c-477c-b5e3-cdab13a925c6,f2743829-9058-4a1e-aaf0-1a536e6508b9
d690ddae-7d30-4d26-be4f-63cb1a8a6a84,Testing Testing,INCOMING,2026-06-27 23:25:44,wamid.HBgMOTE3MDUwMDQ3MTU5FQIAEhggQUNEREIwRDcyRUI0MkU4MjRDQUM0MzI4NTgyOUU5RTkA,9431bdc0-7a42-4f5e-a86a-fc2b174f08bf,6c77c2c8-de8c-477c-b5e3-cdab13a925c6,f2743829-9058-4a1e-aaf0-1a536e6508b9
3b96cfc8-23da-4312-ad8a-54d4edbd10e6,jbnkjlkjoko,OUTGOING,2026-06-27 23:25:45.695848,wamid.HBgMOTE3MDUwMDQ3MTU5FQIAERgSQkRGQkI0NkU3MDBEQzUzNTM5AA==,9431bdc0-7a42-4f5e-a86a-fc2b174f08bf,6c77c2c8-de8c-477c-b5e3-cdab13a925c6,f2743829-9058-4a1e-aaf0-1a536e6508b9
859aeed0-04af-4b74-b64b-0871555a676a,: nlkjnlkjlkjk,OUTGOING,2026-06-27 23:25:53.27363,wamid.HBgMOTE3MDUwMDQ3MTU5FQIAERgSMURDMDI2MDcyM0FDQjBGMUQyAA==,9431bdc0-7a42-4f5e-a86a-fc2b174f08bf,6c77c2c8-de8c-477c-b5e3-cdab13a925c6,f2743829-9058-4a1e-aaf0-1a536e6508b9
def0af0a-540d-4127-99d3-29d74cc2e894,":kjnnlklklkjl

Options: Option A, Option B, Option C",OUTGOING,2026-06-27 23:25:59.551554,wamid.HBgMOTE3MDUwMDQ3MTU5FQIAERgSMUI5MTEzQkVCMUFDOTFFRDg3AA==,9431bdc0-7a42-4f5e-a86a-fc2b174f08bf,6c77c2c8-de8c-477c-b5e3-cdab13a925c6,f2743829-9058-4a1e-aaf0-1a536e6508b9
8fe4cd9d-eb4d-4e19-8048-79a3dbd6a726,Hhhh,INCOMING,2026-06-27 23:25:52,wamid.HBgMOTE3MDUwMDQ3MTU5FQIAEhggQUMwRjdDNjdEQ0QwRTI5MzA1MDM2NDgwNTYzQ0FBNEQA,9431bdc0-7a42-4f5e-a86a-fc2b174f08bf,6c77c2c8-de8c-477c-b5e3-cdab13a925c6,f2743829-9058-4a1e-aaf0-1a536e6508b9
a68a426d-0546-46e5-af70-0328ee1d1e68,Ggghhh hhhhh,INCOMING,2026-06-27 23:25:58,wamid.HBgMOTE3MDUwMDQ3MTU5FQIAEhggQUNGMUMxMzBBOEMxRjdBRUI5NTFDQzU5RjZCOEZCRTAA,9431bdc0-7a42-4f5e-a86a-fc2b174f08bf,6c77c2c8-de8c-477c-b5e3-cdab13a925c6,f2743829-9058-4a1e-aaf0-1a536e6508b9
652cd80d-3f39-46a8-bd58-2c2d9a0476e4,Option B,INCOMING,2026-06-27 23:26:03,wamid.HBgMOTE3MDUwMDQ3MTU5FQIAEhggQUNERkUzODk3MTVEQzc2QkY5Rjg3RTVFMjUwNkE1MzkA,9431bdc0-7a42-4f5e-a86a-fc2b174f08bf,6c77c2c8-de8c-477c-b5e3-cdab13a925c6,f2743829-9058-4a1e-aaf0-1a536e6508b9
1a45e385-c6f5-47f7-bc2f-9ba750de40ce,"jkjkj;kjlkj

Options: Option X, Option Y, Option Z",OUTGOING,2026-06-27 23:26:05.019862,wamid.HBgMOTE3MDUwMDQ3MTU5FQIAERgSMjFBN0Q5QzAwOUNFRUREQ0IyAA==,9431bdc0-7a42-4f5e-a86a-fc2b174f08bf,6c77c2c8-de8c-477c-b5e3-cdab13a925c6,f2743829-9058-4a1e-aaf0-1a536e6508b9
79b47c91-fa88-401e-8268-87c4b9d1df53,Option Y,INCOMING,2026-06-27 23:26:07,wamid.HBgMOTE3MDUwMDQ3MTU5FQIAEhggQUM0M0E0MkU5MDIwMTI0QjcwMEFGQThDRTg0M0VFMjkA,9431bdc0-7a42-4f5e-a86a-fc2b174f08bf,6c77c2c8-de8c-477c-b5e3-cdab13a925c6,f2743829-9058-4a1e-aaf0-1a536e6508b9
4706c1aa-bf77-4bb5-97d2-7554f5e4287d,"≡ƒñ¥ *Thank you, Himanshu!*

We've noted your interest in *General Enquiry*.
Your reference number is: *GYANF2-L260627-0014*

Our expert will contact you within 24 hours with the best options for you.",OUTGOING,2026-06-27 23:26:15.010597,wamid.HBgMOTE3MDUwMDQ3MTU5FQIAERgSMEVGODlGMTVFMDA4M0EyNTQ1AA==,9431bdc0-7a42-4f5e-a86a-fc2b174f08bf,6c77c2c8-de8c-477c-b5e3-cdab13a925c6,f2743829-9058-4a1e-aaf0-1a536e6508b9
635c352a-018c-490e-932c-181327591042,Hi,INCOMING,2026-06-27 23:41:46,wamid.HBgMOTE3MDUwMDQ3MTU5FQIAEhggQUMwNEQzODYyN0RGNzMyQTkyQjA2NDc4OEM3MjNFODcA,9431bdc0-7a42-4f5e-a86a-fc2b174f08bf,6c77c2c8-de8c-477c-b5e3-cdab13a925c6,f2743829-9058-4a1e-aaf0-1a536e6508b9
d67aeea7-bdf1-42dc-8e09-895974a5122c,"≡ƒæï Welcome back, HIMANSHU!

Thank you for connecting with Gyan VaniAI again. How can I assist you today?

Please select an option from the menu below.

Options: ≡ƒÆ╗ Enquire Now, ≡ƒñû AI Solutions, ≡ƒÆ¼ WhatsApp Automation, ≡ƒîÉ Website Chat Widget, ≡ƒôé About & Contact, ≡ƒåÿ Human Support, ≡ƒÄ½ Get Support",OUTGOING,2026-06-27 23:41:55.319266,wamid.HBgMOTE3MDUwMDQ3MTU5FQIAERgSNzk0NzlGOTJDMDI3Q0Y4RjM5AA==,9431bdc0-7a42-4f5e-a86a-fc2b174f08bf,6c77c2c8-de8c-477c-b5e3-cdab13a925c6,f2743829-9058-4a1e-aaf0-1a536e6508b9
1e628cd4-7c4f-4cf4-90e8-23d4d9a5b589,≡ƒÆ╗ Enquire Now,INCOMING,2026-06-27 23:42:02,wamid.HBgMOTE3MDUwMDQ3MTU5FQIAEhggQUNBOTIyREM3M0EyOTU2QTY1M0VFQkY2NUJBMTBFMjIA,9431bdc0-7a42-4f5e-a86a-fc2b174f08bf,6c77c2c8-de8c-477c-b5e3-cdab13a925c6,f2743829-9058-4a1e-aaf0-1a536e6508b9
c4688ab5-82b1-4bc8-899c-08aa7497746c,≡ƒæï What is your full name?,OUTGOING,2026-06-27 23:42:03.811499,wamid.HBgMOTE3MDUwMDQ3MTU5FQIAERgSMTlDREI4QUREQkNCOEEzOUQ4AA==,9431bdc0-7a42-4f5e-a86a-fc2b174f08bf,6c77c2c8-de8c-477c-b5e3-cdab13a925c6,f2743829-9058-4a1e-aaf0-1a536e6508b9
cb87d92f-61e6-47f4-b4da-0e0461edc3a8,Himanshu,INCOMING,2026-06-27 23:42:06,wamid.HBgMOTE3MDUwMDQ3MTU5FQIAEhggQUMxNzRERTExMThCODY2RUVCOUI5OUJBNkZDNzYxMTQA,9431bdc0-7a42-4f5e-a86a-fc2b174f08bf,6c77c2c8-de8c-477c-b5e3-cdab13a925c6,f2743829-9058-4a1e-aaf0-1a536e6508b9
ef43cac7-0a30-45b5-ba44-c3562e1d0349,≡ƒô▒ Please provide your contact number:,OUTGOING,2026-06-27 23:42:07.641479,wamid.HBgMOTE3MDUwMDQ3MTU5FQIAERgSODRDOTlFNzk2MUE0MTBDMTA3AA==,9431bdc0-7a42-4f5e-a86a-fc2b174f08bf,6c77c2c8-de8c-477c-b5e3-cdab13a925c6,f2743829-9058-4a1e-aaf0-1a536e6508b9
22a5a0fa-733b-4955-bd23-9410320a84c5,70500 47159,INCOMING,2026-06-27 23:42:08,wamid.HBgMOTE3MDUwMDQ3MTU5FQIAEhggQUM1NUQxRjMyM0ZFQzJERDdBNUM5RTU4NDdEMDE1MUYA,9431bdc0-7a42-4f5e-a86a-fc2b174f08bf,6c77c2c8-de8c-477c-b5e3-cdab13a925c6,f2743829-9058-4a1e-aaf0-1a536e6508b9
f3c2c4ea-5b45-420d-b05b-275921d8b1a1,≡ƒô⌐ What is your email address?,OUTGOING,2026-06-27 23:42:10.199926,wamid.HBgMOTE3MDUwMDQ3MTU5FQIAERgSOTQ1QkNBN0U0MjZENDYzODA4AA==,9431bdc0-7a42-4f5e-a86a-fc2b174f08bf,6c77c2c8-de8c-477c-b5e3-cdab13a925c6,f2743829-9058-4a1e-aaf0-1a536e6508b9
fcfb3535-3317-4924-afc9-32de3b056cad,Hkbharti77@gmail.com,INCOMING,2026-06-27 23:42:12,wamid.HBgMOTE3MDUwMDQ3MTU5FQIAEhggQUNGMEI1MzcyMkJDQ0YzRjdFN0ZCREE5RDNFNjI5QTgA,9431bdc0-7a42-4f5e-a86a-fc2b174f08bf,6c77c2c8-de8c-477c-b5e3-cdab13a925c6,f2743829-9058-4a1e-aaf0-1a536e6508b9
2b5afd0a-7aca-4922-8a56-3c31782a0518,≡ƒÄé What is your age?,OUTGOING,2026-06-27 23:42:13.521875,wamid.HBgMOTE3MDUwMDQ3MTU5FQIAERgSODA3QUE3RDVERUQ1RDNDMEEyAA==,9431bdc0-7a42-4f5e-a86a-fc2b174f08bf,6c77c2c8-de8c-477c-b5e3-cdab13a925c6,f2743829-9058-4a1e-aaf0-1a536e6508b9
5f24b17c-bb83-4676-bc63-f945fee20f6e,45,INCOMING,2026-06-27 23:42:17,wamid.HBgMOTE3MDUwMDQ3MTU5FQIAEhggQUNDQkJGMDE0QzcwOENENzBDNDJCQkVBMzc1QURCNjYA,9431bdc0-7a42-4f5e-a86a-fc2b174f08bf,6c77c2c8-de8c-477c-b5e3-cdab13a925c6,f2743829-9058-4a1e-aaf0-1a536e6508b9
0bfa91f1-85c3-4eb5-9b94-57b4538c66e7,"≡ƒæñ What is your gender?

Options: Male, Female, Other",OUTGOING,2026-06-27 23:42:18.871552,wamid.HBgMOTE3MDUwMDQ3MTU5FQIAERgSMzVDODA5Q0M4NTM3MjY3MTc4AA==,9431bdc0-7a42-4f5e-a86a-fc2b174f08bf,6c77c2c8-de8c-477c-b5e3-cdab13a925c6,f2743829-9058-4a1e-aaf0-1a536e6508b9
43d30fc4-cddd-45e3-8fd0-ecce45078fda,Male,INCOMING,2026-06-27 23:42:21,wamid.HBgMOTE3MDUwMDQ3MTU5FQIAEhggQUNGMUMzNzc5MEIwNzM1MTMwMjNFQTA1RTc3OTU2MDUA,9431bdc0-7a42-4f5e-a86a-fc2b174f08bf,6c77c2c8-de8c-477c-b5e3-cdab13a925c6,f2743829-9058-4a1e-aaf0-1a536e6508b9
52b008a6-bfad-4c0a-bfc6-dd474ff7dc1f,≡ƒÆ░ What is your estimated budget?,OUTGOING,2026-06-27 23:42:22.671723,wamid.HBgMOTE3MDUwMDQ3MTU5FQIAERgSMUNEMjI5RDU5RjVDNURFMjJGAA==,9431bdc0-7a42-4f5e-a86a-fc2b174f08bf,6c77c2c8-de8c-477c-b5e3-cdab13a925c6,f2743829-9058-4a1e-aaf0-1a536e6508b9
fbbfc8d5-ab9b-4de8-830a-b9d215756bbb,45000,INCOMING,2026-06-27 23:42:27,wamid.HBgMOTE3MDUwMDQ3MTU5FQIAEhggQUNCQ0Y3QUEzQkVDNzkwOUMxRkFERjRCNEYzMzlDMDEA,9431bdc0-7a42-4f5e-a86a-fc2b174f08bf,6c77c2c8-de8c-477c-b5e3-cdab13a925c6,f2743829-9058-4a1e-aaf0-1a536e6508b9
7574cb25-0c82-4809-b81e-aa94e99e7294,≡ƒôì Please share your full address/location:,OUTGOING,2026-06-27 23:42:29.094546,wamid.HBgMOTE3MDUwMDQ3MTU5FQIAERgSRjRBRTE3MkEzMzMyN0E0NUM2AA==,9431bdc0-7a42-4f5e-a86a-fc2b174f08bf,6c77c2c8-de8c-477c-b5e3-cdab13a925c6,f2743829-9058-4a1e-aaf0-1a536e6508b9
08461fd7-5dc9-42b5-b5ba-14501de737ed,Katghara salmon,INCOMING,2026-06-27 23:42:36,wamid.HBgMOTE3MDUwMDQ3MTU5FQIAEhggQUNCNzUyNDEyMzRBODk0ODhFMzJBNEQ4M0JBRUJEMjkA,9431bdc0-7a42-4f5e-a86a-fc2b174f08bf,6c77c2c8-de8c-477c-b5e3-cdab13a925c6,f2743829-9058-4a1e-aaf0-1a536e6508b9
74130846-c939-4e4d-b603-744fcb383027,≡ƒÅÖ∩╕Å Which city are you located in?,OUTGOING,2026-06-27 23:42:37.727567,wamid.HBgMOTE3MDUwMDQ3MTU5FQIAERgSQzA0OTZBNDI3NDJFQ0NBODA2AA==,9431bdc0-7a42-4f5e-a86a-fc2b174f08bf,6c77c2c8-de8c-477c-b5e3-cdab13a925c6,f2743829-9058-4a1e-aaf0-1a536e6508b9
c935907e-e9c8-4169-ac70-8a84e2043316,Saharsa,INCOMING,2026-06-27 23:42:43,wamid.HBgMOTE3MDUwMDQ3MTU5FQIAEhggQUMxMzZDNEY1RUUyQTJGNDQwQTJFMDdEREFCOTZCOTEA,9431bdc0-7a42-4f5e-a86a-fc2b174f08bf,6c77c2c8-de8c-477c-b5e3-cdab13a925c6,f2743829-9058-4a1e-aaf0-1a536e6508b9
70ce5b0b-f60b-4bcc-b4d7-6f826cdd30df,≡ƒô« What is your pincode/zip code?,OUTGOING,2026-06-27 23:42:44.090251,wamid.HBgMOTE3MDUwMDQ3MTU5FQIAERgSRTQxNUZCNkVGNzE2N0VFQzZGAA==,9431bdc0-7a42-4f5e-a86a-fc2b174f08bf,6c77c2c8-de8c-477c-b5e3-cdab13a925c6,f2743829-9058-4a1e-aaf0-1a536e6508b9
243d2898-1ab5-48cb-bbcc-953bbf5b0969,786709,INCOMING,2026-06-27 23:42:50,wamid.HBgMOTE3MDUwMDQ3MTU5FQIAEhggQUMyOUIxNTdEM0JCQzgwMkEzN0ZERThCQzY5MkMwQTEA,9431bdc0-7a42-4f5e-a86a-fc2b174f08bf,6c77c2c8-de8c-477c-b5e3-cdab13a925c6,f2743829-9058-4a1e-aaf0-1a536e6508b9
b0eef632-27ed-4f2e-9f2a-33daadeb7707,"≡ƒòÉ When is the best time for us to contact you?

Options: Morning (9amΓÇô12pm), Afternoon (12ΓÇô4pm), Evening (4pmΓÇô8pm)",OUTGOING,2026-06-27 23:42:51.61795,wamid.HBgMOTE3MDUwMDQ3MTU5FQIAERgSNzNBQjUwQUMzRUYxMTFFMEI4AA==,9431bdc0-7a42-4f5e-a86a-fc2b174f08bf,6c77c2c8-de8c-477c-b5e3-cdab13a925c6,f2743829-9058-4a1e-aaf0-1a536e6508b9
93ed319c-dcf8-4317-8df0-d8f4c8f29696,Morning (9amΓÇô12pm),INCOMING,2026-06-27 23:42:55,wamid.HBgMOTE3MDUwMDQ3MTU5FQIAEhggQUNDRkQwQkRBNjJFRkFFMTNFMEU1NTdBNzc5Qzg1MjAA,9431bdc0-7a42-4f5e-a86a-fc2b174f08bf,6c77c2c8-de8c-477c-b5e3-cdab13a925c6,f2743829-9058-4a1e-aaf0-1a536e6508b9
4d2e4754-c9ad-44a5-9365-c38761169cfd,≡ƒôà Please specify a preferred date (DD/MM/YYYY):,OUTGOING,2026-06-27 23:42:56.479122,wamid.HBgMOTE3MDUwMDQ3MTU5FQIAERgSQjk0Qzk4RUY5NjAwRDU4OTU2AA==,9431bdc0-7a42-4f5e-a86a-fc2b174f08bf,6c77c2c8-de8c-477c-b5e3-cdab13a925c6,f2743829-9058-4a1e-aaf0-1a536e6508b9
078c4161-a553-4893-b0e8-8359b6080d98,23/09/2002,INCOMING,2026-06-27 23:43:07,wamid.HBgMOTE3MDUwMDQ3MTU5FQIAEhggQUM5MjNBRkZBRTA1MUI1ODZEM0VCMTk3NUFDRkYyRTUA,9431bdc0-7a42-4f5e-a86a-fc2b174f08bf,6c77c2c8-de8c-477c-b5e3-cdab13a925c6,f2743829-9058-4a1e-aaf0-1a536e6508b9
838efcb0-d73c-49a0-a6d5-8bacc8a00257,"ΓÜí How urgent is your requirement?

Options: Immediate, Within a week, Within a month, Just browsing",OUTGOING,2026-06-27 23:43:08.769103,wamid.HBgMOTE3MDUwMDQ3MTU5FQIAERgSQUM2NjREOTcyQjc3RUZGMEVEAA==,9431bdc0-7a42-4f5e-a86a-fc2b174f08bf,6c77c2c8-de8c-477c-b5e3-cdab13a925c6,f2743829-9058-4a1e-aaf0-1a536e6508b9
5f9f3fb0-6527-4081-b503-d80b38309522,Within a month,INCOMING,2026-06-27 23:43:14,wamid.HBgMOTE3MDUwMDQ3MTU5FQIAEhggQUM2RjAyMkQ2REJFMTBBRDNDM0U1RjA3QTk3NkE5MkUA,9431bdc0-7a42-4f5e-a86a-fc2b174f08bf,6c77c2c8-de8c-477c-b5e3-cdab13a925c6,f2743829-9058-4a1e-aaf0-1a536e6508b9
012f5564-7c4e-4a89-b98d-92e1539266bb,"≡ƒôï Which service category are you interested in?

Options: Consultation, Installation/Setup, Repair/Maintenance, Other",OUTGOING,2026-06-27 23:43:15.332407,wamid.HBgMOTE3MDUwMDQ3MTU5FQIAERgSNjY1MzQ5RTM5NDgwMEIwNkMyAA==,9431bdc0-7a42-4f5e-a86a-fc2b174f08bf,6c77c2c8-de8c-477c-b5e3-cdab13a925c6,f2743829-9058-4a1e-aaf0-1a536e6508b9
e036fb92-53f0-4f3d-910d-e953032f7091,Consultation,INCOMING,2026-06-27 23:43:22,wamid.HBgMOTE3MDUwMDQ3MTU5FQIAEhggQUM3NkZDOENCQzc1OUU1QjI1QzNEQjIyNjVENjE5QTkA,9431bdc0-7a42-4f5e-a86a-fc2b174f08bf,6c77c2c8-de8c-477c-b5e3-cdab13a925c6,f2743829-9058-4a1e-aaf0-1a536e6508b9
aee657f8-e00d-4b52-a6e2-ec3c69452e51,"≡ƒöì How did you hear about us?

Options: Google/Search, Social Media, Friend/Referral, Advertisement",OUTGOING,2026-06-27 23:43:23.113694,wamid.HBgMOTE3MDUwMDQ3MTU5FQIAERgSM0NFNDhGQjc0ODgwRTdGMkMxAA==,9431bdc0-7a42-4f5e-a86a-fc2b174f08bf,6c77c2c8-de8c-477c-b5e3-cdab13a925c6,f2743829-9058-4a1e-aaf0-1a536e6508b9
c1d29b70-0138-48d2-b0e8-dac9fabe8eaf,≡ƒô¥ Please describe your specific requirement in detail:,OUTGOING,2026-06-27 23:43:32.253731,wamid.HBgMOTE3MDUwMDQ3MTU5FQIAERgSQTQ2RDRDMkFGOUE2NzdBNEEwAA==,9431bdc0-7a42-4f5e-a86a-fc2b174f08bf,6c77c2c8-de8c-477c-b5e3-cdab13a925c6,f2743829-9058-4a1e-aaf0-1a536e6508b9
fb06505b-dd8f-4792-8b12-58ea658a104d,jbnkjlkjoko,OUTGOING,2026-06-27 23:43:37.054743,wamid.HBgMOTE3MDUwMDQ3MTU5FQIAERgSMjQ1QjU4OEIzODI3OEQzRkFDAA==,9431bdc0-7a42-4f5e-a86a-fc2b174f08bf,6c77c2c8-de8c-477c-b5e3-cdab13a925c6,f2743829-9058-4a1e-aaf0-1a536e6508b9
ad8d8a34-e100-4b59-aeb3-b3391b6b1d0e,: nlkjnlkjlkjk,OUTGOING,2026-06-27 23:43:40.766345,wamid.HBgMOTE3MDUwMDQ3MTU5FQIAERgSOUE2OTg4QTU0N0I3QzIxNTRDAA==,9431bdc0-7a42-4f5e-a86a-fc2b174f08bf,6c77c2c8-de8c-477c-b5e3-cdab13a925c6,f2743829-9058-4a1e-aaf0-1a536e6508b9
5ee3dd60-343f-4ca9-8c43-ce974bde04c4,":kjnnlklklkjl

Options: Option A, Option B, Option C",OUTGOING,2026-06-27 23:43:44.367044,wamid.HBgMOTE3MDUwMDQ3MTU5FQIAERgSRUQ4RUU1Nzc2NkNCQTc1Mzc2AA==,9431bdc0-7a42-4f5e-a86a-fc2b174f08bf,6c77c2c8-de8c-477c-b5e3-cdab13a925c6,f2743829-9058-4a1e-aaf0-1a536e6508b9
5d25c307-9b60-44ad-9c0b-6cb03df7cd5d,"jkjkj;kjlkj

Options: Option X, Option Y, Option Z",OUTGOING,2026-06-27 23:43:48.184607,wamid.HBgMOTE3MDUwMDQ3MTU5FQIAERgSRTFDODkzODcwMDFCNkMzNUEzAA==,9431bdc0-7a42-4f5e-a86a-fc2b174f08bf,6c77c2c8-de8c-477c-b5e3-cdab13a925c6,f2743829-9058-4a1e-aaf0-1a536e6508b9
8145f2ec-930c-4746-947c-006023826cd9,"≡ƒñ¥ *Thank you, Himanshu!*

We've noted your interest in *General Enquiry*.
Your reference number is: *GYANF2-L260627-0015*

Our expert will contact you within 24 hours with the best options for you.",OUTGOING,2026-06-27 23:44:00.983414,wamid.HBgMOTE3MDUwMDQ3MTU5FQIAERgSOEZGOUNBOUJDRkFEODkzMEY5AA==,9431bdc0-7a42-4f5e-a86a-fc2b174f08bf,6c77c2c8-de8c-477c-b5e3-cdab13a925c6,f2743829-9058-4a1e-aaf0-1a536e6508b9
4b3eee9f-84ca-4dac-b087-f323a99831a0,Google/Search,INCOMING,2026-06-27 23:43:31,wamid.HBgMOTE3MDUwMDQ3MTU5FQIAEhggQUMzMUE3MzE1NTk1M0JGQjc0ODY3MkE3QTkzOTcyRTkA,9431bdc0-7a42-4f5e-a86a-fc2b174f08bf,6c77c2c8-de8c-477c-b5e3-cdab13a925c6,f2743829-9058-4a1e-aaf0-1a536e6508b9
ef23a5d3-3c09-4066-b122-d7645340c491,Testing Testing Testing,INCOMING,2026-06-27 23:43:36,wamid.HBgMOTE3MDUwMDQ3MTU5FQIAEhggQUM5MUExOEMzNTUyOURGM0Y2QTlBRjRDQzA1QjUwRjUA,9431bdc0-7a42-4f5e-a86a-fc2b174f08bf,6c77c2c8-de8c-477c-b5e3-cdab13a925c6,f2743829-9058-4a1e-aaf0-1a536e6508b9
13697db6-e5a7-4e67-9b45-a2901c27b511,Xyzz,INCOMING,2026-06-27 23:43:39,wamid.HBgMOTE3MDUwMDQ3MTU5FQIAEhggQUMxOEQxRTkwRTNCNzhGQkVEQTYyNjMyQ0UzNTI3NDcA,9431bdc0-7a42-4f5e-a86a-fc2b174f08bf,6c77c2c8-de8c-477c-b5e3-cdab13a925c6,f2743829-9058-4a1e-aaf0-1a536e6508b9
8197cd54-33a4-4a26-8a4f-27834ff0e2c2,Yfghhjjj,INCOMING,2026-06-27 23:43:43,wamid.HBgMOTE3MDUwMDQ3MTU5FQIAEhggQUM5OEFFQjRFRjQ5QjdGNzg5NUZEM0ZGODY0MTRERUYA,9431bdc0-7a42-4f5e-a86a-fc2b174f08bf,6c77c2c8-de8c-477c-b5e3-cdab13a925c6,f2743829-9058-4a1e-aaf0-1a536e6508b9
685dd919-b84f-4dd9-b7ce-42d908dc6b3e,Option B,INCOMING,2026-06-27 23:43:47,wamid.HBgMOTE3MDUwMDQ3MTU5FQIAEhggQUM5QTkxQTA2REFDQ0I5RDFCODU2QzJEQzI5REM2OEYA,9431bdc0-7a42-4f5e-a86a-fc2b174f08bf,6c77c2c8-de8c-477c-b5e3-cdab13a925c6,f2743829-9058-4a1e-aaf0-1a536e6508b9
5fc5c327-3fb2-418f-bfc2-c27bb150d788,Option Y,INCOMING,2026-06-27 23:43:51,wamid.HBgMOTE3MDUwMDQ3MTU5FQIAEhggQUM0NUVCNDE4ODRDNzk5OTE0NzdCQTIzODdGQ0IyRDYA,9431bdc0-7a42-4f5e-a86a-fc2b174f08bf,6c77c2c8-de8c-477c-b5e3-cdab13a925c6,f2743829-9058-4a1e-aaf0-1a536e6508b9
9db57a0a-03af-4fa6-aa4a-07f1caffcf41,Hi,INCOMING,2026-06-27 23:51:07,wamid.HBgMOTE3MDUwMDQ3MTU5FQIAEhggQUM3OTk2NTdBMkYyQjA0OEMyRjk1NjRDNDc3OUMyM0EA,9431bdc0-7a42-4f5e-a86a-fc2b174f08bf,6c77c2c8-de8c-477c-b5e3-cdab13a925c6,f2743829-9058-4a1e-aaf0-1a536e6508b9
68bf070b-67f2-4cc7-aee3-b3cfd507efe4,"≡ƒæï Welcome back, HIMANSHU!

Thank you for connecting with Gyan VaniAI again. How can I assist you today?

Please select an option from the menu below.

Options: ≡ƒÆ╗ Enquire Now, ≡ƒñû AI Solutions, ≡ƒÆ¼ WhatsApp Automation, ≡ƒîÉ Website Chat Widget, ≡ƒôé About & Contact, ≡ƒåÿ Human Support, ≡ƒÄ½ Get Support",OUTGOING,2026-06-27 23:51:12.554064,wamid.HBgMOTE3MDUwMDQ3MTU5FQIAERgSOTMwN0Y4MERGQzk5QTU1NUJFAA==,9431bdc0-7a42-4f5e-a86a-fc2b174f08bf,6c77c2c8-de8c-477c-b5e3-cdab13a925c6,f2743829-9058-4a1e-aaf0-1a536e6508b9
96418881-2d37-4817-806f-115bc4c0c0c5,≡ƒÆ╗ Enquire Now,INCOMING,2026-06-27 23:51:20,wamid.HBgMOTE3MDUwMDQ3MTU5FQIAEhggQUMyOEI0RjNGNDYyQkQzRjREMDI5OEU1NzI5REZBMTkA,9431bdc0-7a42-4f5e-a86a-fc2b174f08bf,6c77c2c8-de8c-477c-b5e3-cdab13a925c6,f2743829-9058-4a1e-aaf0-1a536e6508b9
664baef3-d377-4701-9553-23ffba641ee9,≡ƒæï What is your full name?,OUTGOING,2026-06-27 23:51:24.048588,wamid.HBgMOTE3MDUwMDQ3MTU5FQIAERgSMjJFQjU0QkVFNEQzOTQ2MDk3AA==,9431bdc0-7a42-4f5e-a86a-fc2b174f08bf,6c77c2c8-de8c-477c-b5e3-cdab13a925c6,f2743829-9058-4a1e-aaf0-1a536e6508b9
f6d96409-556e-4f12-84e7-03fb31a93570,Himanshu,INCOMING,2026-06-27 23:51:27,wamid.HBgMOTE3MDUwMDQ3MTU5FQIAEhggQUMyRTQzMkVFMkVEQjQzMDlCQjhCNTFFQTNDOTA2NzIA,9431bdc0-7a42-4f5e-a86a-fc2b174f08bf,6c77c2c8-de8c-477c-b5e3-cdab13a925c6,f2743829-9058-4a1e-aaf0-1a536e6508b9
8825f772-a5dc-4ab8-8f8f-16cd6c279588,≡ƒô▒ Please provide your contact number:,OUTGOING,2026-06-27 23:51:28.503458,wamid.HBgMOTE3MDUwMDQ3MTU5FQIAERgSNDMwODM1RDVDQkIwMUYwMDE5AA==,9431bdc0-7a42-4f5e-a86a-fc2b174f08bf,6c77c2c8-de8c-477c-b5e3-cdab13a925c6,f2743829-9058-4a1e-aaf0-1a536e6508b9
bed01b4c-f543-4896-87ed-67e053099664,70500 47159,INCOMING,2026-06-27 23:51:31,wamid.HBgMOTE3MDUwMDQ3MTU5FQIAEhggQUMwMDM0NUNGQTdBNjgyNDNFNEVCQ0EyMERFMUQ3Q0YA,9431bdc0-7a42-4f5e-a86a-fc2b174f08bf,6c77c2c8-de8c-477c-b5e3-cdab13a925c6,f2743829-9058-4a1e-aaf0-1a536e6508b9
33c14db5-1a53-4530-85c0-b75588668108,≡ƒô⌐ What is your email address?,OUTGOING,2026-06-27 23:51:33.375334,wamid.HBgMOTE3MDUwMDQ3MTU5FQIAERgSNDE5QkQ4QkJDODMyMEM5REI3AA==,9431bdc0-7a42-4f5e-a86a-fc2b174f08bf,6c77c2c8-de8c-477c-b5e3-cdab13a925c6,f2743829-9058-4a1e-aaf0-1a536e6508b9
2f07b878-ed18-40da-8960-36f7173dccb6,Hkbharti77@gmail.com,INCOMING,2026-06-27 23:51:33,wamid.HBgMOTE3MDUwMDQ3MTU5FQIAEhggQUM0OTkxMjY5MjBBRjA4ODI3NzdFRjlCQ0EwQTE0NkQA,9431bdc0-7a42-4f5e-a86a-fc2b174f08bf,6c77c2c8-de8c-477c-b5e3-cdab13a925c6,f2743829-9058-4a1e-aaf0-1a536e6508b9
4af00c2d-49ef-40b3-bdcd-205d8b62b292,≡ƒÄé What is your age?,OUTGOING,2026-06-27 23:51:34.844271,wamid.HBgMOTE3MDUwMDQ3MTU5FQIAERgSQkJBMTQzNDU3M0EwRjVFQzNDAA==,9431bdc0-7a42-4f5e-a86a-fc2b174f08bf,6c77c2c8-de8c-477c-b5e3-cdab13a925c6,f2743829-9058-4a1e-aaf0-1a536e6508b9
8dd03988-bab6-431c-9bb9-877d2dfa121f,23,INCOMING,2026-06-27 23:51:41,wamid.HBgMOTE3MDUwMDQ3MTU5FQIAEhggQUNBRThGMDVFMTIzNkQxQzBGQzQ2M0M2MDI4MDA3MUQA,9431bdc0-7a42-4f5e-a86a-fc2b174f08bf,6c77c2c8-de8c-477c-b5e3-cdab13a925c6,f2743829-9058-4a1e-aaf0-1a536e6508b9
d2ce0c4f-2fdd-4208-8880-7e782abe70ee,"≡ƒæñ What is your gender?

Options: Male, Female, Other",OUTGOING,2026-06-27 23:51:42.803291,wamid.HBgMOTE3MDUwMDQ3MTU5FQIAERgSMzUzRTUwNEUwNzkzMzgxM0JFAA==,9431bdc0-7a42-4f5e-a86a-fc2b174f08bf,6c77c2c8-de8c-477c-b5e3-cdab13a925c6,f2743829-9058-4a1e-aaf0-1a536e6508b9
832d05f1-4a46-442a-b88c-b4c3d0fd35e7,Male,INCOMING,2026-06-27 23:51:45,wamid.HBgMOTE3MDUwMDQ3MTU5FQIAEhggQUM1REJBNTE2OTdDRDhBRTU2MEVDNDhEMDJDRDlEM0UA,9431bdc0-7a42-4f5e-a86a-fc2b174f08bf,6c77c2c8-de8c-477c-b5e3-cdab13a925c6,f2743829-9058-4a1e-aaf0-1a536e6508b9
c2c941f9-c2c6-485c-8d5c-334c35ed6ab7,≡ƒÆ░ What is your estimated budget?,OUTGOING,2026-06-27 23:51:46.846153,wamid.HBgMOTE3MDUwMDQ3MTU5FQIAERgSQkMyNzc0RTFDNjI1REY0QUMwAA==,9431bdc0-7a42-4f5e-a86a-fc2b174f08bf,6c77c2c8-de8c-477c-b5e3-cdab13a925c6,f2743829-9058-4a1e-aaf0-1a536e6508b9
80db7d57-34f7-47a3-9968-560faf2dc093,34000,INCOMING,2026-06-27 23:51:52,wamid.HBgMOTE3MDUwMDQ3MTU5FQIAEhggQUMwQkZEMUZFNUIxQTI0MTY4RDI2NkRCNTdDQjBDNjcA,9431bdc0-7a42-4f5e-a86a-fc2b174f08bf,6c77c2c8-de8c-477c-b5e3-cdab13a925c6,f2743829-9058-4a1e-aaf0-1a536e6508b9
a2d16ac6-236a-4dde-a234-94e7a4c4433f,≡ƒôì Please share your full address/location:,OUTGOING,2026-06-27 23:51:52.993165,wamid.HBgMOTE3MDUwMDQ3MTU5FQIAERgSMjNDOEMzMzIyNzg5RkMwRTQ0AA==,9431bdc0-7a42-4f5e-a86a-fc2b174f08bf,6c77c2c8-de8c-477c-b5e3-cdab13a925c6,f2743829-9058-4a1e-aaf0-1a536e6508b9
952bf54b-b9a8-4f06-95a5-510a708e1835,Saharsa namaste,INCOMING,2026-06-27 23:51:59,wamid.HBgMOTE3MDUwMDQ3MTU5FQIAEhggQUM3RTE3NENDMTE5MDg5QTI2QzYwNEVFNjZGREYyQUMA,9431bdc0-7a42-4f5e-a86a-fc2b174f08bf,6c77c2c8-de8c-477c-b5e3-cdab13a925c6,f2743829-9058-4a1e-aaf0-1a536e6508b9
5e17fe25-edac-47ac-8593-e296eafbe3a7,≡ƒÅÖ∩╕Å Which city are you located in?,OUTGOING,2026-06-27 23:52:00.680192,wamid.HBgMOTE3MDUwMDQ3MTU5FQIAERgSM0FCRkEzOTVFRENFNjhGOTNDAA==,9431bdc0-7a42-4f5e-a86a-fc2b174f08bf,6c77c2c8-de8c-477c-b5e3-cdab13a925c6,f2743829-9058-4a1e-aaf0-1a536e6508b9
a58978ed-84cc-4ec8-bdb4-ba561ea49bc5,Salmon,INCOMING,2026-06-27 23:52:06,wamid.HBgMOTE3MDUwMDQ3MTU5FQIAEhggQUNBNzFGNDNFQjE1NUUxNzc2RjY2MzgyNTI5RkUyMjUA,9431bdc0-7a42-4f5e-a86a-fc2b174f08bf,6c77c2c8-de8c-477c-b5e3-cdab13a925c6,f2743829-9058-4a1e-aaf0-1a536e6508b9
e4eb36c6-a509-4476-9338-570a47bb925a,≡ƒô« What is your pincode/zip code?,OUTGOING,2026-06-27 23:52:07.654148,wamid.HBgMOTE3MDUwMDQ3MTU5FQIAERgSMkIzMjhFODAyRjk0RUUxRUU1AA==,9431bdc0-7a42-4f5e-a86a-fc2b174f08bf,6c77c2c8-de8c-477c-b5e3-cdab13a925c6,f2743829-9058-4a1e-aaf0-1a536e6508b9
64f99cce-6f53-4e90-baa9-b1d5ac6de295,862107,INCOMING,2026-06-27 23:52:14,wamid.HBgMOTE3MDUwMDQ3MTU5FQIAEhggQUM5NDk2NTI3REREMTJGNzEzNkI0N0I0MzUxNDVDMTYA,9431bdc0-7a42-4f5e-a86a-fc2b174f08bf,6c77c2c8-de8c-477c-b5e3-cdab13a925c6,f2743829-9058-4a1e-aaf0-1a536e6508b9
3a7851d8-dedf-4a91-83b9-3e885accbeb4,"≡ƒòÉ When is the best time for us to contact you?

Options: Morning (9amΓÇô12pm), Afternoon (12ΓÇô4pm), Evening (4pmΓÇô8pm)",OUTGOING,2026-06-27 23:52:15.676375,wamid.HBgMOTE3MDUwMDQ3MTU5FQIAERgSNzQxMTRBNDgwRkIzQTg3NDhBAA==,9431bdc0-7a42-4f5e-a86a-fc2b174f08bf,6c77c2c8-de8c-477c-b5e3-cdab13a925c6,f2743829-9058-4a1e-aaf0-1a536e6508b9
0108b683-47f5-4fc8-8cf3-bdf2b1f6a914,Morning (9amΓÇô12pm),INCOMING,2026-06-27 23:52:18,wamid.HBgMOTE3MDUwMDQ3MTU5FQIAEhggQUMyMjBDMTFCNDZGQTg3NDMwMzFERTRGRTg4ODk3MTYA,9431bdc0-7a42-4f5e-a86a-fc2b174f08bf,6c77c2c8-de8c-477c-b5e3-cdab13a925c6,f2743829-9058-4a1e-aaf0-1a536e6508b9
52d76b7f-7f69-42ba-8d15-f6d02369accc,≡ƒôà Please specify a preferred date (DD/MM/YYYY):,OUTGOING,2026-06-27 23:52:19.854933,wamid.HBgMOTE3MDUwMDQ3MTU5FQIAERgSMDA3MDgyNTBGNDhCOUUzNUM3AA==,9431bdc0-7a42-4f5e-a86a-fc2b174f08bf,6c77c2c8-de8c-477c-b5e3-cdab13a925c6,f2743829-9058-4a1e-aaf0-1a536e6508b9
9428b295-9a90-4175-8644-8ba64ca61975,12/12/2002,INCOMING,2026-06-27 23:52:31,wamid.HBgMOTE3MDUwMDQ3MTU5FQIAEhggQUM1QzY3OUNEOEQzNEUwNUU2QjZEREE2QzBGMDhCOUMA,9431bdc0-7a42-4f5e-a86a-fc2b174f08bf,6c77c2c8-de8c-477c-b5e3-cdab13a925c6,f2743829-9058-4a1e-aaf0-1a536e6508b9
68eb241b-9ada-4899-a36b-64690b208c26,"ΓÜí How urgent is your requirement?

Options: Immediate, Within a week, Within a month, Just browsing",OUTGOING,2026-06-27 23:52:32.892211,wamid.HBgMOTE3MDUwMDQ3MTU5FQIAERgSMjRGQTU4RjdGMzUyOUZDRDdCAA==,9431bdc0-7a42-4f5e-a86a-fc2b174f08bf,6c77c2c8-de8c-477c-b5e3-cdab13a925c6,f2743829-9058-4a1e-aaf0-1a536e6508b9
4f6b17af-97b1-4006-8014-fc308d6efc44,Within a week,INCOMING,2026-06-27 23:52:38,wamid.HBgMOTE3MDUwMDQ3MTU5FQIAEhggQUMzMkY2RjIyQkFBOUU3NkE0M0M2RTZBRjI5QzgwQzcA,9431bdc0-7a42-4f5e-a86a-fc2b174f08bf,6c77c2c8-de8c-477c-b5e3-cdab13a925c6,f2743829-9058-4a1e-aaf0-1a536e6508b9
bd8d442d-89fc-4720-b533-4d0db40c62a3,"≡ƒôï Which service category are you interested in?

Options: Consultation, Installation/Setup, Repair/Maintenance, Other",OUTGOING,2026-06-27 23:52:41.489835,wamid.HBgMOTE3MDUwMDQ3MTU5FQIAERgSN0YwQ0JCRDBDOUExQTNEMzY2AA==,9431bdc0-7a42-4f5e-a86a-fc2b174f08bf,6c77c2c8-de8c-477c-b5e3-cdab13a925c6,f2743829-9058-4a1e-aaf0-1a536e6508b9
197f8a3c-7c70-4bb5-b8d8-cfc32a6326e7,Consultation,INCOMING,2026-06-27 23:52:46,wamid.HBgMOTE3MDUwMDQ3MTU5FQIAEhggQUNCNzE5MDJFODlFNzlCMTlBOTA4Q0NDNUVDQjM4RUEA,9431bdc0-7a42-4f5e-a86a-fc2b174f08bf,6c77c2c8-de8c-477c-b5e3-cdab13a925c6,f2743829-9058-4a1e-aaf0-1a536e6508b9
08e39ac8-3f9a-4156-84d0-3dfb1080f693,"≡ƒöì How did you hear about us?

Options: Google/Search, Social Media, Friend/Referral, Advertisement",OUTGOING,2026-06-27 23:52:48.555358,wamid.HBgMOTE3MDUwMDQ3MTU5FQIAERgSMkJCMTI2NjI2NDAxQ0IwMkYyAA==,9431bdc0-7a42-4f5e-a86a-fc2b174f08bf,6c77c2c8-de8c-477c-b5e3-cdab13a925c6,f2743829-9058-4a1e-aaf0-1a536e6508b9
d26b62d7-b616-414b-88b0-73ab2dd267e1,Google/Search,INCOMING,2026-06-27 23:52:54,wamid.HBgMOTE3MDUwMDQ3MTU5FQIAEhggQUNDMTIyRTAzMUY3NEYxOTExNjMwNkFFQjAxRDVGM0MA,9431bdc0-7a42-4f5e-a86a-fc2b174f08bf,6c77c2c8-de8c-477c-b5e3-cdab13a925c6,f2743829-9058-4a1e-aaf0-1a536e6508b9
294445ef-26e7-43db-8a0f-6963d536a725,Testing Testing,INCOMING,2026-06-27 23:52:58,wamid.HBgMOTE3MDUwMDQ3MTU5FQIAEhggQUM5QzUxQTdEMzVGMTY3Mzk1QTAxOEFERjM1NTRCMUUA,9431bdc0-7a42-4f5e-a86a-fc2b174f08bf,6c77c2c8-de8c-477c-b5e3-cdab13a925c6,f2743829-9058-4a1e-aaf0-1a536e6508b9
b4971678-6094-4d89-9515-54912412f9a7,Testing,INCOMING,2026-06-27 23:53:04,wamid.HBgMOTE3MDUwMDQ3MTU5FQIAEhggQUNGNjdEMUU0RkU2MzRDOUFBNzdDMUNDMERCMkFBM0MA,9431bdc0-7a42-4f5e-a86a-fc2b174f08bf,6c77c2c8-de8c-477c-b5e3-cdab13a925c6,f2743829-9058-4a1e-aaf0-1a536e6508b9
0cb45c1a-6809-4176-80ff-a17c6a1979c3,Testing and,INCOMING,2026-06-27 23:53:07,wamid.HBgMOTE3MDUwMDQ3MTU5FQIAEhggQUM5MkM1NjNGMzFDMjVGN0I1NTNDMDVGNjVFOEMzNUQA,9431bdc0-7a42-4f5e-a86a-fc2b174f08bf,6c77c2c8-de8c-477c-b5e3-cdab13a925c6,f2743829-9058-4a1e-aaf0-1a536e6508b9
0fcaecf5-2ee8-4fb1-b3a5-595949bed6ba,Option B,INCOMING,2026-06-27 23:53:11,wamid.HBgMOTE3MDUwMDQ3MTU5FQIAEhggQUM1OTc0MkMwNDI2MjM3QzhBNTI2MEE3NDg0Mzk2RjYA,9431bdc0-7a42-4f5e-a86a-fc2b174f08bf,6c77c2c8-de8c-477c-b5e3-cdab13a925c6,f2743829-9058-4a1e-aaf0-1a536e6508b9
d945bca9-a7ed-4cb2-afa5-9eb8e2e156fa,Option Y,INCOMING,2026-06-27 23:53:15,wamid.HBgMOTE3MDUwMDQ3MTU5FQIAEhggQUNENTcwQTgzNEE4Q0M3ODAxRThFQkQ5MEJFMjI4NEIA,9431bdc0-7a42-4f5e-a86a-fc2b174f08bf,6c77c2c8-de8c-477c-b5e3-cdab13a925c6,f2743829-9058-4a1e-aaf0-1a536e6508b9
095ab455-b4fe-4757-8257-d7413f75901c,≡ƒô¥ Please describe your specific requirement in detail:,OUTGOING,2026-06-27 23:52:56.028457,wamid.HBgMOTE3MDUwMDQ3MTU5FQIAERgSRjVCMDY3OTk4OEZERTEwNDUwAA==,9431bdc0-7a42-4f5e-a86a-fc2b174f08bf,6c77c2c8-de8c-477c-b5e3-cdab13a925c6,f2743829-9058-4a1e-aaf0-1a536e6508b9
f3f174bc-8f16-4c0f-9785-df405bc91bf8,jbnkjlkjoko,OUTGOING,2026-06-27 23:52:59.633509,wamid.HBgMOTE3MDUwMDQ3MTU5FQIAERgSMEU3MzlGN0UxNUIyQ0NDQjZGAA==,9431bdc0-7a42-4f5e-a86a-fc2b174f08bf,6c77c2c8-de8c-477c-b5e3-cdab13a925c6,f2743829-9058-4a1e-aaf0-1a536e6508b9
792d3f77-4fcf-4941-892e-08d1b155a7b9,: nlkjnlkjlkjk,OUTGOING,2026-06-27 23:53:05.500507,wamid.HBgMOTE3MDUwMDQ3MTU5FQIAERgSQjNDRDM2MTA0NURFMERGNTVGAA==,9431bdc0-7a42-4f5e-a86a-fc2b174f08bf,6c77c2c8-de8c-477c-b5e3-cdab13a925c6,f2743829-9058-4a1e-aaf0-1a536e6508b9
8ebe6e45-175b-4c3b-a28d-762de40672f2,":kjnnlklklkjl

Options: Option A, Option B, Option C",OUTGOING,2026-06-27 23:53:08.944643,wamid.HBgMOTE3MDUwMDQ3MTU5FQIAERgSNjMzOTQ3NDJDMzFGMjE5MzVGAA==,9431bdc0-7a42-4f5e-a86a-fc2b174f08bf,6c77c2c8-de8c-477c-b5e3-cdab13a925c6,f2743829-9058-4a1e-aaf0-1a536e6508b9
07061309-2ca5-4e82-bc2a-7b5a6352d3fd,"jkjkj;kjlkj

Options: Option X, Option Y, Option Z",OUTGOING,2026-06-27 23:53:12.594437,wamid.HBgMOTE3MDUwMDQ3MTU5FQIAERgSRTE0QjZDMkVCMzdDQjJFMTJGAA==,9431bdc0-7a42-4f5e-a86a-fc2b174f08bf,6c77c2c8-de8c-477c-b5e3-cdab13a925c6,f2743829-9058-4a1e-aaf0-1a536e6508b9
bd116ec2-2a32-4c7f-a749-c1ef709dbaa0,"≡ƒñ¥ *Thank you, Himanshu!*

We've noted your interest in *General Enquiry*.
Your reference number is: *GYANF2-L260627-0016*

Our expert will contact you within 24 hours with the best options for you.",OUTGOING,2026-06-27 23:53:29.587198,wamid.HBgMOTE3MDUwMDQ3MTU5FQIAERgSNEFEMzA2NThGNTdERUYyMzQzAA==,9431bdc0-7a42-4f5e-a86a-fc2b174f08bf,6c77c2c8-de8c-477c-b5e3-cdab13a925c6,f2743829-9058-4a1e-aaf0-1a536e6508b9
ac776978-09a4-41ed-b357-f6a8c9e3fa75,Hi,INCOMING,2026-06-28 00:03:00,wamid.HBgMOTE3MDUwMDQ3MTU5FQIAEhggQUNGREIxRUZFQkQwRTEwNUU1ODEyQzNBREFGRDRGQTQA,9431bdc0-7a42-4f5e-a86a-fc2b174f08bf,6c77c2c8-de8c-477c-b5e3-cdab13a925c6,f2743829-9058-4a1e-aaf0-1a536e6508b9
a7436096-9c28-4673-8ff8-1cd395505407,"≡ƒæï Welcome back, HIMANSHU!

Thank you for connecting with Gyan VaniAI again. How can I assist you today?

Please select an option from the menu below.

Options: ≡ƒÆ╗ Enquire Now, ≡ƒñû AI Solutions, ≡ƒÆ¼ WhatsApp Automation, ≡ƒîÉ Website Chat Widget, ≡ƒôé About & Contact, ≡ƒåÿ Human Support, ≡ƒÄ½ Get Support",OUTGOING,2026-06-28 00:03:07.109576,wamid.HBgMOTE3MDUwMDQ3MTU5FQIAERgSOENBRkYwQ0RBMUY0MDIxMkY2AA==,9431bdc0-7a42-4f5e-a86a-fc2b174f08bf,6c77c2c8-de8c-477c-b5e3-cdab13a925c6,f2743829-9058-4a1e-aaf0-1a536e6508b9
9b12ec69-564d-42cc-a079-f5432b1b16bb,≡ƒÆ╗ Enquire Now,INCOMING,2026-06-28 00:03:13,wamid.HBgMOTE3MDUwMDQ3MTU5FQIAEhggQUNEMzhEQ0I3ODM2NEJDQThFNTY0NTdDQUM3NkIyMEUA,9431bdc0-7a42-4f5e-a86a-fc2b174f08bf,6c77c2c8-de8c-477c-b5e3-cdab13a925c6,f2743829-9058-4a1e-aaf0-1a536e6508b9
6e3391b9-4bef-4473-958e-37e1cc4ba1c8,≡ƒæï What is your full name?,OUTGOING,2026-06-28 00:03:15.163158,wamid.HBgMOTE3MDUwMDQ3MTU5FQIAERgSMEUzMjk3ODYyNTVERkQ4RTY3AA==,9431bdc0-7a42-4f5e-a86a-fc2b174f08bf,6c77c2c8-de8c-477c-b5e3-cdab13a925c6,f2743829-9058-4a1e-aaf0-1a536e6508b9
65a02ded-0997-4874-b82c-45e74205dc31,Himm,INCOMING,2026-06-28 00:03:17,wamid.HBgMOTE3MDUwMDQ3MTU5FQIAEhggQUM1MjAzMDkyMDc4MUE3NjQ5N0MwQTNCOUQ4NDQzMkYA,9431bdc0-7a42-4f5e-a86a-fc2b174f08bf,6c77c2c8-de8c-477c-b5e3-cdab13a925c6,f2743829-9058-4a1e-aaf0-1a536e6508b9
b97c86aa-bc99-4af9-bca5-e85907ac99ed,≡ƒô▒ Please provide your contact number:,OUTGOING,2026-06-28 00:03:18.633262,wamid.HBgMOTE3MDUwMDQ3MTU5FQIAERgSRkIxODE2MTczQzY3MzlBQ0NCAA==,9431bdc0-7a42-4f5e-a86a-fc2b174f08bf,6c77c2c8-de8c-477c-b5e3-cdab13a925c6,f2743829-9058-4a1e-aaf0-1a536e6508b9
592837fb-02ab-4675-afb6-b76db8341b4e,70500 47159,INCOMING,2026-06-28 00:03:21,wamid.HBgMOTE3MDUwMDQ3MTU5FQIAEhggQUMxOEYyNTJDOThBODE1NTE1RkE1QkIzODVBQzMwNDUA,9431bdc0-7a42-4f5e-a86a-fc2b174f08bf,6c77c2c8-de8c-477c-b5e3-cdab13a925c6,f2743829-9058-4a1e-aaf0-1a536e6508b9
13471ca3-6771-49d2-a3fe-ba74746f10d4,≡ƒô⌐ What is your email address?,OUTGOING,2026-06-28 00:03:23.34036,wamid.HBgMOTE3MDUwMDQ3MTU5FQIAERgSRTQ2MUJCQzdFRDI0MTkxQTM0AA==,9431bdc0-7a42-4f5e-a86a-fc2b174f08bf,6c77c2c8-de8c-477c-b5e3-cdab13a925c6,f2743829-9058-4a1e-aaf0-1a536e6508b9
83bc2f8d-44f7-4d12-a5a6-0ead6f05463e,Hkbharti77@gmail.com,INCOMING,2026-06-28 00:03:26,wamid.HBgMOTE3MDUwMDQ3MTU5FQIAEhggQUNGNUZFNjFBOTZEMzk4QjM2RTgxQjU5MjY5RTRBNkUA,9431bdc0-7a42-4f5e-a86a-fc2b174f08bf,6c77c2c8-de8c-477c-b5e3-cdab13a925c6,f2743829-9058-4a1e-aaf0-1a536e6508b9
57cf766b-0fb9-4cd2-9be5-bf4a9c070d05,≡ƒÄé What is your age?,OUTGOING,2026-06-28 00:03:29.330841,wamid.HBgMOTE3MDUwMDQ3MTU5FQIAERgSNkVERDhEQkEyRjVFNkI0MEUyAA==,9431bdc0-7a42-4f5e-a86a-fc2b174f08bf,6c77c2c8-de8c-477c-b5e3-cdab13a925c6,f2743829-9058-4a1e-aaf0-1a536e6508b9
8600e57d-c82b-4788-aa03-fd9c8b3a2933,33,INCOMING,2026-06-28 00:03:36,wamid.HBgMOTE3MDUwMDQ3MTU5FQIAEhggQUM3MThFMkI0NDk4REEzRTNFQzdEMDJGOUNGRUU2NDIA,9431bdc0-7a42-4f5e-a86a-fc2b174f08bf,6c77c2c8-de8c-477c-b5e3-cdab13a925c6,f2743829-9058-4a1e-aaf0-1a536e6508b9
ee787c1b-4bbf-45f8-a7ce-db400658a1dd,"≡ƒæñ What is your gender?

Options: Male, Female, Other",OUTGOING,2026-06-28 00:03:38.321087,wamid.HBgMOTE3MDUwMDQ3MTU5FQIAERgSMzdBOTAwNUREOTQzMjEyQTNEAA==,9431bdc0-7a42-4f5e-a86a-fc2b174f08bf,6c77c2c8-de8c-477c-b5e3-cdab13a925c6,f2743829-9058-4a1e-aaf0-1a536e6508b9
a81164dd-dd16-4751-8afc-bca5d33e71ba,Male,INCOMING,2026-06-28 00:03:41,wamid.HBgMOTE3MDUwMDQ3MTU5FQIAEhggQUM4RTM4OUQ0NjI0NzlFREU3OUQ1MDZDOUY4NEFBMzEA,9431bdc0-7a42-4f5e-a86a-fc2b174f08bf,6c77c2c8-de8c-477c-b5e3-cdab13a925c6,f2743829-9058-4a1e-aaf0-1a536e6508b9
158f736b-1ae1-42ba-8ebc-409094fa76a5,≡ƒÆ░ What is your estimated budget?,OUTGOING,2026-06-28 00:03:42.841885,wamid.HBgMOTE3MDUwMDQ3MTU5FQIAERgSODkzRjRGQ0JFQkNERjczNkQ0AA==,9431bdc0-7a42-4f5e-a86a-fc2b174f08bf,6c77c2c8-de8c-477c-b5e3-cdab13a925c6,f2743829-9058-4a1e-aaf0-1a536e6508b9
e779c33d-cdb9-4355-8628-a8c56ed0dcd8,34000,INCOMING,2026-06-28 00:03:47,wamid.HBgMOTE3MDUwMDQ3MTU5FQIAEhggQUM5RUVDOUNEM0Y4N0IwMTFBRTZFMjNBMzVGNTFDRDAA,9431bdc0-7a42-4f5e-a86a-fc2b174f08bf,6c77c2c8-de8c-477c-b5e3-cdab13a925c6,f2743829-9058-4a1e-aaf0-1a536e6508b9
3136a675-a2d4-4638-bfe4-3ebcbddc372c,≡ƒôì Please share your full address/location:,OUTGOING,2026-06-28 00:03:48.888649,wamid.HBgMOTE3MDUwMDQ3MTU5FQIAERgSQkFGMERCNjNENTg1NTI4QzlCAA==,9431bdc0-7a42-4f5e-a86a-fc2b174f08bf,6c77c2c8-de8c-477c-b5e3-cdab13a925c6,f2743829-9058-4a1e-aaf0-1a536e6508b9
bf8b2e41-136a-48d7-a472-cff196283d96,Sahara,INCOMING,2026-06-28 00:03:55,wamid.HBgMOTE3MDUwMDQ3MTU5FQIAEhggQUNGNEY1QUQ2NTE4QTk4OTk0NDlFMjhEOEM0N0JDNUQA,9431bdc0-7a42-4f5e-a86a-fc2b174f08bf,6c77c2c8-de8c-477c-b5e3-cdab13a925c6,f2743829-9058-4a1e-aaf0-1a536e6508b9
b7d81f7d-5de0-49ec-aafb-7a620a4d6709,≡ƒÅÖ∩╕Å Which city are you located in?,OUTGOING,2026-06-28 00:03:56.878996,wamid.HBgMOTE3MDUwMDQ3MTU5FQIAERgSODM5NkQ5OUJGMDdGMTNCNjg4AA==,9431bdc0-7a42-4f5e-a86a-fc2b174f08bf,6c77c2c8-de8c-477c-b5e3-cdab13a925c6,f2743829-9058-4a1e-aaf0-1a536e6508b9
851dedd7-ed08-4080-a9c9-7a2f199801c8,Saharsa,INCOMING,2026-06-28 00:04:04,wamid.HBgMOTE3MDUwMDQ3MTU5FQIAEhggQUM4Rjc2QTZCODczOTAyRTJFQTkyNzRBQ0IyNTE3OTUA,9431bdc0-7a42-4f5e-a86a-fc2b174f08bf,6c77c2c8-de8c-477c-b5e3-cdab13a925c6,f2743829-9058-4a1e-aaf0-1a536e6508b9
ca0e8918-eb64-4be2-80fc-cf86040738cc,≡ƒô« What is your pincode/zip code?,OUTGOING,2026-06-28 00:04:05.507531,wamid.HBgMOTE3MDUwMDQ3MTU5FQIAERgSMzJCNzdFOTIxRTE3NDk2QjRBAA==,9431bdc0-7a42-4f5e-a86a-fc2b174f08bf,6c77c2c8-de8c-477c-b5e3-cdab13a925c6,f2743829-9058-4a1e-aaf0-1a536e6508b9
47b259b0-0550-4159-a50e-b6d2dacf19ce,566666,INCOMING,2026-06-28 00:04:10,wamid.HBgMOTE3MDUwMDQ3MTU5FQIAEhggQUNBRUVCMzJDNTRCRjFERkFDRDYwQ0JBQUFEMzRGNTgA,9431bdc0-7a42-4f5e-a86a-fc2b174f08bf,6c77c2c8-de8c-477c-b5e3-cdab13a925c6,f2743829-9058-4a1e-aaf0-1a536e6508b9
50de2d44-75fd-4747-935c-a57419ae1ef3,"≡ƒòÉ When is the best time for us to contact you?

Options: Morning (9amΓÇô12pm), Afternoon (12ΓÇô4pm), Evening (4pmΓÇô8pm)",OUTGOING,2026-06-28 00:04:12.134896,wamid.HBgMOTE3MDUwMDQ3MTU5FQIAERgSMTIyMTREQUJFOTlCRDU5NjVBAA==,9431bdc0-7a42-4f5e-a86a-fc2b174f08bf,6c77c2c8-de8c-477c-b5e3-cdab13a925c6,f2743829-9058-4a1e-aaf0-1a536e6508b9
f7f63cec-6608-497d-b650-583d8a9d31f2,Afternoon (12ΓÇô4pm),INCOMING,2026-06-28 00:04:14,wamid.HBgMOTE3MDUwMDQ3MTU5FQIAEhggQUNDRUIxNjk0QzZDOTAyNjFGQThBMTQ5QUMxNjY3NTUA,9431bdc0-7a42-4f5e-a86a-fc2b174f08bf,6c77c2c8-de8c-477c-b5e3-cdab13a925c6,f2743829-9058-4a1e-aaf0-1a536e6508b9
5df8a950-18d8-4eee-b480-1b66420eddb7,≡ƒôà Please specify a preferred date (DD/MM/YYYY):,OUTGOING,2026-06-28 00:04:16.030174,wamid.HBgMOTE3MDUwMDQ3MTU5FQIAERgSMEY2QTRGMDA0MEQ2NzEzQkIzAA==,9431bdc0-7a42-4f5e-a86a-fc2b174f08bf,6c77c2c8-de8c-477c-b5e3-cdab13a925c6,f2743829-9058-4a1e-aaf0-1a536e6508b9
9352d541-ff5a-403b-9960-e8bff36cc409,1234459,INCOMING,2026-06-28 00:04:23,wamid.HBgMOTE3MDUwMDQ3MTU5FQIAEhggQUMyQ0EzRjA1Q0QwOTVDMzMwMjQyNDI1OEMwOTQzNTgA,9431bdc0-7a42-4f5e-a86a-fc2b174f08bf,6c77c2c8-de8c-477c-b5e3-cdab13a925c6,f2743829-9058-4a1e-aaf0-1a536e6508b9
04321f51-e809-4187-807f-9ed13c1aff04,"ΓÜí How urgent is your requirement?

Options: Immediate, Within a week, Within a month, Just browsing",OUTGOING,2026-06-28 00:04:25.753325,wamid.HBgMOTE3MDUwMDQ3MTU5FQIAERgSNDE5MzNCNENCMEI2MzVFMDlFAA==,9431bdc0-7a42-4f5e-a86a-fc2b174f08bf,6c77c2c8-de8c-477c-b5e3-cdab13a925c6,f2743829-9058-4a1e-aaf0-1a536e6508b9
c10e45d1-49b9-424c-b956-fcf708299fa2,Within a week,INCOMING,2026-06-28 00:04:30,wamid.HBgMOTE3MDUwMDQ3MTU5FQIAEhggQUMxRjhDNThFRDUyNTQ5NTg3QTlEMzAyQjU0OTgxNjAA,9431bdc0-7a42-4f5e-a86a-fc2b174f08bf,6c77c2c8-de8c-477c-b5e3-cdab13a925c6,f2743829-9058-4a1e-aaf0-1a536e6508b9
754d51a5-e97e-4417-86cc-a532b3b89119,"≡ƒôï Which service category are you interested in?

Options: Consultation, Installation/Setup, Repair/Maintenance, Other",OUTGOING,2026-06-28 00:04:31.985068,wamid.HBgMOTE3MDUwMDQ3MTU5FQIAERgSQkMzQ0FBREVBRDA2RjU2RTQyAA==,9431bdc0-7a42-4f5e-a86a-fc2b174f08bf,6c77c2c8-de8c-477c-b5e3-cdab13a925c6,f2743829-9058-4a1e-aaf0-1a536e6508b9
15fadf28-9a9e-467d-be39-31f610bb8c97,Installation/Setup,INCOMING,2026-06-28 00:04:36,wamid.HBgMOTE3MDUwMDQ3MTU5FQIAEhggQUM5QzMzNkYxNjQ1RTI1RjVDNkZEQUNENUU2RTEwRDgA,9431bdc0-7a42-4f5e-a86a-fc2b174f08bf,6c77c2c8-de8c-477c-b5e3-cdab13a925c6,f2743829-9058-4a1e-aaf0-1a536e6508b9
f4cc3157-3ad0-44e0-8fc7-fd6f4adc15db,"≡ƒöì How did you hear about us?

Options: Google/Search, Social Media, Friend/Referral, Advertisement",OUTGOING,2026-06-28 00:04:37.322055,wamid.HBgMOTE3MDUwMDQ3MTU5FQIAERgSOEM3NUYwMUQxREZCRkYwOUMzAA==,9431bdc0-7a42-4f5e-a86a-fc2b174f08bf,6c77c2c8-de8c-477c-b5e3-cdab13a925c6,f2743829-9058-4a1e-aaf0-1a536e6508b9
44d0b8ab-c758-42a4-a62e-6f82015e5139,≡ƒô¥ Please describe your specific requirement in detail:,OUTGOING,2026-06-28 00:04:43.436551,wamid.HBgMOTE3MDUwMDQ3MTU5FQIAERgSOTA0NzE3NjkwNTAxM0M3NTczAA==,9431bdc0-7a42-4f5e-a86a-fc2b174f08bf,6c77c2c8-de8c-477c-b5e3-cdab13a925c6,f2743829-9058-4a1e-aaf0-1a536e6508b9
1c249bd2-5aa1-4d76-b29e-fae74929e44e,jbnkjlkjoko,OUTGOING,2026-06-28 00:04:53.416224,wamid.HBgMOTE3MDUwMDQ3MTU5FQIAERgSREM0NDQzNTU0RTQ2QUIxMjk1AA==,9431bdc0-7a42-4f5e-a86a-fc2b174f08bf,6c77c2c8-de8c-477c-b5e3-cdab13a925c6,f2743829-9058-4a1e-aaf0-1a536e6508b9
f9b00c30-baee-4667-9ebb-77487f9b723d,: nlkjnlkjlkjk,OUTGOING,2026-06-28 00:05:00.744075,wamid.HBgMOTE3MDUwMDQ3MTU5FQIAERgSOUQ3QUY1ODJFQjdDMTY3NzdGAA==,9431bdc0-7a42-4f5e-a86a-fc2b174f08bf,6c77c2c8-de8c-477c-b5e3-cdab13a925c6,f2743829-9058-4a1e-aaf0-1a536e6508b9
9cd56c73-5670-48b6-b5f7-c6d5179032eb,":kjnnlklklkjl

Options: Option A, Option B, Option C",OUTGOING,2026-06-28 00:05:04.268173,wamid.HBgMOTE3MDUwMDQ3MTU5FQIAERgSMEM2MDczREQ2NjZFOENENTczAA==,9431bdc0-7a42-4f5e-a86a-fc2b174f08bf,6c77c2c8-de8c-477c-b5e3-cdab13a925c6,f2743829-9058-4a1e-aaf0-1a536e6508b9
d5f670e7-dd1c-4af0-8e77-4830e0c5a907,"jkjkj;kjlkj

Options: Option X, Option Y, Option Z",OUTGOING,2026-06-28 00:05:08.104851,wamid.HBgMOTE3MDUwMDQ3MTU5FQIAERgSOTNCMTNGMUNBN0M1RTBFOTJDAA==,9431bdc0-7a42-4f5e-a86a-fc2b174f08bf,6c77c2c8-de8c-477c-b5e3-cdab13a925c6,f2743829-9058-4a1e-aaf0-1a536e6508b9
26bc7c38-655d-46b8-afaf-fbbcc433b9e4,"≡ƒñ¥ *Thank you, Himm!*

We've noted your interest in *General Enquiry*.
Your reference number is: *GYANF2-L260628-0001*

Our expert will contact you within 24 hours with the best options for you.",OUTGOING,2026-06-28 00:05:18.984756,wamid.HBgMOTE3MDUwMDQ3MTU5FQIAERgSNjI0RjY2QzkyQzJFNEIxNzdEAA==,9431bdc0-7a42-4f5e-a86a-fc2b174f08bf,6c77c2c8-de8c-477c-b5e3-cdab13a925c6,f2743829-9058-4a1e-aaf0-1a536e6508b9
a6ac17f1-2579-40dd-b27a-9b433e641b6a,Google/Search,INCOMING,2026-06-28 00:04:42,wamid.HBgMOTE3MDUwMDQ3MTU5FQIAEhggQUNBNEI2MzAxQ0QwNENEM0U1OTQxMDFGRjc5RUMyOUMA,9431bdc0-7a42-4f5e-a86a-fc2b174f08bf,6c77c2c8-de8c-477c-b5e3-cdab13a925c6,f2743829-9058-4a1e-aaf0-1a536e6508b9
3cd999b9-11b4-49d0-b1c2-c39d83841efd,Testing Testing,INCOMING,2026-06-28 00:04:52,wamid.HBgMOTE3MDUwMDQ3MTU5FQIAEhggQUNGRkQwMkVFQTkyNzMwOTQwQzQzNjI2MTZCMkE5NTcA,9431bdc0-7a42-4f5e-a86a-fc2b174f08bf,6c77c2c8-de8c-477c-b5e3-cdab13a925c6,f2743829-9058-4a1e-aaf0-1a536e6508b9
f438cdb5-e604-46fc-b89b-ac5fdff911f8,Yyhhhbb,INCOMING,2026-06-28 00:04:59,wamid.HBgMOTE3MDUwMDQ3MTU5FQIAEhggQUNDRTgxNDMzNTM0Mjg4N0I3NjNCMzgxNDRGMEQzRjMA,9431bdc0-7a42-4f5e-a86a-fc2b174f08bf,6c77c2c8-de8c-477c-b5e3-cdab13a925c6,f2743829-9058-4a1e-aaf0-1a536e6508b9
64cc5e9e-0011-497e-a687-ac373d4d2012,Hhjjjjjjjjj,INCOMING,2026-06-28 00:05:03,wamid.HBgMOTE3MDUwMDQ3MTU5FQIAEhggQUM1MEMzOTA5NEU0RjMyNkQ4RTc2ODVBMTQxRDFDOTkA,9431bdc0-7a42-4f5e-a86a-fc2b174f08bf,6c77c2c8-de8c-477c-b5e3-cdab13a925c6,f2743829-9058-4a1e-aaf0-1a536e6508b9
cce1051f-32b1-4524-a86d-54846e1bb003,Option B,INCOMING,2026-06-28 00:05:07,wamid.HBgMOTE3MDUwMDQ3MTU5FQIAEhggQUNDMzQ3NEU5MEY5MUIzMEJFQTMzNzA5ODcxNTE3NkIA,9431bdc0-7a42-4f5e-a86a-fc2b174f08bf,6c77c2c8-de8c-477c-b5e3-cdab13a925c6,f2743829-9058-4a1e-aaf0-1a536e6508b9
46b43b97-29ca-40d4-96ef-3ad0d23a5483,Option Y,INCOMING,2026-06-28 00:05:10,wamid.HBgMOTE3MDUwMDQ3MTU5FQIAEhggQUNFN0FGQjU5QjJGRUQ3NkREOUU1QUU1NjNCNDJENDcA,9431bdc0-7a42-4f5e-a86a-fc2b174f08bf,6c77c2c8-de8c-477c-b5e3-cdab13a925c6,f2743829-9058-4a1e-aaf0-1a536e6508b9
1d59df05-90ae-4b27-a6d0-ebbae6b4bbaf,Hi,INCOMING,2026-06-28 00:16:37,wamid.HBgMOTE3MDUwMDQ3MTU5FQIAEhggQUNERjczNTg2MEE3Qzk1MEE5MTAzREM0RTE1RjE4QjUA,9431bdc0-7a42-4f5e-a86a-fc2b174f08bf,6c77c2c8-de8c-477c-b5e3-cdab13a925c6,f2743829-9058-4a1e-aaf0-1a536e6508b9
e01290a6-6402-47cd-859f-270964776c32,"≡ƒæï Welcome back, HIMANSHU!

Thank you for connecting with Gyan VaniAI again. How can I assist you today?

Please select an option from the menu below.

Options: ≡ƒÆ╗ Enquire Now, ≡ƒñû AI Solutions, ≡ƒÆ¼ WhatsApp Automation, ≡ƒîÉ Website Chat Widget, ≡ƒôé About & Contact, ≡ƒåÿ Human Support, ≡ƒÄ½ Get Support",OUTGOING,2026-06-28 00:16:42.942105,wamid.HBgMOTE3MDUwMDQ3MTU5FQIAERgSN0YxOENEMDg0REU3MkQ5REM0AA==,9431bdc0-7a42-4f5e-a86a-fc2b174f08bf,6c77c2c8-de8c-477c-b5e3-cdab13a925c6,f2743829-9058-4a1e-aaf0-1a536e6508b9
a2b8bc65-f921-484c-adc3-01263ee4da85,≡ƒÆ╗ Enquire Now,INCOMING,2026-06-28 00:16:58,wamid.HBgMOTE3MDUwMDQ3MTU5FQIAEhggQUNGMDFFNzM3OEZGOUQ2QjM5NTQ5QzYxMDRGNUJBOUYA,9431bdc0-7a42-4f5e-a86a-fc2b174f08bf,6c77c2c8-de8c-477c-b5e3-cdab13a925c6,f2743829-9058-4a1e-aaf0-1a536e6508b9
a336610a-b0ab-473b-86b4-5f3037ef50e0,"Shown before the first question of this flow. Use it to greet the customer or provide a brief introduction.

≡ƒæï What is your full name?",OUTGOING,2026-06-28 00:17:00.001269,wamid.HBgMOTE3MDUwMDQ3MTU5FQIAERgSMUIwNzEwODc0N0M4NkU1NDA5AA==,9431bdc0-7a42-4f5e-a86a-fc2b174f08bf,6c77c2c8-de8c-477c-b5e3-cdab13a925c6,f2743829-9058-4a1e-aaf0-1a536e6508b9
6ec18b82-b6a5-48c6-b53c-623156fc4812,Cancel,INCOMING,2026-06-28 00:17:07,wamid.HBgMOTE3MDUwMDQ3MTU5FQIAEhggQUM2MzNFMzU4NTFENDM2NUFFM0UxMkM3RTJDNjMwREYA,9431bdc0-7a42-4f5e-a86a-fc2b174f08bf,6c77c2c8-de8c-477c-b5e3-cdab13a925c6,f2743829-9058-4a1e-aaf0-1a536e6508b9
b4bb91de-5385-49d2-99cb-9ed94c45eabc,≡ƒ¢æ Your form has been terminated.,OUTGOING,2026-06-28 00:17:08.636463,wamid.HBgMOTE3MDUwMDQ3MTU5FQIAERgSNkZBMTU5OEZDMEFCMzJGOUFFAA==,9431bdc0-7a42-4f5e-a86a-fc2b174f08bf,6c77c2c8-de8c-477c-b5e3-cdab13a925c6,f2743829-9058-4a1e-aaf0-1a536e6508b9
8f76184a-4a68-48e5-89d7-a3e6ee55509a,Appointment,INCOMING,2026-06-28 00:17:13,wamid.HBgMOTE3MDUwMDQ3MTU5FQIAEhggQUNFRDIyMUZFMzNEQzRFRDJGMzBGNjJCREJEQkNFMjEA,9431bdc0-7a42-4f5e-a86a-fc2b174f08bf,6c77c2c8-de8c-477c-b5e3-cdab13a925c6,f2743829-9058-4a1e-aaf0-1a536e6508b9
8bbbe999-bae5-41ec-aea6-d0044863f67a,≡ƒæï What is your full name?,OUTGOING,2026-06-28 00:17:14.868519,wamid.HBgMOTE3MDUwMDQ3MTU5FQIAERgSNkMwREQyNTFFN0I3Njc5NDVFAA==,9431bdc0-7a42-4f5e-a86a-fc2b174f08bf,6c77c2c8-de8c-477c-b5e3-cdab13a925c6,f2743829-9058-4a1e-aaf0-1a536e6508b9
f4158bdf-9c2c-4e7f-a369-24b23e31144f,Cancel,INCOMING,2026-06-28 00:17:20,wamid.HBgMOTE3MDUwMDQ3MTU5FQIAEhggQUNFMjk2NDk1RjkzOEFCQzUxNzEwOEFBREUxMENDMkUA,9431bdc0-7a42-4f5e-a86a-fc2b174f08bf,6c77c2c8-de8c-477c-b5e3-cdab13a925c6,f2743829-9058-4a1e-aaf0-1a536e6508b9
6cd99eda-a9a6-4a33-9d00-cbd162aa2d78,≡ƒ¢æ Your form has been terminated.,OUTGOING,2026-06-28 00:17:21.873528,wamid.HBgMOTE3MDUwMDQ3MTU5FQIAERgSREI5N0U2QzkzNzZGNDA4RUYxAA==,9431bdc0-7a42-4f5e-a86a-fc2b174f08bf,6c77c2c8-de8c-477c-b5e3-cdab13a925c6,f2743829-9058-4a1e-aaf0-1a536e6508b9
03bf98fc-8636-4622-a6a4-630bc4ee6f5f,Appointment,INCOMING,2026-06-28 00:18:05,wamid.HBgMOTE3MDUwMDQ3MTU5FQIAEhggQUNBOERBRDYzNEZCQUI5NTNBNzlFODBDRUVBNzUxRTgA,9431bdc0-7a42-4f5e-a86a-fc2b174f08bf,6c77c2c8-de8c-477c-b5e3-cdab13a925c6,f2743829-9058-4a1e-aaf0-1a536e6508b9
8978298d-3804-484e-a463-61e51ecc5c33,"Shown before the first question of this flow. Use it to greet the customer or provide a brief introduction.

≡ƒæï What is your full name?",OUTGOING,2026-06-28 00:18:06.866189,wamid.HBgMOTE3MDUwMDQ3MTU5FQIAERgSREU3RUNFQTI3NEE2RTYwMDNCAA==,9431bdc0-7a42-4f5e-a86a-fc2b174f08bf,6c77c2c8-de8c-477c-b5e3-cdab13a925c6,f2743829-9058-4a1e-aaf0-1a536e6508b9
b983ba79-f450-4512-852d-ecb89a212ed6,Cancel,INCOMING,2026-06-28 00:18:15,wamid.HBgMOTE3MDUwMDQ3MTU5FQIAEhggQUNERTlFOTEzQzZEM0Y4RkRDNUUzODIzNjNGMkU4MTgA,9431bdc0-7a42-4f5e-a86a-fc2b174f08bf,6c77c2c8-de8c-477c-b5e3-cdab13a925c6,f2743829-9058-4a1e-aaf0-1a536e6508b9
f208a78d-97bd-45da-ab48-57a7968e54c6,≡ƒ¢æ Your form has been terminated.,OUTGOING,2026-06-28 00:18:16.739193,wamid.HBgMOTE3MDUwMDQ3MTU5FQIAERgSQzBCM0RBNDk5NjgzREM3QTYyAA==,9431bdc0-7a42-4f5e-a86a-fc2b174f08bf,6c77c2c8-de8c-477c-b5e3-cdab13a925c6,f2743829-9058-4a1e-aaf0-1a536e6508b9
f61ca491-70b9-4a96-92da-820bb138154c,Hi,INCOMING,2026-06-28 00:25:26,wamid.HBgMOTE3MDUwMDQ3MTU5FQIAEhggQUM0N0E2ODM4OTI0NEY3RDY5QzA2QjVDNEU5NjBGQjgA,9431bdc0-7a42-4f5e-a86a-fc2b174f08bf,6c77c2c8-de8c-477c-b5e3-cdab13a925c6,f2743829-9058-4a1e-aaf0-1a536e6508b9
7aba8eed-2031-4099-913a-6aff2cd6bf6b,"≡ƒæï Welcome back, HIMANSHU!

Thank you for connecting with Gyan VaniAI again. How can I assist you today?

Please select an option from the menu below.

Options: ≡ƒÆ╗ Enquire Now, ≡ƒñû AI Solutions, ≡ƒÆ¼ WhatsApp Automation, ≡ƒîÉ Website Chat Widget, ≡ƒôé About & Contact, ≡ƒåÿ Human Support, ≡ƒÄ½ Get Support",OUTGOING,2026-06-28 00:25:33.792528,wamid.HBgMOTE3MDUwMDQ3MTU5FQIAERgSRjUwMTU5NTc0QTUwMEI2MEY0AA==,9431bdc0-7a42-4f5e-a86a-fc2b174f08bf,6c77c2c8-de8c-477c-b5e3-cdab13a925c6,f2743829-9058-4a1e-aaf0-1a536e6508b9
000ead60-e9df-4494-ac31-be5a7e1b05a3,Hi,INCOMING,2026-06-28 00:59:38,wamid.HBgMOTE3MDUwMDQ3MTU5FQIAEhggQUMzRTc4NEM5QzQzMjRDMjUyQ0E4NUY0MTI0QUY0OTAA,9431bdc0-7a42-4f5e-a86a-fc2b174f08bf,6c77c2c8-de8c-477c-b5e3-cdab13a925c6,f2743829-9058-4a1e-aaf0-1a536e6508b9
06b73169-0645-471f-93f8-96e83b82947a,"≡ƒæï Welcome back, HIMANSHU!

Thank you for connecting with Gyan VaniAI again. How can I assist you today?

Please select an option from the menu below.

Options: ≡ƒÆ╗ Enquire Now, ≡ƒñû AI Solutions, ≡ƒÆ¼ WhatsApp Automation, ≡ƒîÉ Website Chat Widget, ≡ƒôé About & Contact, ≡ƒåÿ Human Support, ≡ƒÄ½ Get Support",OUTGOING,2026-06-28 00:59:44.759568,wamid.HBgMOTE3MDUwMDQ3MTU5FQIAERgSNEMyRjM4MUNCMkZCMzM3QTczAA==,9431bdc0-7a42-4f5e-a86a-fc2b174f08bf,6c77c2c8-de8c-477c-b5e3-cdab13a925c6,f2743829-9058-4a1e-aaf0-1a536e6508b9
8259d692-f26f-42fc-84f1-b7149c8e3e04,≡ƒôé About & Contact,INCOMING,2026-06-28 01:01:49,wamid.HBgMOTE3MDUwMDQ3MTU5FQIAEhggQUM0NTEyOEJENTg1MkNGM0FCNkU2RUM3OUFEODAxMjYA,9431bdc0-7a42-4f5e-a86a-fc2b174f08bf,6c77c2c8-de8c-477c-b5e3-cdab13a925c6,f2743829-9058-4a1e-aaf0-1a536e6508b9
7df76230-60bd-45c0-8912-fc18638c3496,"Gyan VaniAI provides AI-powered business automation solutions including WhatsApp AI assistants, customer support automation, lead management, appointment booking, website chat widgets, and intelligent customer engagement tools. Our mission is to help businesses improve customer communication, automate repetitive tasks, and increase operational efficiency through modern AI technology.

Phone: 7050047159
Email: hkbharti77@gmail.com
Address: SmiriBakthiyarpur, Saharsa, Bihar",OUTGOING,2026-06-28 01:01:52.081844,wamid.HBgMOTE3MDUwMDQ3MTU5FQIAERgSMDkyQjQ4RTlCN0U2NUU4RUYxAA==,9431bdc0-7a42-4f5e-a86a-fc2b174f08bf,6c77c2c8-de8c-477c-b5e3-cdab13a925c6,f2743829-9058-4a1e-aaf0-1a536e6508b9
3d52a0b1-63df-4945-98f0-f74cb4fb4e3c,Hi,INCOMING,2026-06-28 01:02:22,wamid.HBgMOTE3MDUwMDQ3MTU5FQIAEhggQUNBNEQwNkE1RERGMUMzNTc2NDM4NDI0Mzc0NDVCNkYA,9431bdc0-7a42-4f5e-a86a-fc2b174f08bf,6c77c2c8-de8c-477c-b5e3-cdab13a925c6,f2743829-9058-4a1e-aaf0-1a536e6508b9
c92b78b2-01a6-4271-8578-a4d0db849c17,"≡ƒæï Welcome back, HIMANSHU!

Thank you for connecting with Gyan VaniAI again. How can I assist you today?

Please select an option from the menu below.

Options: ≡ƒÆ╗ Book Service, ≡ƒÆ╗ Enquire Now, ≡ƒñû AI Solutions, ≡ƒÆ¼ WhatsApp Automation, ≡ƒîÉ Website Chat Widget, ≡ƒôé About & Contact, ≡ƒåÿ Human Support, ≡ƒÄ½ Get Support",OUTGOING,2026-06-28 01:02:26.568213,wamid.HBgMOTE3MDUwMDQ3MTU5FQIAERgSQTI2MjczM0NGREM1MDQwNkMxAA==,9431bdc0-7a42-4f5e-a86a-fc2b174f08bf,6c77c2c8-de8c-477c-b5e3-cdab13a925c6,f2743829-9058-4a1e-aaf0-1a536e6508b9
9e3ffd16-1560-44eb-8bbd-21026ead00b6,Hi,INCOMING,2026-06-28 01:02:36,wamid.HBgMOTE3MDUwMDQ3MTU5FQIAEhggQUNBREYwRTc1NDZBNUI0QzkxRTY3QUNCQkYyREEyODcA,9431bdc0-7a42-4f5e-a86a-fc2b174f08bf,6c77c2c8-de8c-477c-b5e3-cdab13a925c6,f2743829-9058-4a1e-aaf0-1a536e6508b9
45a7234c-990d-4d3d-a739-8c5e1e2b87a5,"Custom Selection 1:

Options: Option A, Option B, Option C",OUTGOING,2026-06-28 01:11:05.840801,wamid.HBgMOTE3MDUwMDQ3MTU5FQIAERgSODkwMzRGNkVEMjFFQ0FENEZCAA==,9431bdc0-7a42-4f5e-a86a-fc2b174f08bf,6c77c2c8-de8c-477c-b5e3-cdab13a925c6,f2743829-9058-4a1e-aaf0-1a536e6508b9
60b4edee-84b1-48a8-8ba5-d1f3ff2b30a0,"≡ƒæï Welcome back, HIMANSHU!

Thank you for connecting with Gyan VaniAI again. How can I assist you today?

Please select an option from the menu below.

Options: ≡ƒÆ╗ Book Appointment, ≡ƒÆ╗ Enquire Now, ≡ƒñû AI Solutions, ≡ƒÆ¼ WhatsApp Automation, ≡ƒîÉ Website Chat Widget, ≡ƒôé About & Contact, ≡ƒåÿ Human Support, ≡ƒÄ½ Get Support",OUTGOING,2026-06-28 01:02:38.546316,wamid.HBgMOTE3MDUwMDQ3MTU5FQIAERgSRENFODdCMzRGOEZEMzg0MTNBAA==,9431bdc0-7a42-4f5e-a86a-fc2b174f08bf,6c77c2c8-de8c-477c-b5e3-cdab13a925c6,f2743829-9058-4a1e-aaf0-1a536e6508b9
22a5c405-26a4-48c4-85e6-9ff69fd2980c,hi,OUTGOING,2026-06-28 01:06:35.007675,wamid.HBgMOTE5OTA1OTQxNzI4FQIAERgSQkQyOTRDN0UxOERCNDkzRUI5AA==,9431bdc0-7a42-4f5e-a86a-fc2b174f08bf,705ebb7f-2697-4d69-9872-c863f714d164,f2743829-9058-4a1e-aaf0-1a536e6508b9
fa36ab01-b4d8-451e-8ffe-da8402694e1a,hi,OUTGOING,2026-06-28 01:07:01.509396,wamid.HBgMOTE3MDUwMDQ3MTU5FQIAERgSRTRBMTNEMzhDMkExMkIzRjczAA==,9431bdc0-7a42-4f5e-a86a-fc2b174f08bf,6c77c2c8-de8c-477c-b5e3-cdab13a925c6,f2743829-9058-4a1e-aaf0-1a536e6508b9
403c8970-a7ef-4325-854f-4a6dc7eb6a43,Appointment,INCOMING,2026-06-28 01:09:25,wamid.HBgMOTE3MDUwMDQ3MTU5FQIAEhggQUM2OTNDMTAyMTJFQjVCMTk5REFBMzNFOUE2M0UzRTkA,9431bdc0-7a42-4f5e-a86a-fc2b174f08bf,6c77c2c8-de8c-477c-b5e3-cdab13a925c6,f2743829-9058-4a1e-aaf0-1a536e6508b9
12b14405-aa3f-4e00-9abf-bc471f16212b,"Shown before the first question of this flow. Use it to greet the customer or provide a brief introduction.

≡ƒæï What is your full name?",OUTGOING,2026-06-28 01:09:27.97111,wamid.HBgMOTE3MDUwMDQ3MTU5FQIAERgSODg0QTNCQ0MzQkEzOTcyQTQ2AA==,9431bdc0-7a42-4f5e-a86a-fc2b174f08bf,6c77c2c8-de8c-477c-b5e3-cdab13a925c6,f2743829-9058-4a1e-aaf0-1a536e6508b9
16b29acb-01ff-4172-8b0c-3d06ad180d46,Himanshu,INCOMING,2026-06-28 01:09:52,wamid.HBgMOTE3MDUwMDQ3MTU5FQIAEhggQUM5MzlGRTgyQkU3MzBBQzlEOEI1MzVGOERDQjdDNTcA,9431bdc0-7a42-4f5e-a86a-fc2b174f08bf,6c77c2c8-de8c-477c-b5e3-cdab13a925c6,f2743829-9058-4a1e-aaf0-1a536e6508b9
cc3bb532-c32a-4241-832d-ae32a8be9442,≡ƒô▒ Please provide your contact number:,OUTGOING,2026-06-28 01:09:53.841345,wamid.HBgMOTE3MDUwMDQ3MTU5FQIAERgSNjgwMEM4RkZBNTYxNjRFMjA4AA==,9431bdc0-7a42-4f5e-a86a-fc2b174f08bf,6c77c2c8-de8c-477c-b5e3-cdab13a925c6,f2743829-9058-4a1e-aaf0-1a536e6508b9
652c9e3d-fd4b-472c-aabb-d777081dc6e7,70500 47159,INCOMING,2026-06-28 01:09:56,wamid.HBgMOTE3MDUwMDQ3MTU5FQIAEhggQUM1RTQ1NzNCMDM3QjYwQTcyMDRFQTI1RjZFODAxMzUA,9431bdc0-7a42-4f5e-a86a-fc2b174f08bf,6c77c2c8-de8c-477c-b5e3-cdab13a925c6,f2743829-9058-4a1e-aaf0-1a536e6508b9
03bedc5e-46a5-421e-ab26-5a196389ffca,≡ƒô⌐ What is your email address?,OUTGOING,2026-06-28 01:09:57.117206,wamid.HBgMOTE3MDUwMDQ3MTU5FQIAERgSMzM0MTc1RERDODc3N0E3MUZGAA==,9431bdc0-7a42-4f5e-a86a-fc2b174f08bf,6c77c2c8-de8c-477c-b5e3-cdab13a925c6,f2743829-9058-4a1e-aaf0-1a536e6508b9
76ef8da9-c3f1-459a-a4c8-e170d02e8364,Hkbharti77@gmail.com,INCOMING,2026-06-28 01:09:58,wamid.HBgMOTE3MDUwMDQ3MTU5FQIAEhggQUMxNDY3NUI4QUNGMDhBOTlGOThGQUM2Njc1RENDQTIA,9431bdc0-7a42-4f5e-a86a-fc2b174f08bf,6c77c2c8-de8c-477c-b5e3-cdab13a925c6,f2743829-9058-4a1e-aaf0-1a536e6508b9
16124009-f10e-4d47-8a21-3e27c28dcf6e,≡ƒÄé What is your age?,OUTGOING,2026-06-28 01:09:59.779976,wamid.HBgMOTE3MDUwMDQ3MTU5FQIAERgSRTMyNDlDRjM2Q0I0N0U1RjM2AA==,9431bdc0-7a42-4f5e-a86a-fc2b174f08bf,6c77c2c8-de8c-477c-b5e3-cdab13a925c6,f2743829-9058-4a1e-aaf0-1a536e6508b9
787032d4-d530-48d2-8cc2-06829cc9fc74,55,INCOMING,2026-06-28 01:10:03,wamid.HBgMOTE3MDUwMDQ3MTU5FQIAEhggQUNFQUUyREZFMDlBNDY4RDk0ODZBMjEwNEZFNzk0NEMA,9431bdc0-7a42-4f5e-a86a-fc2b174f08bf,6c77c2c8-de8c-477c-b5e3-cdab13a925c6,f2743829-9058-4a1e-aaf0-1a536e6508b9
f2378bc2-1079-46ec-a368-ca54a2092c8f,"≡ƒæñ What is your gender?

Options: Male, Female, Other",OUTGOING,2026-06-28 01:10:04.254783,wamid.HBgMOTE3MDUwMDQ3MTU5FQIAERgSMDg2OTdFQzg0NkQ0RDI2NTAwAA==,9431bdc0-7a42-4f5e-a86a-fc2b174f08bf,6c77c2c8-de8c-477c-b5e3-cdab13a925c6,f2743829-9058-4a1e-aaf0-1a536e6508b9
ecc65291-584d-4fb9-a7a6-6c31cd335e96,Male,INCOMING,2026-06-28 01:10:07,wamid.HBgMOTE3MDUwMDQ3MTU5FQIAEhggQUNFRjc1QkU5NjE4RDg3QzExQTM1ODY4MDgxOTAzNzIA,9431bdc0-7a42-4f5e-a86a-fc2b174f08bf,6c77c2c8-de8c-477c-b5e3-cdab13a925c6,f2743829-9058-4a1e-aaf0-1a536e6508b9
6c9391fb-7211-46ed-b696-1f9f71f8d490,≡ƒÆ░ What is your estimated budget?,OUTGOING,2026-06-28 01:10:09.211883,wamid.HBgMOTE3MDUwMDQ3MTU5FQIAERgSM0Y1Qjk0NkZCMjY3RjYwM0Q5AA==,9431bdc0-7a42-4f5e-a86a-fc2b174f08bf,6c77c2c8-de8c-477c-b5e3-cdab13a925c6,f2743829-9058-4a1e-aaf0-1a536e6508b9
81ba86fc-d9d2-49d8-abb4-6bf9b8f58473,45000,INCOMING,2026-06-28 01:10:14,wamid.HBgMOTE3MDUwMDQ3MTU5FQIAEhggQUNCQjM4MzE5RUI5OUE5OTI3MzE2NUIwNjZDQUYyREUA,9431bdc0-7a42-4f5e-a86a-fc2b174f08bf,6c77c2c8-de8c-477c-b5e3-cdab13a925c6,f2743829-9058-4a1e-aaf0-1a536e6508b9
1b1c69ab-a05a-49c1-985a-a032dd060396,≡ƒôì Please share your full address/location:,OUTGOING,2026-06-28 01:10:15.153066,wamid.HBgMOTE3MDUwMDQ3MTU5FQIAERgSRkNCRUM5Q0I4QTYzQzBFMTQxAA==,9431bdc0-7a42-4f5e-a86a-fc2b174f08bf,6c77c2c8-de8c-477c-b5e3-cdab13a925c6,f2743829-9058-4a1e-aaf0-1a536e6508b9
e33d17e3-1bb2-446b-9e09-f71d9c3aaef1,Hhjjjn,INCOMING,2026-06-28 01:10:22,wamid.HBgMOTE3MDUwMDQ3MTU5FQIAEhggQUM3MEE2MDkzNEM3OTEyRTMxNjMxQkUyQTQ3RjkxOTQA,9431bdc0-7a42-4f5e-a86a-fc2b174f08bf,6c77c2c8-de8c-477c-b5e3-cdab13a925c6,f2743829-9058-4a1e-aaf0-1a536e6508b9
162a41c7-9579-4b0c-9b6c-0a4cb1c2c025,≡ƒÅÖ∩╕Å Which city are you located in?,OUTGOING,2026-06-28 01:10:23.947732,wamid.HBgMOTE3MDUwMDQ3MTU5FQIAERgSRDIyNEUzODRCM0JFOEExNDIyAA==,9431bdc0-7a42-4f5e-a86a-fc2b174f08bf,6c77c2c8-de8c-477c-b5e3-cdab13a925c6,f2743829-9058-4a1e-aaf0-1a536e6508b9
e9af1b45-202a-4dd9-906a-95edd40429e0,Ghhhh,INCOMING,2026-06-28 01:10:27,wamid.HBgMOTE3MDUwMDQ3MTU5FQIAEhggQUM4RTkwQ0ZFODc3NkREOERCMDhGMDRENTI5RUNBODAA,9431bdc0-7a42-4f5e-a86a-fc2b174f08bf,6c77c2c8-de8c-477c-b5e3-cdab13a925c6,f2743829-9058-4a1e-aaf0-1a536e6508b9
824237ce-f6ad-4104-8ef2-9952f28854cd,≡ƒô« What is your pincode/zip code?,OUTGOING,2026-06-28 01:10:28.655221,wamid.HBgMOTE3MDUwMDQ3MTU5FQIAERgSNzdBMTQ2MTBGMUUyMDA0MzBEAA==,9431bdc0-7a42-4f5e-a86a-fc2b174f08bf,6c77c2c8-de8c-477c-b5e3-cdab13a925c6,f2743829-9058-4a1e-aaf0-1a536e6508b9
dba88efb-4433-40cd-aef3-4232de413463,55566,INCOMING,2026-06-28 01:10:33,wamid.HBgMOTE3MDUwMDQ3MTU5FQIAEhggQUM1NDIxRTEzRDUzRkIyMkQ0QzkzQzc5OEEzMEQ3QzgA,9431bdc0-7a42-4f5e-a86a-fc2b174f08bf,6c77c2c8-de8c-477c-b5e3-cdab13a925c6,f2743829-9058-4a1e-aaf0-1a536e6508b9
1303a84d-7b15-43c2-a7eb-070ed33d9865,"≡ƒòÉ When is the best time for us to contact you?

Options: Morning (9amΓÇô12pm), Afternoon (12ΓÇô4pm), Evening (4pmΓÇô8pm)",OUTGOING,2026-06-28 01:10:34.182214,wamid.HBgMOTE3MDUwMDQ3MTU5FQIAERgSNDE2OUFGMzNEMjVDNkFFRDY2AA==,9431bdc0-7a42-4f5e-a86a-fc2b174f08bf,6c77c2c8-de8c-477c-b5e3-cdab13a925c6,f2743829-9058-4a1e-aaf0-1a536e6508b9
044b76b2-3b1d-4a5e-827b-a49d39009a37,Afternoon (12ΓÇô4pm),INCOMING,2026-06-28 01:10:37,wamid.HBgMOTE3MDUwMDQ3MTU5FQIAEhggQUNDRTczQjY0NzM4MTM4NjVDMTg0MzcyOTVERUI2MjYA,9431bdc0-7a42-4f5e-a86a-fc2b174f08bf,6c77c2c8-de8c-477c-b5e3-cdab13a925c6,f2743829-9058-4a1e-aaf0-1a536e6508b9
5a5c3428-a21d-48b1-94e9-bd8246a6fefd,≡ƒôà Please specify a preferred date (DD/MM/YYYY):,OUTGOING,2026-06-28 01:10:37.93044,wamid.HBgMOTE3MDUwMDQ3MTU5FQIAERgSM0FDNzU0Q0RCRjBFRjQyREU1AA==,9431bdc0-7a42-4f5e-a86a-fc2b174f08bf,6c77c2c8-de8c-477c-b5e3-cdab13a925c6,f2743829-9058-4a1e-aaf0-1a536e6508b9
3a878f62-3708-485f-bdf2-bbbce98f66dc,44556677,INCOMING,2026-06-28 01:10:42,wamid.HBgMOTE3MDUwMDQ3MTU5FQIAEhggQUM5MDZEQUQ2RDM4Q0EzRjRCOUVENDI0QjY0NUU3OEUA,9431bdc0-7a42-4f5e-a86a-fc2b174f08bf,6c77c2c8-de8c-477c-b5e3-cdab13a925c6,f2743829-9058-4a1e-aaf0-1a536e6508b9
45570635-1e29-46dc-8a04-2fcd45ed6037,"ΓÜí How urgent is your requirement?

Options: Immediate, Within a week, Within a month, Just browsing",OUTGOING,2026-06-28 01:10:43.336011,wamid.HBgMOTE3MDUwMDQ3MTU5FQIAERgSMTEyM0JFNTcwNjU5Qjc2MUYxAA==,9431bdc0-7a42-4f5e-a86a-fc2b174f08bf,6c77c2c8-de8c-477c-b5e3-cdab13a925c6,f2743829-9058-4a1e-aaf0-1a536e6508b9
4bcc37f9-985a-4b87-9bf5-8b6d6fbdf252,Within a week,INCOMING,2026-06-28 01:10:47,wamid.HBgMOTE3MDUwMDQ3MTU5FQIAEhggQUM4NTI0RDAzRUZDNzI5NUI2NjFDQ0JERDMwMTRENEMA,9431bdc0-7a42-4f5e-a86a-fc2b174f08bf,6c77c2c8-de8c-477c-b5e3-cdab13a925c6,f2743829-9058-4a1e-aaf0-1a536e6508b9
d6b1c6b8-914c-46c1-a5ba-93dd8f3835f2,"≡ƒôï Which service category are you interested in?

Options: Consultation, Installation/Setup, Repair/Maintenance, Other",OUTGOING,2026-06-28 01:10:49.038437,wamid.HBgMOTE3MDUwMDQ3MTU5FQIAERgSNjQ2NUNBNjg4NzdCQTc3RERDAA==,9431bdc0-7a42-4f5e-a86a-fc2b174f08bf,6c77c2c8-de8c-477c-b5e3-cdab13a925c6,f2743829-9058-4a1e-aaf0-1a536e6508b9
cd49fa9e-3d36-4402-81e8-ba900150d4b0,Installation/Setup,INCOMING,2026-06-28 01:10:53,wamid.HBgMOTE3MDUwMDQ3MTU5FQIAEhggQUNDQ0UyMTY4N0Y4REE4NTUxRDU0QTFGNjBFQzNEMDkA,9431bdc0-7a42-4f5e-a86a-fc2b174f08bf,6c77c2c8-de8c-477c-b5e3-cdab13a925c6,f2743829-9058-4a1e-aaf0-1a536e6508b9
2ff429c4-dca6-489b-8cad-222765188ace,≡ƒô¥ Please describe your specific requirement in detail:,OUTGOING,2026-06-28 01:10:54.260688,wamid.HBgMOTE3MDUwMDQ3MTU5FQIAERgSNzkxQ0Q0MDM4MjkwNzZBQUU5AA==,9431bdc0-7a42-4f5e-a86a-fc2b174f08bf,6c77c2c8-de8c-477c-b5e3-cdab13a925c6,f2743829-9058-4a1e-aaf0-1a536e6508b9
bc9a450d-3ebc-466a-8cf7-31f2cf626501,Tyhhb njj,INCOMING,2026-06-28 01:10:58,wamid.HBgMOTE3MDUwMDQ3MTU5FQIAEhggQUMyNjI1RDY5QTQxOEY0RkE1NUJDMEVBNzhERjBBOTQA,9431bdc0-7a42-4f5e-a86a-fc2b174f08bf,6c77c2c8-de8c-477c-b5e3-cdab13a925c6,f2743829-9058-4a1e-aaf0-1a536e6508b9
7e7422bc-7c0b-42b6-a845-74d11b331b1a,Custom Question 1:,OUTGOING,2026-06-28 01:10:59.8104,wamid.HBgMOTE3MDUwMDQ3MTU5FQIAERgSMEE2MzA5NzQzNzU0OEVFMkMwAA==,9431bdc0-7a42-4f5e-a86a-fc2b174f08bf,6c77c2c8-de8c-477c-b5e3-cdab13a925c6,f2743829-9058-4a1e-aaf0-1a536e6508b9
af1a4b47-d706-4d2a-938e-eea3df470cb5,Ghhhhhhh,INCOMING,2026-06-28 01:11:02,wamid.HBgMOTE3MDUwMDQ3MTU5FQIAEhggQUNGQkVFRUJEM0M0QzA4MEVERDU5RjcyNDMxRjMyN0EA,9431bdc0-7a42-4f5e-a86a-fc2b174f08bf,6c77c2c8-de8c-477c-b5e3-cdab13a925c6,f2743829-9058-4a1e-aaf0-1a536e6508b9
740f42bd-90f4-4cd8-bea6-bab8e46bfc2d,Custom Question 2:,OUTGOING,2026-06-28 01:11:03.269639,wamid.HBgMOTE3MDUwMDQ3MTU5FQIAERgSNTk3QzJFNjNEODQxNTE4ODQ3AA==,9431bdc0-7a42-4f5e-a86a-fc2b174f08bf,6c77c2c8-de8c-477c-b5e3-cdab13a925c6,f2743829-9058-4a1e-aaf0-1a536e6508b9
d123f1c1-506c-4602-83e1-c65a9ccfd296,Bbbbbbbb,INCOMING,2026-06-28 01:11:04,wamid.HBgMOTE3MDUwMDQ3MTU5FQIAEhggQUMwOTVGNEQ4NkMxN0Y0MkQ4OUQ0MDAyRkQ5NDM5REIA,9431bdc0-7a42-4f5e-a86a-fc2b174f08bf,6c77c2c8-de8c-477c-b5e3-cdab13a925c6,f2743829-9058-4a1e-aaf0-1a536e6508b9
0d7007fc-a9f7-4939-a4df-1a46d8fb902f,Option B,INCOMING,2026-06-28 01:11:08,wamid.HBgMOTE3MDUwMDQ3MTU5FQIAEhggQUNCRkVFMzNDMUQ5M0JDQTdGRkZGQzcwODYyRDQ1NjEA,9431bdc0-7a42-4f5e-a86a-fc2b174f08bf,6c77c2c8-de8c-477c-b5e3-cdab13a925c6,f2743829-9058-4a1e-aaf0-1a536e6508b9
42ac77d5-d952-4123-8667-68959c8f6526,Option Y,INCOMING,2026-06-28 01:11:12,wamid.HBgMOTE3MDUwMDQ3MTU5FQIAEhggQUM0QjY1NkQ4NzIzMDMxNUJGRTUyOEMxRTdFRkQyODYA,9431bdc0-7a42-4f5e-a86a-fc2b174f08bf,6c77c2c8-de8c-477c-b5e3-cdab13a925c6,f2743829-9058-4a1e-aaf0-1a536e6508b9
b7991a1d-42f0-4e9f-92f4-ded05b773078,Hi,INCOMING,2026-06-28 01:16:56,wamid.HBgMOTE3MDUwMDQ3MTU5FQIAEhggQUM3Mzg4QTAxODA4RUQ2MjMwMTkxOTlDNEE4NjlCN0UA,9431bdc0-7a42-4f5e-a86a-fc2b174f08bf,6c77c2c8-de8c-477c-b5e3-cdab13a925c6,f2743829-9058-4a1e-aaf0-1a536e6508b9
9d47a292-e1f5-4fc1-94d5-ebd1248afee0,≡ƒÆ╗ Enquire Now,INCOMING,2026-06-28 01:17:19,wamid.HBgMOTE3MDUwMDQ3MTU5FQIAEhggQUNFRTI5MDZDMzFGNDU3QUIxQ0ZDNTA5REZBRTIzRkQA,9431bdc0-7a42-4f5e-a86a-fc2b174f08bf,6c77c2c8-de8c-477c-b5e3-cdab13a925c6,f2743829-9058-4a1e-aaf0-1a536e6508b9
ec406ac9-b4d4-4eae-a77a-75102f7f930d,≡ƒô▒ Please provide your contact number:,OUTGOING,2026-06-28 01:17:23.483956,wamid.HBgMOTE3MDUwMDQ3MTU5FQIAERgSNzMxRUEzMkMwMjFDQTA0RUZBAA==,9431bdc0-7a42-4f5e-a86a-fc2b174f08bf,6c77c2c8-de8c-477c-b5e3-cdab13a925c6,f2743829-9058-4a1e-aaf0-1a536e6508b9
135455cc-4ba6-47fd-848a-9025dcae8c79,≡ƒô⌐ What is your email address?,OUTGOING,2026-06-28 01:17:24.653432,wamid.HBgMOTE3MDUwMDQ3MTU5FQIAERgSOTUyNkU0NDlFRjVFN0RBQzI4AA==,9431bdc0-7a42-4f5e-a86a-fc2b174f08bf,6c77c2c8-de8c-477c-b5e3-cdab13a925c6,f2743829-9058-4a1e-aaf0-1a536e6508b9
88d01059-669b-48cf-a5d4-4494373908be,"≡ƒôï Which service category are you interested in?

Options: Consultation, Installation/Setup, Repair/Maintenance, Other",OUTGOING,2026-06-28 01:17:27.475344,wamid.HBgMOTE3MDUwMDQ3MTU5FQIAERgSNzM1RDQxQzlFMkMwRDExNjE5AA==,9431bdc0-7a42-4f5e-a86a-fc2b174f08bf,6c77c2c8-de8c-477c-b5e3-cdab13a925c6,f2743829-9058-4a1e-aaf0-1a536e6508b9
9092285d-fea0-4b4c-af77-23b0e55741a8,"≡ƒöì How did you hear about us?

Options: Google/Search, Social Media, Friend/Referral, Advertisement",OUTGOING,2026-06-28 01:17:28.800821,wamid.HBgMOTE3MDUwMDQ3MTU5FQIAERgSMTFGNzY2QUU1ODRFMzM3NjE5AA==,9431bdc0-7a42-4f5e-a86a-fc2b174f08bf,6c77c2c8-de8c-477c-b5e3-cdab13a925c6,f2743829-9058-4a1e-aaf0-1a536e6508b9
636b7878-78f9-4167-977f-eb59ca675fbf,≡ƒô¥ Please describe your specific requirement in detail:,OUTGOING,2026-06-28 01:17:30.037354,wamid.HBgMOTE3MDUwMDQ3MTU5FQIAERgSOEJFNkRFNkUxQTU4RUQ1REI2AA==,9431bdc0-7a42-4f5e-a86a-fc2b174f08bf,6c77c2c8-de8c-477c-b5e3-cdab13a925c6,f2743829-9058-4a1e-aaf0-1a536e6508b9
41da2a91-7466-4978-b632-e0955e8b31a0,"≡ƒñ¥ *Thank you, Himanshu!*

We've noted your interest in *General Enquiry*.
Your reference number is: *GYANF2-L260628-0002*

Our expert will contact you within 24 hours with the best options for you.",OUTGOING,2026-06-28 01:17:47.571643,wamid.HBgMOTE3MDUwMDQ3MTU5FQIAERgSQzc5REQzQ0ZBMDgwMkJFMDFCAA==,9431bdc0-7a42-4f5e-a86a-fc2b174f08bf,6c77c2c8-de8c-477c-b5e3-cdab13a925c6,f2743829-9058-4a1e-aaf0-1a536e6508b9
479ac765-d554-450c-94ba-6d0f7854ef7b,"Custom Selection 2:

Options: Option X, Option Y, Option Z",OUTGOING,2026-06-28 01:11:09.310107,wamid.HBgMOTE3MDUwMDQ3MTU5FQIAERgSRDg0QkFGMzcyOTU4RkFDRDcwAA==,9431bdc0-7a42-4f5e-a86a-fc2b174f08bf,6c77c2c8-de8c-477c-b5e3-cdab13a925c6,f2743829-9058-4a1e-aaf0-1a536e6508b9
672005b1-934a-48ff-bcb1-e9b6c4c36f82,Γ£à Your appointment has been booked! Our team will confirm the exact time shortly.,OUTGOING,2026-06-28 01:11:22.782378,wamid.HBgMOTE3MDUwMDQ3MTU5FQIAERgSNUU1MDdERjY5RTUyMjhERTJEAA==,9431bdc0-7a42-4f5e-a86a-fc2b174f08bf,6c77c2c8-de8c-477c-b5e3-cdab13a925c6,f2743829-9058-4a1e-aaf0-1a536e6508b9
e3820d62-636f-48af-aa34-af529cc66c36,"≡ƒæï Welcome back, HIMANSHU!

Thank you for connecting with Gyan VaniAI again. How can I assist you today?

Please select an option from the menu below.

Options: ≡ƒÆ╗ Book Service, ≡ƒÆ╗ Enquire Now, ≡ƒñû AI Solutions, ≡ƒÆ¼ WhatsApp Automation, ≡ƒîÉ Website Chat Widget, ≡ƒôé About & Contact, ≡ƒåÿ Human Support, ≡ƒÄ½ Get Support",OUTGOING,2026-06-28 01:17:03.431936,wamid.HBgMOTE3MDUwMDQ3MTU5FQIAERgSNEJCOTQ5M0Q3OEE3QjY2NzM2AA==,9431bdc0-7a42-4f5e-a86a-fc2b174f08bf,6c77c2c8-de8c-477c-b5e3-cdab13a925c6,f2743829-9058-4a1e-aaf0-1a536e6508b9
69032b69-73fc-4e58-a339-6ea79256ee76,"Shown before the first question of this flow. Use it to greet the customer or provide a brief introduction.

≡ƒæï What is your full name?",OUTGOING,2026-06-28 01:17:20.66403,wamid.HBgMOTE3MDUwMDQ3MTU5FQIAERgSMUI3MzRDQjkyQTEzNDgyNTNBAA==,9431bdc0-7a42-4f5e-a86a-fc2b174f08bf,6c77c2c8-de8c-477c-b5e3-cdab13a925c6,f2743829-9058-4a1e-aaf0-1a536e6508b9
a9d32af3-67fc-48bd-8d17-b5aa0e95d984,Himanshu,INCOMING,2026-06-28 01:17:22,wamid.HBgMOTE3MDUwMDQ3MTU5FQIAEhggQUNCQTc4OUZCOUQ0RDBEMUYwNTdDMUNCRTMxRjkyNEQA,9431bdc0-7a42-4f5e-a86a-fc2b174f08bf,6c77c2c8-de8c-477c-b5e3-cdab13a925c6,f2743829-9058-4a1e-aaf0-1a536e6508b9
246a65bb-d343-48cf-b8b4-4fa7cff85a7c,70500 47159,INCOMING,2026-06-28 01:17:23,wamid.HBgMOTE3MDUwMDQ3MTU5FQIAEhggQUNDNkEzQzk1OUY3NzJDRjc3NzQ2MThDMzE1NEJDMjkA,9431bdc0-7a42-4f5e-a86a-fc2b174f08bf,6c77c2c8-de8c-477c-b5e3-cdab13a925c6,f2743829-9058-4a1e-aaf0-1a536e6508b9
b7ebfa41-e950-442b-bece-7f5cf9d5e2e7,Hkbharti77@gmail.com,INCOMING,2026-06-28 01:17:26,wamid.HBgMOTE3MDUwMDQ3MTU5FQIAEhggQUNFMDY2RUVFMEVEQzlDNDUzMTlDODA2OTM2OTdDREUA,9431bdc0-7a42-4f5e-a86a-fc2b174f08bf,6c77c2c8-de8c-477c-b5e3-cdab13a925c6,f2743829-9058-4a1e-aaf0-1a536e6508b9
224e6ff5-84d1-49eb-bcce-6acc0b969f20,46,INCOMING,2026-06-28 01:17:27,wamid.HBgMOTE3MDUwMDQ3MTU5FQIAEhggQUNFQzA0OEQyMTI5NjRDMUE4MzUwNDY3RkQzRDcxOTcA,9431bdc0-7a42-4f5e-a86a-fc2b174f08bf,6c77c2c8-de8c-477c-b5e3-cdab13a925c6,f2743829-9058-4a1e-aaf0-1a536e6508b9
676916d7-28de-41f9-abcf-2b026cdd4285,Hsjsj,INCOMING,2026-06-28 01:17:28,wamid.HBgMOTE3MDUwMDQ3MTU5FQIAEhggQUM5M0EyN0M2RDVFNzhGNzFBNjIzRkY1Q0JBNkI5ODcA,9431bdc0-7a42-4f5e-a86a-fc2b174f08bf,6c77c2c8-de8c-477c-b5e3-cdab13a925c6,f2743829-9058-4a1e-aaf0-1a536e6508b9
886f1e2a-9d5c-4b86-a43d-fe03dcb57e84,Hsnsnsn,INCOMING,2026-06-28 01:17:29,wamid.HBgMOTE3MDUwMDQ3MTU5FQIAEhggQUM1NEJGM0Y2MjU3NTMwNTRGRkI1M0IxMzU3OUY4MzYA,9431bdc0-7a42-4f5e-a86a-fc2b174f08bf,6c77c2c8-de8c-477c-b5e3-cdab13a925c6,f2743829-9058-4a1e-aaf0-1a536e6508b9
ef25044d-acfe-4d2f-b2eb-a2d581666e27,Installation/Setup,INCOMING,2026-06-28 01:17:34,wamid.HBgMOTE3MDUwMDQ3MTU5FQIAEhggQUM1NUYyRUE1QjQxQUQ0NEIyMzU1QjVDNjEyOTZGQkMA,9431bdc0-7a42-4f5e-a86a-fc2b174f08bf,6c77c2c8-de8c-477c-b5e3-cdab13a925c6,f2743829-9058-4a1e-aaf0-1a536e6508b9
cd6656d4-2572-4038-a86c-7164962b9929,Social Media,INCOMING,2026-06-28 01:17:39,wamid.HBgMOTE3MDUwMDQ3MTU5FQIAEhggQUM0NUJBMUU2NkQ4ODhGMzBCNEI4OUQwMUY0MDg0MTAA,9431bdc0-7a42-4f5e-a86a-fc2b174f08bf,6c77c2c8-de8c-477c-b5e3-cdab13a925c6,f2743829-9058-4a1e-aaf0-1a536e6508b9
5f9da588-8515-4af9-97a3-4dd1863f446f,"Options: ≡ƒÆ╗ Book Service, ≡ƒÆ╗ Enquire Now, ≡ƒñû AI Solutions, ≡ƒÆ¼ WhatsApp Automation, ≡ƒîÉ Website Chat Widget, ≡ƒôé About & Contact, ≡ƒåÿ Human Support, ≡ƒÄ½ Get Support",OUTGOING,2026-06-28 01:17:48.572389,wamid.HBgMOTE3MDUwMDQ3MTU5FQIAERgSMTI3MkFFQzhCNjQ1Nzc4NUZBAA==,9431bdc0-7a42-4f5e-a86a-fc2b174f08bf,6c77c2c8-de8c-477c-b5e3-cdab13a925c6,f2743829-9058-4a1e-aaf0-1a536e6508b9
2244c1d0-5110-4d63-8688-acbe12a55c03,"Options: ≡ƒÆ╗ Book Service, ≡ƒÆ╗ Enquire Now, ≡ƒñû AI Solutions, ≡ƒÆ¼ WhatsApp Automation, ≡ƒîÉ Website Chat Widget, ≡ƒôé About & Contact, ≡ƒåÿ Human Support, ≡ƒÄ½ Get Support",OUTGOING,2026-06-28 01:17:49.492337,wamid.HBgMOTE3MDUwMDQ3MTU5FQIAERgSRjAyQ0MyRDhDMzQxNEQxRThEAA==,9431bdc0-7a42-4f5e-a86a-fc2b174f08bf,6c77c2c8-de8c-477c-b5e3-cdab13a925c6,f2743829-9058-4a1e-aaf0-1a536e6508b9
a2fde3c3-fc1f-4eab-9cd1-3a12fe4d4878,Nsnsnshi,INCOMING,2026-06-28 01:18:32,wamid.HBgMOTE3MDUwMDQ3MTU5FQIAEhggQUNDNjMwMjkwNUEwMzhBMDA5ODc5NkQ0Rjk2MDZGMTgA,9431bdc0-7a42-4f5e-a86a-fc2b174f08bf,6c77c2c8-de8c-477c-b5e3-cdab13a925c6,f2743829-9058-4a1e-aaf0-1a536e6508b9
628bdca0-30af-48ca-a3ee-5704d1f7a3db,"Options: ≡ƒÆ╗ Book Service, ≡ƒÆ╗ Enquire Now, ≡ƒñû AI Solutions, ≡ƒÆ¼ WhatsApp Automation, ≡ƒîÉ Website Chat Widget, ≡ƒôé About & Contact, ≡ƒåÿ Human Support, ≡ƒÄ½ Get Support",OUTGOING,2026-06-28 01:18:35.900558,wamid.HBgMOTE3MDUwMDQ3MTU5FQIAERgSN0UxMEY4MTU0MDM2NEVCRkMzAA==,9431bdc0-7a42-4f5e-a86a-fc2b174f08bf,6c77c2c8-de8c-477c-b5e3-cdab13a925c6,f2743829-9058-4a1e-aaf0-1a536e6508b9
32bc27c8-2fb7-4d0b-b9a1-391e9b07e3a2,≡ƒÆ╗ Enquire Now,INCOMING,2026-06-28 01:18:45,wamid.HBgMOTE3MDUwMDQ3MTU5FQIAEhggQUNCQTAzNDhFQzRGNzZBQkU0ODFFOEE0ODBENDNCQTUA,9431bdc0-7a42-4f5e-a86a-fc2b174f08bf,6c77c2c8-de8c-477c-b5e3-cdab13a925c6,f2743829-9058-4a1e-aaf0-1a536e6508b9
0e00ece1-af70-4d5b-9df6-12ab3aa71aa7,"Shown before the first question of this flow. Use it to greet the customer or provide a brief introduction.

≡ƒæï What is your full name?",OUTGOING,2026-06-28 01:18:46.756135,wamid.HBgMOTE3MDUwMDQ3MTU5FQIAERgSN0Y4QkU2QkJFRkQ5NDhGOEU5AA==,9431bdc0-7a42-4f5e-a86a-fc2b174f08bf,6c77c2c8-de8c-477c-b5e3-cdab13a925c6,f2743829-9058-4a1e-aaf0-1a536e6508b9
d54ef663-6b1d-4de9-bbda-944adf619e9f,Sdhsry,INCOMING,2026-06-28 01:19:06,wamid.HBgMOTE3MDUwMDQ3MTU5FQIAEhggQUMyNzczQ0JGQkQ3NURBMzBCRjUyNDJGQ0FDQ0NCQkUA,9431bdc0-7a42-4f5e-a86a-fc2b174f08bf,6c77c2c8-de8c-477c-b5e3-cdab13a925c6,f2743829-9058-4a1e-aaf0-1a536e6508b9
3687da22-9474-46e6-903e-1df7409a85f1,≡ƒô▒ Please provide your contact number:,OUTGOING,2026-06-28 01:19:08.199034,wamid.HBgMOTE3MDUwMDQ3MTU5FQIAERgSOTkwOUQwQjlBMzY1RDYwQ0Y5AA==,9431bdc0-7a42-4f5e-a86a-fc2b174f08bf,6c77c2c8-de8c-477c-b5e3-cdab13a925c6,f2743829-9058-4a1e-aaf0-1a536e6508b9
b71fa0bd-8ba8-48c0-bbc3-9d423e598904,70500 47159,INCOMING,2026-06-28 01:19:14,wamid.HBgMOTE3MDUwMDQ3MTU5FQIAEhggQUM0NEJFQjI1RkNDRTJCQjBENEJCNUE3RTcwMDVFNjYA,9431bdc0-7a42-4f5e-a86a-fc2b174f08bf,6c77c2c8-de8c-477c-b5e3-cdab13a925c6,f2743829-9058-4a1e-aaf0-1a536e6508b9
b648f220-93a7-4647-86c6-816eb7dfd94d,≡ƒô⌐ What is your email address?,OUTGOING,2026-06-28 01:19:16.021029,wamid.HBgMOTE3MDUwMDQ3MTU5FQIAERgSMkU2OTkyRDZCNzQ1MDFDQ0EzAA==,9431bdc0-7a42-4f5e-a86a-fc2b174f08bf,6c77c2c8-de8c-477c-b5e3-cdab13a925c6,f2743829-9058-4a1e-aaf0-1a536e6508b9
87020f9a-8c28-4a98-b0d1-8d37ef4af747,Himanshukumar02001@gmail.com,INCOMING,2026-06-28 01:19:22,wamid.HBgMOTE3MDUwMDQ3MTU5FQIAEhggQUM1QjlCODlBNDA3MTYxNzBCNjBFNDMyMzdERTU4ODYA,9431bdc0-7a42-4f5e-a86a-fc2b174f08bf,6c77c2c8-de8c-477c-b5e3-cdab13a925c6,f2743829-9058-4a1e-aaf0-1a536e6508b9
1118adb0-273a-4c42-bf8e-f7d6722de73b,"≡ƒôï Which service category are you interested in?

Options: Consultation, Installation/Setup, Repair/Maintenance, Other",OUTGOING,2026-06-28 01:19:23.501855,wamid.HBgMOTE3MDUwMDQ3MTU5FQIAERgSODM1QjU2OUZCMTMyQjVGNDREAA==,9431bdc0-7a42-4f5e-a86a-fc2b174f08bf,6c77c2c8-de8c-477c-b5e3-cdab13a925c6,f2743829-9058-4a1e-aaf0-1a536e6508b9
f84eee6b-29a3-4434-aabf-f05d931a08a6,Consultation,INCOMING,2026-06-28 01:19:28,wamid.HBgMOTE3MDUwMDQ3MTU5FQIAEhggQUNFQTIxN0YwMDAyNkRCMEQ2OUU0NzFFOEY2MTgwRDMA,9431bdc0-7a42-4f5e-a86a-fc2b174f08bf,6c77c2c8-de8c-477c-b5e3-cdab13a925c6,f2743829-9058-4a1e-aaf0-1a536e6508b9
4c0db1d3-ba3e-46c1-90e5-f46220cb1908,"≡ƒöì How did you hear about us?

Options: Google/Search, Social Media, Friend/Referral, Advertisement",OUTGOING,2026-06-28 01:19:29.143288,wamid.HBgMOTE3MDUwMDQ3MTU5FQIAERgSMjEwMjQ4MDY5QzE5RjgzQkM1AA==,9431bdc0-7a42-4f5e-a86a-fc2b174f08bf,6c77c2c8-de8c-477c-b5e3-cdab13a925c6,f2743829-9058-4a1e-aaf0-1a536e6508b9
924e373e-3af7-4d57-83a6-6634064a2525,Google/Search,INCOMING,2026-06-28 01:19:33,wamid.HBgMOTE3MDUwMDQ3MTU5FQIAEhggQUNBRTlEQTM1OTgxRTNCMjRDQkIxMkUzODQ3NEM4MzAA,9431bdc0-7a42-4f5e-a86a-fc2b174f08bf,6c77c2c8-de8c-477c-b5e3-cdab13a925c6,f2743829-9058-4a1e-aaf0-1a536e6508b9
d43f1ba2-3172-4c46-82b3-278d044a089a,≡ƒô¥ Please describe your specific requirement in detail:,OUTGOING,2026-06-28 01:19:35.069401,wamid.HBgMOTE3MDUwMDQ3MTU5FQIAERgSNDczQUFFRUMzOUVBQjQ1Q0I5AA==,9431bdc0-7a42-4f5e-a86a-fc2b174f08bf,6c77c2c8-de8c-477c-b5e3-cdab13a925c6,f2743829-9058-4a1e-aaf0-1a536e6508b9
07955d1e-360e-44ad-bfc0-2bae6f559d0b,Treat you,INCOMING,2026-06-28 01:19:40,wamid.HBgMOTE3MDUwMDQ3MTU5FQIAEhggQUM3OUQyOTI0ODY5RjQ1ODBEMTc2MURFMDRDRTUyRkQA,9431bdc0-7a42-4f5e-a86a-fc2b174f08bf,6c77c2c8-de8c-477c-b5e3-cdab13a925c6,f2743829-9058-4a1e-aaf0-1a536e6508b9
2ac9c1d8-a922-47e0-bb27-1349a70b2f42,"≡ƒñ¥ *Thank you, Sdhsry!*

We've noted your interest in *General Enquiry*.
Your reference number is: *GYANF2-L260628-0003*

Our expert will contact you within 24 hours with the best options for you.",OUTGOING,2026-06-28 01:19:51.483704,wamid.HBgMOTE3MDUwMDQ3MTU5FQIAERgSOTVGNjQ4REY5ODNDQUExNTkwAA==,9431bdc0-7a42-4f5e-a86a-fc2b174f08bf,6c77c2c8-de8c-477c-b5e3-cdab13a925c6,f2743829-9058-4a1e-aaf0-1a536e6508b9
dfe439c0-82e5-4761-8e70-39a07f9eac78,Hi,INCOMING,2026-06-28 01:20:11,wamid.HBgMOTE3MDUwMDQ3MTU5FQIAEhggQUMyRUMwOEM3OTAxNkI0Q0NDMUJCQjcxREJCOUFENjIA,9431bdc0-7a42-4f5e-a86a-fc2b174f08bf,6c77c2c8-de8c-477c-b5e3-cdab13a925c6,f2743829-9058-4a1e-aaf0-1a536e6508b9
2c47b8a3-701c-4210-9110-d8f8292b110e,≡ƒæï What is your full name?,OUTGOING,2026-06-28 01:20:23.193181,wamid.HBgMOTE3MDUwMDQ3MTU5FQIAERgSNkY4QUZBMjgyNDkwNUJDNEI0AA==,9431bdc0-7a42-4f5e-a86a-fc2b174f08bf,6c77c2c8-de8c-477c-b5e3-cdab13a925c6,f2743829-9058-4a1e-aaf0-1a536e6508b9
a3e093a1-7a47-487f-8d91-90c9000710d1,"≡ƒæï Welcome back, HIMANSHU!

Thank you for connecting with Gyan VaniAI again. How can I assist you today?

Please select an option from the menu below.

Options: ≡ƒÆ╗ Book Service, ≡ƒÆ╗ Enquire Now, ≡ƒñû AI Solutions, ≡ƒÆ¼ WhatsApp Automation, ≡ƒîÉ Website Chat Widget, ≡ƒôé About & Contact, ≡ƒåÿ Human Support, ≡ƒÄ½ Get Support",OUTGOING,2026-06-28 01:20:15.209541,wamid.HBgMOTE3MDUwMDQ3MTU5FQIAERgSODk5NTJENDVCMEI2NjQ0REYwAA==,9431bdc0-7a42-4f5e-a86a-fc2b174f08bf,6c77c2c8-de8c-477c-b5e3-cdab13a925c6,f2743829-9058-4a1e-aaf0-1a536e6508b9
823daad1-9025-4078-a27e-f82ef3fc165b,≡ƒÆ╗ Book Service,INCOMING,2026-06-28 01:20:20,wamid.HBgMOTE3MDUwMDQ3MTU5FQIAEhggQUMyRUMyRTI1QTkxNDRDMkYxOEU4QkEzRkU2OUJGNUEA,9431bdc0-7a42-4f5e-a86a-fc2b174f08bf,6c77c2c8-de8c-477c-b5e3-cdab13a925c6,f2743829-9058-4a1e-aaf0-1a536e6508b9
6161c578-687d-4828-a57e-cab3bda634be,Himanshu,INCOMING,2026-06-28 01:20:22,wamid.HBgMOTE3MDUwMDQ3MTU5FQIAEhggQUMzODc3MUQyNDhFMkRBQjZGNUU3OEY2NTQzQzcwMEQA,9431bdc0-7a42-4f5e-a86a-fc2b174f08bf,6c77c2c8-de8c-477c-b5e3-cdab13a925c6,f2743829-9058-4a1e-aaf0-1a536e6508b9
60dba6ac-4f12-44e1-a5e6-055942c22155,70500 47159,INCOMING,2026-06-28 01:20:24,wamid.HBgMOTE3MDUwMDQ3MTU5FQIAEhggQUM2ODIxQkVGOTUxN0UwRUNCRkU2NTI5QTUyQzBGOUEA,9431bdc0-7a42-4f5e-a86a-fc2b174f08bf,6c77c2c8-de8c-477c-b5e3-cdab13a925c6,f2743829-9058-4a1e-aaf0-1a536e6508b9
74683c64-8a62-4349-99c8-80f15ee86a5e,Himanshukumar02001@gmail.com,INCOMING,2026-06-28 01:20:29,wamid.HBgMOTE3MDUwMDQ3MTU5FQIAEhggQUMxNzQwREIyNThCQjQwOUZCMDEyRUQ5NUIwMTVEMjgA,9431bdc0-7a42-4f5e-a86a-fc2b174f08bf,6c77c2c8-de8c-477c-b5e3-cdab13a925c6,f2743829-9058-4a1e-aaf0-1a536e6508b9
fe21c978-1a29-47cd-8830-9bef65c1f109,66,INCOMING,2026-06-28 01:20:32,wamid.HBgMOTE3MDUwMDQ3MTU5FQIAEhggQUMwMjE0RTU5NzM3NUYwNTQ3RDBDNzYyRDJGNzREMjMA,9431bdc0-7a42-4f5e-a86a-fc2b174f08bf,6c77c2c8-de8c-477c-b5e3-cdab13a925c6,f2743829-9058-4a1e-aaf0-1a536e6508b9
82135cb7-1577-4839-860b-78359b467438,Male,INCOMING,2026-06-28 01:20:36,wamid.HBgMOTE3MDUwMDQ3MTU5FQIAEhggQUM1MkFGNjY0RjdDRUU4RDIwOTJBNDY4NzZCOTY4RDkA,9431bdc0-7a42-4f5e-a86a-fc2b174f08bf,6c77c2c8-de8c-477c-b5e3-cdab13a925c6,f2743829-9058-4a1e-aaf0-1a536e6508b9
5610c863-298b-457f-b026-b1725a96ed97,Thhh,INCOMING,2026-06-28 01:20:40,wamid.HBgMOTE3MDUwMDQ3MTU5FQIAEhggQUNEOTgyMzhEMzk5MTJBQzQyRDVGNzhCRThENjIzQzMA,9431bdc0-7a42-4f5e-a86a-fc2b174f08bf,6c77c2c8-de8c-477c-b5e3-cdab13a925c6,f2743829-9058-4a1e-aaf0-1a536e6508b9
2d2a74fb-1f40-4a6e-b2cc-fa762a2212bc,Yhhhjj,INCOMING,2026-06-28 01:20:46,wamid.HBgMOTE3MDUwMDQ3MTU5FQIAEhggQUM3QUQwQjBGRjhCOEJBRTZGRDU2NDA2ODNDMDA0MDcA,9431bdc0-7a42-4f5e-a86a-fc2b174f08bf,6c77c2c8-de8c-477c-b5e3-cdab13a925c6,f2743829-9058-4a1e-aaf0-1a536e6508b9
f1e0ee27-dba9-4082-896c-6a939184b58c,Hhhhjk,INCOMING,2026-06-28 01:20:47,wamid.HBgMOTE3MDUwMDQ3MTU5FQIAEhggQUMyNTQxOUVCOTlEMjc2RDZBMjI3Mzg4NThBOUI1OTUA,9431bdc0-7a42-4f5e-a86a-fc2b174f08bf,6c77c2c8-de8c-477c-b5e3-cdab13a925c6,f2743829-9058-4a1e-aaf0-1a536e6508b9
3c88f3c0-03fc-4188-bcc1-b156112309c4,667777,INCOMING,2026-06-28 01:20:52,wamid.HBgMOTE3MDUwMDQ3MTU5FQIAEhggQUNGNjdCMUI4RUIxODFCMzRBMzkzNjYzODUwNzRGQ0EA,9431bdc0-7a42-4f5e-a86a-fc2b174f08bf,6c77c2c8-de8c-477c-b5e3-cdab13a925c6,f2743829-9058-4a1e-aaf0-1a536e6508b9
f400bd30-89d8-4f2b-89f4-a59f71b3e7ae,Afternoon (12ΓÇô4pm),INCOMING,2026-06-28 01:20:57,wamid.HBgMOTE3MDUwMDQ3MTU5FQIAEhggQUM1N0NBMzM4OTdDRkJFQTRCQUU2ODMzRkJBQjNBOTcA,9431bdc0-7a42-4f5e-a86a-fc2b174f08bf,6c77c2c8-de8c-477c-b5e3-cdab13a925c6,f2743829-9058-4a1e-aaf0-1a536e6508b9
ccb5aa44-3810-4d0b-a6c3-b085e1ba49b2,5678888,INCOMING,2026-06-28 01:21:02,wamid.HBgMOTE3MDUwMDQ3MTU5FQIAEhggQUM5NjU5ODRGQTQ5NUE2RjdCNTRFQjBDMjQyNzIxNkMA,9431bdc0-7a42-4f5e-a86a-fc2b174f08bf,6c77c2c8-de8c-477c-b5e3-cdab13a925c6,f2743829-9058-4a1e-aaf0-1a536e6508b9
ed749020-5b49-43f9-8280-8d2404765759,Within a week,INCOMING,2026-06-28 01:21:09,wamid.HBgMOTE3MDUwMDQ3MTU5FQIAEhggQUMxQTgwRkJGNDJGMkE2MTgzQjMxRTIxRDI4RTNDOUYA,9431bdc0-7a42-4f5e-a86a-fc2b174f08bf,6c77c2c8-de8c-477c-b5e3-cdab13a925c6,f2743829-9058-4a1e-aaf0-1a536e6508b9
a74cee8e-c92d-4b38-a401-872f0cd22dae,Consultation,INCOMING,2026-06-28 01:21:15,wamid.HBgMOTE3MDUwMDQ3MTU5FQIAEhggQUMxOTIzNzdBRjRCNDU2QzQ3ODVDQkY0NURCOTY0RTUA,9431bdc0-7a42-4f5e-a86a-fc2b174f08bf,6c77c2c8-de8c-477c-b5e3-cdab13a925c6,f2743829-9058-4a1e-aaf0-1a536e6508b9
9bdc8273-bb67-4d88-ac82-2a2955c15e82,Google/Search,INCOMING,2026-06-28 01:21:21,wamid.HBgMOTE3MDUwMDQ3MTU5FQIAEhggQUM3NjRGMTlEQjNGNEIzNTE2NDlFQjY5QzNGNDk1Q0YA,9431bdc0-7a42-4f5e-a86a-fc2b174f08bf,6c77c2c8-de8c-477c-b5e3-cdab13a925c6,f2743829-9058-4a1e-aaf0-1a536e6508b9
71e7714c-b56b-446c-8dcc-f65a4a3b81e9,Testing Testing,INCOMING,2026-06-28 01:21:27,wamid.HBgMOTE3MDUwMDQ3MTU5FQIAEhggQUMzRENEMzdCNzA4QjY0OUJCQTJFNzAxQzRFQkI0ODUA,9431bdc0-7a42-4f5e-a86a-fc2b174f08bf,6c77c2c8-de8c-477c-b5e3-cdab13a925c6,f2743829-9058-4a1e-aaf0-1a536e6508b9
5fa97fa1-0f3a-4970-ac27-c383bc1093b1,Y777,INCOMING,2026-06-28 01:21:32,wamid.HBgMOTE3MDUwMDQ3MTU5FQIAEhggQUNCQTdBRUE4NkQ1Nzg5QkFCNDgwNzA3RDZFMEE3MUUA,9431bdc0-7a42-4f5e-a86a-fc2b174f08bf,6c77c2c8-de8c-477c-b5e3-cdab13a925c6,f2743829-9058-4a1e-aaf0-1a536e6508b9
9307c984-7d15-4948-8ed5-7409f19f0071,Hhhhj,INCOMING,2026-06-28 01:21:33,wamid.HBgMOTE3MDUwMDQ3MTU5FQIAEhggQUNFRTg1Q0Q4RkEyMUZBRDQ1NUMxMjBDMEE2QjA3MDcA,9431bdc0-7a42-4f5e-a86a-fc2b174f08bf,6c77c2c8-de8c-477c-b5e3-cdab13a925c6,f2743829-9058-4a1e-aaf0-1a536e6508b9
5f9c2c9b-cdf9-4bef-8b8f-ede1e9860a12,Option B,INCOMING,2026-06-28 01:21:37,wamid.HBgMOTE3MDUwMDQ3MTU5FQIAEhggQUM5NUE1QjQ1REJDQTMzMTUxRkM1NEJERjY2MkFEQTcA,9431bdc0-7a42-4f5e-a86a-fc2b174f08bf,6c77c2c8-de8c-477c-b5e3-cdab13a925c6,f2743829-9058-4a1e-aaf0-1a536e6508b9
7fe33be9-f1a3-4a3d-8f69-002fd4895196,Option Y,INCOMING,2026-06-28 01:21:43,wamid.HBgMOTE3MDUwMDQ3MTU5FQIAEhggQUMwNDk5QTIzQTIwRjcyQkY0NUY0QTQ5NDYxMUU1OTMA,9431bdc0-7a42-4f5e-a86a-fc2b174f08bf,6c77c2c8-de8c-477c-b5e3-cdab13a925c6,f2743829-9058-4a1e-aaf0-1a536e6508b9
6ab93209-c46b-419e-a6e5-659d36109ff8,≡ƒô▒ Please provide your contact number:,OUTGOING,2026-06-28 01:20:25.241372,wamid.HBgMOTE3MDUwMDQ3MTU5FQIAERgSRTIwNEVEMjg0QjFENUQ2NzM2AA==,9431bdc0-7a42-4f5e-a86a-fc2b174f08bf,6c77c2c8-de8c-477c-b5e3-cdab13a925c6,f2743829-9058-4a1e-aaf0-1a536e6508b9
f33ba758-4368-4529-8de4-582f404f9143,≡ƒô⌐ What is your email address?,OUTGOING,2026-06-28 01:20:26.595041,wamid.HBgMOTE3MDUwMDQ3MTU5FQIAERgSNzI4OTE5Q0NENjgyNjQ1QUFBAA==,9431bdc0-7a42-4f5e-a86a-fc2b174f08bf,6c77c2c8-de8c-477c-b5e3-cdab13a925c6,f2743829-9058-4a1e-aaf0-1a536e6508b9
2892582f-bee5-4a05-934b-0577b01c8a45,≡ƒÄé What is your age?,OUTGOING,2026-06-28 01:20:30.202308,wamid.HBgMOTE3MDUwMDQ3MTU5FQIAERgSNDdDQzYyNzAwMkE1MDIxQUZCAA==,9431bdc0-7a42-4f5e-a86a-fc2b174f08bf,6c77c2c8-de8c-477c-b5e3-cdab13a925c6,f2743829-9058-4a1e-aaf0-1a536e6508b9
1652e7d2-e9a0-4db4-be05-1235a8ad80f1,"≡ƒæñ What is your gender?

Options: Male, Female, Other",OUTGOING,2026-06-28 01:20:33.624651,wamid.HBgMOTE3MDUwMDQ3MTU5FQIAERgSNDQ3MDEyNjcyREU1QTc5MjdEAA==,9431bdc0-7a42-4f5e-a86a-fc2b174f08bf,6c77c2c8-de8c-477c-b5e3-cdab13a925c6,f2743829-9058-4a1e-aaf0-1a536e6508b9
1fdc6d33-2f87-4334-885e-4bba89305a25,≡ƒÆ░ What is your estimated budget?,OUTGOING,2026-06-28 01:20:37.943867,wamid.HBgMOTE3MDUwMDQ3MTU5FQIAERgSRkFCQTc2OUUzMDc3RkM2ODhEAA==,9431bdc0-7a42-4f5e-a86a-fc2b174f08bf,6c77c2c8-de8c-477c-b5e3-cdab13a925c6,f2743829-9058-4a1e-aaf0-1a536e6508b9
66843f0e-bb3d-425f-9e74-9b00cb0832c7,≡ƒôì Please share your full address/location:,OUTGOING,2026-06-28 01:20:41.420101,wamid.HBgMOTE3MDUwMDQ3MTU5FQIAERgSOEQ4MjJBM0U1MUEyODZBNkZBAA==,9431bdc0-7a42-4f5e-a86a-fc2b174f08bf,6c77c2c8-de8c-477c-b5e3-cdab13a925c6,f2743829-9058-4a1e-aaf0-1a536e6508b9
ce6a7740-5cc2-489a-8943-14c8a59b62d2,≡ƒÅÖ∩╕Å Which city are you located in?,OUTGOING,2026-06-28 01:20:47.360608,wamid.HBgMOTE3MDUwMDQ3MTU5FQIAERgSNDBDQ0Y2RTg1MjYwQTA2NEM2AA==,9431bdc0-7a42-4f5e-a86a-fc2b174f08bf,6c77c2c8-de8c-477c-b5e3-cdab13a925c6,f2743829-9058-4a1e-aaf0-1a536e6508b9
fd037fb1-18e2-495e-a2f8-d6bf4f5c5951,≡ƒô« What is your pincode/zip code?,OUTGOING,2026-06-28 01:20:48.648148,wamid.HBgMOTE3MDUwMDQ3MTU5FQIAERgSMkUyQjcxRjA1NUU2MzE3MUQ1AA==,9431bdc0-7a42-4f5e-a86a-fc2b174f08bf,6c77c2c8-de8c-477c-b5e3-cdab13a925c6,f2743829-9058-4a1e-aaf0-1a536e6508b9
581a2c55-c90a-40b3-b291-9a408a567aba,"≡ƒòÉ When is the best time for us to contact you?

Options: Morning (9amΓÇô12pm), Afternoon (12ΓÇô4pm), Evening (4pmΓÇô8pm)",OUTGOING,2026-06-28 01:20:54.047047,wamid.HBgMOTE3MDUwMDQ3MTU5FQIAERgSOTRGNTdEQTFCQUQwN0Q4NjBCAA==,9431bdc0-7a42-4f5e-a86a-fc2b174f08bf,6c77c2c8-de8c-477c-b5e3-cdab13a925c6,f2743829-9058-4a1e-aaf0-1a536e6508b9
c8243d0c-062b-40cf-ae20-137284534373,≡ƒôà Please specify a preferred date (DD/MM/YYYY):,OUTGOING,2026-06-28 01:20:58.242226,wamid.HBgMOTE3MDUwMDQ3MTU5FQIAERgSOEZCQ0M5MTZCOTBDODNDQUU4AA==,9431bdc0-7a42-4f5e-a86a-fc2b174f08bf,6c77c2c8-de8c-477c-b5e3-cdab13a925c6,f2743829-9058-4a1e-aaf0-1a536e6508b9
95097bc7-e2b1-47f3-a112-f2d3a5682f80,"ΓÜí How urgent is your requirement?

Options: Immediate, Within a week, Within a month, Just browsing",OUTGOING,2026-06-28 01:21:04.170272,wamid.HBgMOTE3MDUwMDQ3MTU5FQIAERgSOTQ5QUIxMzMxN0MzN0QyN0FBAA==,9431bdc0-7a42-4f5e-a86a-fc2b174f08bf,6c77c2c8-de8c-477c-b5e3-cdab13a925c6,f2743829-9058-4a1e-aaf0-1a536e6508b9
6b517ed9-4acc-4b1d-a9bb-24453f025a59,"≡ƒôï Which service category are you interested in?

Options: Consultation, Installation/Setup, Repair/Maintenance, Other",OUTGOING,2026-06-28 01:21:10.921687,wamid.HBgMOTE3MDUwMDQ3MTU5FQIAERgSRjVEMTMyQUMyNTYyNzlDMENBAA==,9431bdc0-7a42-4f5e-a86a-fc2b174f08bf,6c77c2c8-de8c-477c-b5e3-cdab13a925c6,f2743829-9058-4a1e-aaf0-1a536e6508b9
2a4aad07-80f6-4974-8d82-8e368f814185,"≡ƒöì How did you hear about us?

Options: Google/Search, Social Media, Friend/Referral, Advertisement",OUTGOING,2026-06-28 01:21:17.072081,wamid.HBgMOTE3MDUwMDQ3MTU5FQIAERgSMTEyNjExNkU2NjAxQTQ4MTU2AA==,9431bdc0-7a42-4f5e-a86a-fc2b174f08bf,6c77c2c8-de8c-477c-b5e3-cdab13a925c6,f2743829-9058-4a1e-aaf0-1a536e6508b9
a150f722-8f9e-4257-a673-7b80a58306aa,≡ƒô¥ Please describe your specific requirement in detail:,OUTGOING,2026-06-28 01:21:22.498439,wamid.HBgMOTE3MDUwMDQ3MTU5FQIAERgSNDU0OTBEQzBGMzE2RDIwNTAxAA==,9431bdc0-7a42-4f5e-a86a-fc2b174f08bf,6c77c2c8-de8c-477c-b5e3-cdab13a925c6,f2743829-9058-4a1e-aaf0-1a536e6508b9
7ee5c6a1-e114-4500-a781-d7ff6ac50952,Custom Question 1:,OUTGOING,2026-06-28 01:21:28.322339,wamid.HBgMOTE3MDUwMDQ3MTU5FQIAERgSRjM5NDQ3QjhFNjI1ODg3RERFAA==,9431bdc0-7a42-4f5e-a86a-fc2b174f08bf,6c77c2c8-de8c-477c-b5e3-cdab13a925c6,f2743829-9058-4a1e-aaf0-1a536e6508b9
96db3200-6570-4174-bd77-54cee7c0291d,Custom Question 2:,OUTGOING,2026-06-28 01:21:33.222993,wamid.HBgMOTE3MDUwMDQ3MTU5FQIAERgSRDAzMEZCODg1RDZDRDcwRTQ0AA==,9431bdc0-7a42-4f5e-a86a-fc2b174f08bf,6c77c2c8-de8c-477c-b5e3-cdab13a925c6,f2743829-9058-4a1e-aaf0-1a536e6508b9
a7b3618a-5f4c-4291-b75f-f1e982263747,"Custom Selection 1:

Options: Option A, Option B, Option C",OUTGOING,2026-06-28 01:21:34.496559,wamid.HBgMOTE3MDUwMDQ3MTU5FQIAERgSQkQyNjkzMDY2QjM4MEE0RkZBAA==,9431bdc0-7a42-4f5e-a86a-fc2b174f08bf,6c77c2c8-de8c-477c-b5e3-cdab13a925c6,f2743829-9058-4a1e-aaf0-1a536e6508b9
651a6336-5755-40d8-8fdf-a20ffb5560fe,"Custom Selection 2:

Options: Option X, Option Y, Option Z",OUTGOING,2026-06-28 01:21:38.357931,wamid.HBgMOTE3MDUwMDQ3MTU5FQIAERgSRkEzNTA5RjA3QzY5OENDMTRDAA==,9431bdc0-7a42-4f5e-a86a-fc2b174f08bf,6c77c2c8-de8c-477c-b5e3-cdab13a925c6,f2743829-9058-4a1e-aaf0-1a536e6508b9
9a87a7bf-a4f4-40e6-8274-2eaf4258fe47,"≡ƒÄë *Booking Confirmed!*

≡ƒôî *Booking*

We've reserved your slot. Our team will reach out to confirm details shortly. See you soon! ≡ƒÿè",OUTGOING,2026-06-28 01:21:58.94926,wamid.HBgMOTE3MDUwMDQ3MTU5FQIAERgSOUU3MzQ5QkNCNTY1NjMyNzk1AA==,9431bdc0-7a42-4f5e-a86a-fc2b174f08bf,6c77c2c8-de8c-477c-b5e3-cdab13a925c6,f2743829-9058-4a1e-aaf0-1a536e6508b9
ba25be14-a584-4eb5-acf5-e9b4fd4f76aa,Hi,INCOMING,2026-06-28 02:24:18,wamid.HBgMOTE3MDUwMDQ3MTU5FQIAEhggQUM1RjRDRTE4MDBEODUzMzlFMDMwQjU5QzZGRjQ0M0IA,9431bdc0-7a42-4f5e-a86a-fc2b174f08bf,6c77c2c8-de8c-477c-b5e3-cdab13a925c6,f2743829-9058-4a1e-aaf0-1a536e6508b9
9a24df8a-0f8b-4555-a41d-25b6a8a8b9be,"≡ƒæï Welcome back, HIMANSHU!

Thank you for connecting with Gyan VaniAI again. How can I assist you today?

Please select an option from the menu below.

Options: ≡ƒÆ╗ Book Service, ≡ƒÆ╗ Enquire Now, ≡ƒñû AI Solutions, ≡ƒÆ¼ WhatsApp Automation, ≡ƒîÉ Website Chat Widget, ≡ƒôé About & Contact, ≡ƒåÿ Human Support, ≡ƒÄ½ Get Support",OUTGOING,2026-06-28 02:24:31.973449,wamid.HBgMOTE3MDUwMDQ3MTU5FQIAERgSQkIwODk0MjhDRjM1QTNDMTA5AA==,9431bdc0-7a42-4f5e-a86a-fc2b174f08bf,6c77c2c8-de8c-477c-b5e3-cdab13a925c6,f2743829-9058-4a1e-aaf0-1a536e6508b9
f2204bd2-fff3-4406-909c-6eafbf2c37a5,≡ƒÆ╗ Book Service,INCOMING,2026-06-28 02:31:03,wamid.HBgMOTE3MDUwMDQ3MTU5FQIAEhggQUNCOTcwODE2MzMxMzIyNUFDQURFMzZERDBGMEYzNTIA,9431bdc0-7a42-4f5e-a86a-fc2b174f08bf,6c77c2c8-de8c-477c-b5e3-cdab13a925c6,f2743829-9058-4a1e-aaf0-1a536e6508b9
16792534-e251-4ce3-b90d-9c385d05459c,≡ƒæï What is your full name?,OUTGOING,2026-06-28 02:31:06.009856,wamid.HBgMOTE3MDUwMDQ3MTU5FQIAERgSM0ZDNEIyMUE5OUY2ODUwMDMyAA==,9431bdc0-7a42-4f5e-a86a-fc2b174f08bf,6c77c2c8-de8c-477c-b5e3-cdab13a925c6,f2743829-9058-4a1e-aaf0-1a536e6508b9
c3e1e47d-348b-4bf1-9dba-7e1809d23d47,Himanshu,INCOMING,2026-06-28 02:31:24,wamid.HBgMOTE3MDUwMDQ3MTU5FQIAEhggQUM2M0MwODcwQjFENEZEQjExQzdCRDEwMDEyMDAxNzMA,9431bdc0-7a42-4f5e-a86a-fc2b174f08bf,6c77c2c8-de8c-477c-b5e3-cdab13a925c6,f2743829-9058-4a1e-aaf0-1a536e6508b9
42385a7e-09bb-4ccf-97df-7fdd75dadeba,≡ƒô▒ Please provide your contact number:,OUTGOING,2026-06-28 02:31:25.822426,wamid.HBgMOTE3MDUwMDQ3MTU5FQIAERgSMjYzN0ZCNTI2M0MzNzg3RUMyAA==,9431bdc0-7a42-4f5e-a86a-fc2b174f08bf,6c77c2c8-de8c-477c-b5e3-cdab13a925c6,f2743829-9058-4a1e-aaf0-1a536e6508b9
c59d9141-d9e1-43e4-878d-261f2063fb7f,70500 47159,INCOMING,2026-06-28 02:31:27,wamid.HBgMOTE3MDUwMDQ3MTU5FQIAEhggQUMxNjc0MDhENjdFQjUxODY1MkM5QjVBNkRBMjg5Q0YA,9431bdc0-7a42-4f5e-a86a-fc2b174f08bf,6c77c2c8-de8c-477c-b5e3-cdab13a925c6,f2743829-9058-4a1e-aaf0-1a536e6508b9
641c44f3-59a7-4e77-97f8-33f326aa6f12,≡ƒô⌐ What is your email address?,OUTGOING,2026-06-28 02:31:28.733882,wamid.HBgMOTE3MDUwMDQ3MTU5FQIAERgSOEQxRjVENjQ5OUJGNjFEOEJDAA==,9431bdc0-7a42-4f5e-a86a-fc2b174f08bf,6c77c2c8-de8c-477c-b5e3-cdab13a925c6,f2743829-9058-4a1e-aaf0-1a536e6508b9
1f5f3f8d-3ee7-4fbd-86dd-7784e9e99a85,Hkbharti77@gmail.com,INCOMING,2026-06-28 02:31:31,wamid.HBgMOTE3MDUwMDQ3MTU5FQIAEhggQUNCOTM4Q0U2MTI4QjM5MEYwQjg2REY1REI1NDQ1QjYA,9431bdc0-7a42-4f5e-a86a-fc2b174f08bf,6c77c2c8-de8c-477c-b5e3-cdab13a925c6,f2743829-9058-4a1e-aaf0-1a536e6508b9
06bd45f8-f11b-41c3-8fa4-efcb052fe4dc,"≡ƒÄë *Booking Confirmed!*

≡ƒôî *Booking*

We've reserved your slot. Our team will reach out to confirm details shortly. See you soon! ≡ƒÿè",OUTGOING,2026-06-28 02:31:45.042876,wamid.HBgMOTE3MDUwMDQ3MTU5FQIAERgSNjQ0N0Y0Q0YwQUQ0NDA0QzJGAA==,9431bdc0-7a42-4f5e-a86a-fc2b174f08bf,6c77c2c8-de8c-477c-b5e3-cdab13a925c6,f2743829-9058-4a1e-aaf0-1a536e6508b9
2ae51640-1e18-4b2f-93b1-98bff3e01ad0,Hi,INCOMING,2026-06-28 02:41:28,wamid.HBgMOTE3MDUwMDQ3MTU5FQIAEhggQUM4NUNCQzA5QUNCNEJDOUYzNzAyMzBCRUM3QTFCMzUA,9431bdc0-7a42-4f5e-a86a-fc2b174f08bf,6c77c2c8-de8c-477c-b5e3-cdab13a925c6,f2743829-9058-4a1e-aaf0-1a536e6508b9
83ac16bc-081a-4ef4-8511-0f8236475f16,"≡ƒæï Welcome back, HIMANSHU!

Thank you for connecting with Gyan VaniAI again. How can I assist you today?

Please select an option from the menu below.

Options: ≡ƒÆ╗ Book Appointment, ≡ƒÆ╗ Enquire Now, ≡ƒñû AI Solutions, ≡ƒÆ¼ WhatsApp Automation, ≡ƒîÉ Website Chat Widget, ≡ƒôé About & Contact, ≡ƒåÿ Human Support, ≡ƒÄ½ Get Support",OUTGOING,2026-06-28 02:41:31.927609,wamid.HBgMOTE3MDUwMDQ3MTU5FQIAERgSRDBBNENBNjZCQUNBNUI0M0IzAA==,9431bdc0-7a42-4f5e-a86a-fc2b174f08bf,6c77c2c8-de8c-477c-b5e3-cdab13a925c6,f2743829-9058-4a1e-aaf0-1a536e6508b9
1c465770-0bdc-44ce-8675-bce44e382838,≡ƒÆ╗ Book Appointment,INCOMING,2026-06-28 02:41:37,wamid.HBgMOTE3MDUwMDQ3MTU5FQIAEhggQUNCRjAyMjc1RjE1OTU0RkY2NEMwODZFNzkzOUVCQTYA,9431bdc0-7a42-4f5e-a86a-fc2b174f08bf,6c77c2c8-de8c-477c-b5e3-cdab13a925c6,f2743829-9058-4a1e-aaf0-1a536e6508b9
3e67570c-5460-44ec-867c-3ad1a13ebd2f,Himanshu,INCOMING,2026-06-28 02:41:40,wamid.HBgMOTE3MDUwMDQ3MTU5FQIAEhggQUNBQ0RCRkQ1MTJFOUFGNEI5NjAxOEE0QjlGODM0MjUA,9431bdc0-7a42-4f5e-a86a-fc2b174f08bf,6c77c2c8-de8c-477c-b5e3-cdab13a925c6,f2743829-9058-4a1e-aaf0-1a536e6508b9
e8c5220e-2695-4d01-896e-c0c2871d900f,"Shown before the first question of this flow. Use it to greet the customer or provide a brief introduction.

≡ƒæï What is your full name?",OUTGOING,2026-06-28 02:41:40.228616,wamid.HBgMOTE3MDUwMDQ3MTU5FQIAERgSRjlGOEY3MjAxRDM2QzEyOEY5AA==,9431bdc0-7a42-4f5e-a86a-fc2b174f08bf,6c77c2c8-de8c-477c-b5e3-cdab13a925c6,f2743829-9058-4a1e-aaf0-1a536e6508b9
ce3364a9-c283-40df-b160-d5a668c16f05,≡ƒô▒ Please provide your contact number:,OUTGOING,2026-06-28 02:41:42.178093,wamid.HBgMOTE3MDUwMDQ3MTU5FQIAERgSREFENTg4NEZFRTVFNERFNTdCAA==,9431bdc0-7a42-4f5e-a86a-fc2b174f08bf,6c77c2c8-de8c-477c-b5e3-cdab13a925c6,f2743829-9058-4a1e-aaf0-1a536e6508b9
3d24ce41-8ba4-40e9-9477-6228c9d823ad,"ΓÜá∩╕Å That doesn't look like a valid phone number. Please enter a valid number (e.g., +1234567890).",OUTGOING,2026-06-28 02:41:47.768678,wamid.HBgMOTE3MDUwMDQ3MTU5FQIAERgSMzcyQjE5Q0I5QTExNDFGNjY2AA==,9431bdc0-7a42-4f5e-a86a-fc2b174f08bf,6c77c2c8-de8c-477c-b5e3-cdab13a925c6,f2743829-9058-4a1e-aaf0-1a536e6508b9
8f6b512b-922f-4b27-9d91-33fbe056e0d7,≡ƒô▒ Please provide your contact number:,OUTGOING,2026-06-28 02:41:48.598425,wamid.HBgMOTE3MDUwMDQ3MTU5FQIAERgSMTkyRjIwMzlFQUYyNTkxQzg0AA==,9431bdc0-7a42-4f5e-a86a-fc2b174f08bf,6c77c2c8-de8c-477c-b5e3-cdab13a925c6,f2743829-9058-4a1e-aaf0-1a536e6508b9
6891834d-f11b-4214-b688-0ddf317520b8,"ΓÜá∩╕Å That doesn't look like a valid phone number. Please enter a valid number (e.g., +1234567890).",OUTGOING,2026-06-28 02:41:50.327188,wamid.HBgMOTE3MDUwMDQ3MTU5FQIAERgSRTdFNkJGMkEyRDcyQUZBMkQ0AA==,9431bdc0-7a42-4f5e-a86a-fc2b174f08bf,6c77c2c8-de8c-477c-b5e3-cdab13a925c6,f2743829-9058-4a1e-aaf0-1a536e6508b9
33215153-7514-4028-85b2-7a866ed95f29,≡ƒô▒ Please provide your contact number:,OUTGOING,2026-06-28 02:41:51.153824,wamid.HBgMOTE3MDUwMDQ3MTU5FQIAERgSOUZFMDU1QTlGNzI2ODRBMzUxAA==,9431bdc0-7a42-4f5e-a86a-fc2b174f08bf,6c77c2c8-de8c-477c-b5e3-cdab13a925c6,f2743829-9058-4a1e-aaf0-1a536e6508b9
0c2e1ea3-f150-4826-b1d5-f55d0d2c6eab,≡ƒô⌐ What is your email address?,OUTGOING,2026-06-28 02:41:57.502384,wamid.HBgMOTE3MDUwMDQ3MTU5FQIAERgSRTg3NTVCNUMyNjZENjk1MDRCAA==,9431bdc0-7a42-4f5e-a86a-fc2b174f08bf,6c77c2c8-de8c-477c-b5e3-cdab13a925c6,f2743829-9058-4a1e-aaf0-1a536e6508b9
c76e47e7-e340-42c0-92d7-3de54d3a2362,≡ƒÄé What is your age?,OUTGOING,2026-06-28 02:42:04.156665,wamid.HBgMOTE3MDUwMDQ3MTU5FQIAERgSRkI3RUQyNDcwRTY2MkFDNDUyAA==,9431bdc0-7a42-4f5e-a86a-fc2b174f08bf,6c77c2c8-de8c-477c-b5e3-cdab13a925c6,f2743829-9058-4a1e-aaf0-1a536e6508b9
1bc61822-54e7-4701-905b-8f9f2053c4f9,"≡ƒæñ What is your gender?

Options: Male, Female, Other",OUTGOING,2026-06-28 02:42:11.578081,wamid.HBgMOTE3MDUwMDQ3MTU5FQIAERgSQjNGREE1RTExMjFFMDkwQ0RGAA==,9431bdc0-7a42-4f5e-a86a-fc2b174f08bf,6c77c2c8-de8c-477c-b5e3-cdab13a925c6,f2743829-9058-4a1e-aaf0-1a536e6508b9
2589c9e5-95b1-4b93-b9b5-19ec59028843,≡ƒÆ░ What is your estimated budget?,OUTGOING,2026-06-28 02:42:16.035354,wamid.HBgMOTE3MDUwMDQ3MTU5FQIAERgSRDBDNkE2MjhFQjM3M0VBNjdFAA==,9431bdc0-7a42-4f5e-a86a-fc2b174f08bf,6c77c2c8-de8c-477c-b5e3-cdab13a925c6,f2743829-9058-4a1e-aaf0-1a536e6508b9
a1480726-fb0c-4d0f-a23e-ef5e22c6a15a,≡ƒôì Please share your full address/location:,OUTGOING,2026-06-28 02:42:20.849133,wamid.HBgMOTE3MDUwMDQ3MTU5FQIAERgSMDY4ODYyRjlGRTYxQzc1RkJGAA==,9431bdc0-7a42-4f5e-a86a-fc2b174f08bf,6c77c2c8-de8c-477c-b5e3-cdab13a925c6,f2743829-9058-4a1e-aaf0-1a536e6508b9
6aec3eef-c199-422a-9d96-cd4052fcae22,≡ƒÅÖ∩╕Å Which city are you located in?,OUTGOING,2026-06-28 02:42:27.476562,wamid.HBgMOTE3MDUwMDQ3MTU5FQIAERgSMjRFQzc5M0E0OTg3MEVDQTREAA==,9431bdc0-7a42-4f5e-a86a-fc2b174f08bf,6c77c2c8-de8c-477c-b5e3-cdab13a925c6,f2743829-9058-4a1e-aaf0-1a536e6508b9
458d3af4-782e-4ee3-8c08-25cbd590e466,≡ƒô« What is your pincode/zip code?,OUTGOING,2026-06-28 02:42:28.632163,wamid.HBgMOTE3MDUwMDQ3MTU5FQIAERgSMkM1MDQzOEE3Njg4RDRGRTU4AA==,9431bdc0-7a42-4f5e-a86a-fc2b174f08bf,6c77c2c8-de8c-477c-b5e3-cdab13a925c6,f2743829-9058-4a1e-aaf0-1a536e6508b9
ccc82b5e-2fc7-4579-b4a4-2ac0d5a9a3d4,"≡ƒòÉ When is the best time for us to contact you?

Options: Morning (9amΓÇô12pm), Afternoon (12ΓÇô4pm), Evening (4pmΓÇô8pm)",OUTGOING,2026-06-28 02:42:33.99867,wamid.HBgMOTE3MDUwMDQ3MTU5FQIAERgSMEVFNUFGOENFQTczREJFOTAzAA==,9431bdc0-7a42-4f5e-a86a-fc2b174f08bf,6c77c2c8-de8c-477c-b5e3-cdab13a925c6,f2743829-9058-4a1e-aaf0-1a536e6508b9
671c8b4a-dc37-4f91-aa9b-8f4e404c397f,≡ƒôà Please specify a preferred date (DD/MM/YYYY):,OUTGOING,2026-06-28 02:42:38.253332,wamid.HBgMOTE3MDUwMDQ3MTU5FQIAERgSMEZDNTlDOERFODNFRTc2MjlBAA==,9431bdc0-7a42-4f5e-a86a-fc2b174f08bf,6c77c2c8-de8c-477c-b5e3-cdab13a925c6,f2743829-9058-4a1e-aaf0-1a536e6508b9
7b2ed68a-f512-47bd-b9b1-78ebbc30980a,"ΓÜí How urgent is your requirement?

Options: Immediate, Within a week, Within a month, Just browsing",OUTGOING,2026-06-28 02:42:43.775585,wamid.HBgMOTE3MDUwMDQ3MTU5FQIAERgSREE4NDQ5OUU4QUExNTY0RURDAA==,9431bdc0-7a42-4f5e-a86a-fc2b174f08bf,6c77c2c8-de8c-477c-b5e3-cdab13a925c6,f2743829-9058-4a1e-aaf0-1a536e6508b9
6a069173-17eb-40be-ad46-6964da0f6162,"≡ƒôï Which service category are you interested in?

Options: Consultation, Installation/Setup, Repair/Maintenance, Other",OUTGOING,2026-06-28 02:42:49.418951,wamid.HBgMOTE3MDUwMDQ3MTU5FQIAERgSMTdFNzkxM0MyN0VEMjg3OUZDAA==,9431bdc0-7a42-4f5e-a86a-fc2b174f08bf,6c77c2c8-de8c-477c-b5e3-cdab13a925c6,f2743829-9058-4a1e-aaf0-1a536e6508b9
adfc848e-09c2-4633-b388-aac889ad4174,≡ƒô¥ Please describe your specific requirement in detail:,OUTGOING,2026-06-28 02:42:57.045481,wamid.HBgMOTE3MDUwMDQ3MTU5FQIAERgSNkY4NEZEQUU3RkUyOEE3NkQxAA==,9431bdc0-7a42-4f5e-a86a-fc2b174f08bf,6c77c2c8-de8c-477c-b5e3-cdab13a925c6,f2743829-9058-4a1e-aaf0-1a536e6508b9
b40b6940-1232-4f25-b132-b86226f590b4,Custom Question 1:,OUTGOING,2026-06-28 02:43:02.369528,wamid.HBgMOTE3MDUwMDQ3MTU5FQIAERgSNzNDQjU5NDA2QjM5NjA0RDM0AA==,9431bdc0-7a42-4f5e-a86a-fc2b174f08bf,6c77c2c8-de8c-477c-b5e3-cdab13a925c6,f2743829-9058-4a1e-aaf0-1a536e6508b9
a9aea669-0e4d-4b9f-8fb4-11e418402432,Custom Question 2:,OUTGOING,2026-06-28 02:43:04.651504,wamid.HBgMOTE3MDUwMDQ3MTU5FQIAERgSOTM5MkUwRjc5QkNGQUYyOTkyAA==,9431bdc0-7a42-4f5e-a86a-fc2b174f08bf,6c77c2c8-de8c-477c-b5e3-cdab13a925c6,f2743829-9058-4a1e-aaf0-1a536e6508b9
3530b48b-2aa2-42cf-93e4-1ad7d1c449d7,"Custom Selection 2:

Options: Option X, Option Y, Option Z",OUTGOING,2026-06-28 02:43:09.232935,wamid.HBgMOTE3MDUwMDQ3MTU5FQIAERgSMTQzMDU1NDI0OTAyNzNDNUIzAA==,9431bdc0-7a42-4f5e-a86a-fc2b174f08bf,6c77c2c8-de8c-477c-b5e3-cdab13a925c6,f2743829-9058-4a1e-aaf0-1a536e6508b9
00a944ca-6841-462d-93c5-c96597df555c,Γ£à Your appointment has been booked! Our team will confirm the exact time shortly.,OUTGOING,2026-06-28 02:43:21.672462,wamid.HBgMOTE3MDUwMDQ3MTU5FQIAERgSODVFRjREQzkwQUNFM0RFNDNEAA==,9431bdc0-7a42-4f5e-a86a-fc2b174f08bf,6c77c2c8-de8c-477c-b5e3-cdab13a925c6,f2743829-9058-4a1e-aaf0-1a536e6508b9
0441b656-def2-4c42-814d-455478444fef,70,INCOMING,2026-06-28 02:41:46,wamid.HBgMOTE3MDUwMDQ3MTU5FQIAEhggQUNCNzk4QTFDRDU2Qjc2RTE5NTM3Q0Y3MUIyMjNEQUQA,9431bdc0-7a42-4f5e-a86a-fc2b174f08bf,6c77c2c8-de8c-477c-b5e3-cdab13a925c6,f2743829-9058-4a1e-aaf0-1a536e6508b9
9e18beb6-6101-4aa4-8728-fa975ef7a2bc,Hkbharti77@gmail.com,INCOMING,2026-06-28 02:41:49,wamid.HBgMOTE3MDUwMDQ3MTU5FQIAEhggQUNENzhGNzIyODg0RjEwMzM1Q0RCNkI1MUQxOEMwM0UA,9431bdc0-7a42-4f5e-a86a-fc2b174f08bf,6c77c2c8-de8c-477c-b5e3-cdab13a925c6,f2743829-9058-4a1e-aaf0-1a536e6508b9
d65584b3-5b93-4870-8274-7f1f3f308805,70500 47159,INCOMING,2026-06-28 02:41:56,wamid.HBgMOTE3MDUwMDQ3MTU5FQIAEhggQUM5QTEyOUQzQjkzMEE3QkEwNjMyMTQ2QTJCMjQxOTcA,9431bdc0-7a42-4f5e-a86a-fc2b174f08bf,6c77c2c8-de8c-477c-b5e3-cdab13a925c6,f2743829-9058-4a1e-aaf0-1a536e6508b9
c3fb601d-52c8-4994-9d40-b2f26f42298e,Hkbharti77@gmail.com,INCOMING,2026-06-28 02:42:03,wamid.HBgMOTE3MDUwMDQ3MTU5FQIAEhggQUNDRjI3MTcyQzlENDE4MTkwMTRFQTc2MzhDOTQ1REEA,9431bdc0-7a42-4f5e-a86a-fc2b174f08bf,6c77c2c8-de8c-477c-b5e3-cdab13a925c6,f2743829-9058-4a1e-aaf0-1a536e6508b9
67fee56a-41fe-47d5-83a0-9fab717e1a0c,45,INCOMING,2026-06-28 02:42:10,wamid.HBgMOTE3MDUwMDQ3MTU5FQIAEhggQUM2QkQ1RTMxRTIwQjlGRTJEQUFENjE3M0M2RTJDMEEA,9431bdc0-7a42-4f5e-a86a-fc2b174f08bf,6c77c2c8-de8c-477c-b5e3-cdab13a925c6,f2743829-9058-4a1e-aaf0-1a536e6508b9
a2e01c7e-fd10-43af-949c-207c58e53a70,Male,INCOMING,2026-06-28 02:42:15,wamid.HBgMOTE3MDUwMDQ3MTU5FQIAEhggQUM1MjQ4M0Y1QzUyQkJDRDM4MDlGRjk2NzcyRTI2MTYA,9431bdc0-7a42-4f5e-a86a-fc2b174f08bf,6c77c2c8-de8c-477c-b5e3-cdab13a925c6,f2743829-9058-4a1e-aaf0-1a536e6508b9
7036336a-cc07-4a6c-bc5e-8529a4fe0443,56666,INCOMING,2026-06-28 02:42:19,wamid.HBgMOTE3MDUwMDQ3MTU5FQIAEhggQUM1MkIzMjFGNTcyNThDQTczOTJGNjZBQkMyOUQ1MTEA,9431bdc0-7a42-4f5e-a86a-fc2b174f08bf,6c77c2c8-de8c-477c-b5e3-cdab13a925c6,f2743829-9058-4a1e-aaf0-1a536e6508b9
0d96e6d4-8af2-4015-9af1-439840d1c446,Thhjk,INCOMING,2026-06-28 02:42:26,wamid.HBgMOTE3MDUwMDQ3MTU5FQIAEhggQUM2NjM3RDY4M0FGQjhFRDkwODZBMjIxNUNBQzhEMzAA,9431bdc0-7a42-4f5e-a86a-fc2b174f08bf,6c77c2c8-de8c-477c-b5e3-cdab13a925c6,f2743829-9058-4a1e-aaf0-1a536e6508b9
a45d8f1a-d133-49e2-a4c8-3fe319912b9c,Hhjjk,INCOMING,2026-06-28 02:42:27,wamid.HBgMOTE3MDUwMDQ3MTU5FQIAEhggQUNGQTMyMTJBMEExNzYzQTcwMjIwMUU2OTc4RTNGNTUA,9431bdc0-7a42-4f5e-a86a-fc2b174f08bf,6c77c2c8-de8c-477c-b5e3-cdab13a925c6,f2743829-9058-4a1e-aaf0-1a536e6508b9
4aba9ba0-5bf2-4644-9332-5ac00bad3a18,556777,INCOMING,2026-06-28 02:42:33,wamid.HBgMOTE3MDUwMDQ3MTU5FQIAEhggQUNFNTc4Q0JFMzY4M0VBOEE1RkJCMkYxNjhFRDYxNjEA,9431bdc0-7a42-4f5e-a86a-fc2b174f08bf,6c77c2c8-de8c-477c-b5e3-cdab13a925c6,f2743829-9058-4a1e-aaf0-1a536e6508b9
5c3be0e0-7352-4936-8e70-a38dc382f4d9,Afternoon (12ΓÇô4pm),INCOMING,2026-06-28 02:42:37,wamid.HBgMOTE3MDUwMDQ3MTU5FQIAEhggQUMxOUFCMDIyM0MwMzdFRTNFNUJFMzEzNUY2OTMyNjAA,9431bdc0-7a42-4f5e-a86a-fc2b174f08bf,6c77c2c8-de8c-477c-b5e3-cdab13a925c6,f2743829-9058-4a1e-aaf0-1a536e6508b9
d98cf266-2d88-4658-8878-61a8f137edf5,567788,INCOMING,2026-06-28 02:42:42,wamid.HBgMOTE3MDUwMDQ3MTU5FQIAEhggQUMyNkIzRTcwOUQ1NkVGQThENEM4OTE5Rjk1QTU2N0QA,9431bdc0-7a42-4f5e-a86a-fc2b174f08bf,6c77c2c8-de8c-477c-b5e3-cdab13a925c6,f2743829-9058-4a1e-aaf0-1a536e6508b9
810c7fbd-4e54-48eb-b041-7f7dd5ad925d,Within a week,INCOMING,2026-06-28 02:42:48,wamid.HBgMOTE3MDUwMDQ3MTU5FQIAEhggQUMyNTFGNUMyMjlGNzdCRDFCOEU2MEFBRTQ5OUQ4QzUA,9431bdc0-7a42-4f5e-a86a-fc2b174f08bf,6c77c2c8-de8c-477c-b5e3-cdab13a925c6,f2743829-9058-4a1e-aaf0-1a536e6508b9
f0f8a732-a92d-46fe-ac97-35414c1b311a,Consultation,INCOMING,2026-06-28 02:42:55,wamid.HBgMOTE3MDUwMDQ3MTU5FQIAEhggQUNGMzYwQTczNzA1MUJBMzUwNEE4NEYyQTNDOTExQzQA,9431bdc0-7a42-4f5e-a86a-fc2b174f08bf,6c77c2c8-de8c-477c-b5e3-cdab13a925c6,f2743829-9058-4a1e-aaf0-1a536e6508b9
ab70cd09-4b4e-44cb-8bf9-90b413ebc746,Tiffin,INCOMING,2026-06-28 02:43:01,wamid.HBgMOTE3MDUwMDQ3MTU5FQIAEhggQUNCQzY2QkJFRjlDRDRBMUFENjA2OTdFMjFGMjVFQTUA,9431bdc0-7a42-4f5e-a86a-fc2b174f08bf,6c77c2c8-de8c-477c-b5e3-cdab13a925c6,f2743829-9058-4a1e-aaf0-1a536e6508b9
dcfee084-06da-4cf9-9a2c-62c76b60206b,Hhhn,INCOMING,2026-06-28 02:43:03,wamid.HBgMOTE3MDUwMDQ3MTU5FQIAEhggQUM4OERDODI0MkRFOTg5MjkyMEUyRDk2NTg4QkE3RDQA,9431bdc0-7a42-4f5e-a86a-fc2b174f08bf,6c77c2c8-de8c-477c-b5e3-cdab13a925c6,f2743829-9058-4a1e-aaf0-1a536e6508b9
2d41f105-9153-46d8-be72-f5c040186a0e,Hhhn,INCOMING,2026-06-28 02:43:04,wamid.HBgMOTE3MDUwMDQ3MTU5FQIAEhggQUM1MTQxNEU4MjY2MkQ0MTFDNDUwOTY4RjlEQzZBQTkA,9431bdc0-7a42-4f5e-a86a-fc2b174f08bf,6c77c2c8-de8c-477c-b5e3-cdab13a925c6,f2743829-9058-4a1e-aaf0-1a536e6508b9
04ca0689-3065-430a-83fc-489ad3a7146d,"Custom Selection 1:

Options: Option A, Option B, Option C",OUTGOING,2026-06-28 02:43:05.548564,wamid.HBgMOTE3MDUwMDQ3MTU5FQIAERgSQUYwOUU1QTg0QjkwQ0Q5M0NGAA==,9431bdc0-7a42-4f5e-a86a-fc2b174f08bf,6c77c2c8-de8c-477c-b5e3-cdab13a925c6,f2743829-9058-4a1e-aaf0-1a536e6508b9
e3772c56-e531-4b2a-aee0-d71fbf811ad5,Option B,INCOMING,2026-06-28 02:43:08,wamid.HBgMOTE3MDUwMDQ3MTU5FQIAEhggQUNBQ0NCRDg1NDlCOUVEQzI1RUMwRDYyNkM2RDA2RTEA,9431bdc0-7a42-4f5e-a86a-fc2b174f08bf,6c77c2c8-de8c-477c-b5e3-cdab13a925c6,f2743829-9058-4a1e-aaf0-1a536e6508b9
3188e532-aef4-405e-8d52-6bd855c3c05e,Option Y,INCOMING,2026-06-28 02:43:12,wamid.HBgMOTE3MDUwMDQ3MTU5FQIAEhggQUM3MzNENzkwNzFENkU4NzFFN0Y2RThFMjE5ODQ1RjkA,9431bdc0-7a42-4f5e-a86a-fc2b174f08bf,6c77c2c8-de8c-477c-b5e3-cdab13a925c6,f2743829-9058-4a1e-aaf0-1a536e6508b9
bf5a6688-b958-4a31-aeb7-c8a347b0951b,Hi,INCOMING,2026-06-28 04:18:09,wamid.HBgMOTE3MDUwMDQ3MTU5FQIAEhggQUNGNEI2NzExRDQ1QzI5NzVBOTYwNDk4NTFBNENBRTIA,9431bdc0-7a42-4f5e-a86a-fc2b174f08bf,6c77c2c8-de8c-477c-b5e3-cdab13a925c6,f2743829-9058-4a1e-aaf0-1a536e6508b9
ecbf2e5c-6484-4220-b558-ec5032b773eb,"≡ƒæï Welcome back, HIMANSHU!

Thank you for connecting with Gyan VaniAI again. How can I assist you today?

Please select an option from the menu below.

Options: ≡ƒÆ╗ Book Appointment, ≡ƒÆ╗ Enquire Now, ≡ƒñû AI Solutions, ≡ƒÆ¼ WhatsApp Automation, ≡ƒîÉ Website Chat Widget, ≡ƒôé About & Contact, ≡ƒåÿ Human Support, ≡ƒÄ½ Get Support",OUTGOING,2026-06-28 04:18:16.503545,wamid.HBgMOTE3MDUwMDQ3MTU5FQIAERgSQkQ3OTlENDY4QjU0NzRDQThFAA==,9431bdc0-7a42-4f5e-a86a-fc2b174f08bf,6c77c2c8-de8c-477c-b5e3-cdab13a925c6,f2743829-9058-4a1e-aaf0-1a536e6508b9
80a8fb5d-44ec-4744-b4ef-f50037df64ad,≡ƒÆ╗ Book Appointment,INCOMING,2026-06-28 04:19:20,wamid.HBgMOTE3MDUwMDQ3MTU5FQIAEhggQUMwODk4RjgwRTAyOEVEODZBREZEOTQ4RTcwRDI4MzgA,9431bdc0-7a42-4f5e-a86a-fc2b174f08bf,6c77c2c8-de8c-477c-b5e3-cdab13a925c6,f2743829-9058-4a1e-aaf0-1a536e6508b9
e5fbf9e9-c947-4c66-b792-989aa6996ddc,"Shown before the first question of this flow. Use it to greet the customer or provide a brief introduction.

≡ƒæï What is your full name?",OUTGOING,2026-06-28 04:19:22.329059,wamid.HBgMOTE3MDUwMDQ3MTU5FQIAERgSNjIyQjFDNUExMUI3NzgyQ0VFAA==,9431bdc0-7a42-4f5e-a86a-fc2b174f08bf,6c77c2c8-de8c-477c-b5e3-cdab13a925c6,f2743829-9058-4a1e-aaf0-1a536e6508b9
bce98ee1-e3af-4ab9-be78-cda821fa43d1,Himanshu,INCOMING,2026-06-28 04:19:25,wamid.HBgMOTE3MDUwMDQ3MTU5FQIAEhggQUMzRUUyQUZEQjA1RjAzM0JFNjE3NDU5QUNBOEE4QjIA,9431bdc0-7a42-4f5e-a86a-fc2b174f08bf,6c77c2c8-de8c-477c-b5e3-cdab13a925c6,f2743829-9058-4a1e-aaf0-1a536e6508b9
77a28e69-02b7-4ea1-9e6b-f4801c868cf3,≡ƒô▒ Please provide your contact number:,OUTGOING,2026-06-28 04:19:27.428016,wamid.HBgMOTE3MDUwMDQ3MTU5FQIAERgSQzg0RTFBNjM0Qzc0M0E3NEVCAA==,9431bdc0-7a42-4f5e-a86a-fc2b174f08bf,6c77c2c8-de8c-477c-b5e3-cdab13a925c6,f2743829-9058-4a1e-aaf0-1a536e6508b9
2cac0188-7467-44ff-a111-1f685564676a,70500 47159,INCOMING,2026-06-28 04:19:27,wamid.HBgMOTE3MDUwMDQ3MTU5FQIAEhggQUNEODA1Nzk0NzRFQTMxN0FGM0UwNkIwMEYyNTk0MDYA,9431bdc0-7a42-4f5e-a86a-fc2b174f08bf,6c77c2c8-de8c-477c-b5e3-cdab13a925c6,f2743829-9058-4a1e-aaf0-1a536e6508b9
a16ccb3f-3873-4373-bf49-7fc60dea199c,≡ƒô⌐ What is your email address?,OUTGOING,2026-06-28 04:19:28.358153,wamid.HBgMOTE3MDUwMDQ3MTU5FQIAERgSNEQ4OTMxQTQ0QkZCQzZDREE4AA==,9431bdc0-7a42-4f5e-a86a-fc2b174f08bf,6c77c2c8-de8c-477c-b5e3-cdab13a925c6,f2743829-9058-4a1e-aaf0-1a536e6508b9
9aa6a5c2-e52b-4479-aa72-b180c9304e87,Himanshukumar02001@gmail.com,INCOMING,2026-06-28 04:19:33,wamid.HBgMOTE3MDUwMDQ3MTU5FQIAEhggQUM0MDREMUVFMjREOTYxMDY2MTBFQ0FGMzgyNUQyOEUA,9431bdc0-7a42-4f5e-a86a-fc2b174f08bf,6c77c2c8-de8c-477c-b5e3-cdab13a925c6,f2743829-9058-4a1e-aaf0-1a536e6508b9
ce339396-9e7e-498f-8627-d731efa872a4,≡ƒÅÖ∩╕Å Which city are you located in?,OUTGOING,2026-06-28 04:19:35.179402,wamid.HBgMOTE3MDUwMDQ3MTU5FQIAERgSOUEwNDE3RkQ4MDE4RDMyRDA5AA==,9431bdc0-7a42-4f5e-a86a-fc2b174f08bf,6c77c2c8-de8c-477c-b5e3-cdab13a925c6,f2743829-9058-4a1e-aaf0-1a536e6508b9
e9c6b22f-ba18-4cb6-92f9-f60401c3c3d5,Ghnnm,INCOMING,2026-06-28 04:19:39,wamid.HBgMOTE3MDUwMDQ3MTU5FQIAEhggQUM0QjE4M0IzOUY2RDU1QTMzMkY5MEVBNzJGQUEwMkUA,9431bdc0-7a42-4f5e-a86a-fc2b174f08bf,6c77c2c8-de8c-477c-b5e3-cdab13a925c6,f2743829-9058-4a1e-aaf0-1a536e6508b9
4fb494fe-683b-4434-b0e4-04f4ff795c23,"≡ƒôï Which service category are you interested in?

Options: Consultation, Installation/Setup, Repair/Maintenance, Other",OUTGOING,2026-06-28 04:19:40.513373,wamid.HBgMOTE3MDUwMDQ3MTU5FQIAERgSN0MwM0VERDcxQzE1MTgyNjAxAA==,9431bdc0-7a42-4f5e-a86a-fc2b174f08bf,6c77c2c8-de8c-477c-b5e3-cdab13a925c6,f2743829-9058-4a1e-aaf0-1a536e6508b9
8bd64797-358c-4375-a059-e1edcdb49968,Installation/Setup,INCOMING,2026-06-28 04:19:44,wamid.HBgMOTE3MDUwMDQ3MTU5FQIAEhggQUNBRkJEODNDNEQxQTIyRkRENDE1M0VDQUEyNTRGRDIA,9431bdc0-7a42-4f5e-a86a-fc2b174f08bf,6c77c2c8-de8c-477c-b5e3-cdab13a925c6,f2743829-9058-4a1e-aaf0-1a536e6508b9
93308172-44d1-49ca-8474-ed076558364d,Γ£à Your appointment has been booked! Our team will confirm the exact time shortly.,OUTGOING,2026-06-28 04:19:54.883039,wamid.HBgMOTE3MDUwMDQ3MTU5FQIAERgSN0ZCQzZGRUREQUM5N0I0NjVBAA==,9431bdc0-7a42-4f5e-a86a-fc2b174f08bf,6c77c2c8-de8c-477c-b5e3-cdab13a925c6,f2743829-9058-4a1e-aaf0-1a536e6508b9
